{"type":"FeatureCollection","features":[{"type":"Feature","properties":{"NAME":"","FROM":""},"geometry":{"type":"MultiLineString","coordinates":[[[120.56792208490229,23.255127620373447],[120.56808951302182,23.255184755784217]],[[120.57322881343306,23.24927387879766],[120.57481766286571,23.24971786690634],[120.57651826073933,23.249443504001796]],[[120.56756421668327,23.254775568046686],[120.56903001422549,23.25210691753051],[120.5704272569437,23.251338423491642],[120.571048095025,23.249940054993914],[120.57315496249021,23.249287961268344]],[[120.66018773909752,23.65898150681318],[120.6610966171054,23.65805952686436],[120.66224243917449,23.65807391411889]],[[120.66000635762332,23.659111386528572],[120.65957736369587,23.659656540320302],[120.66047397864129,23.661598633605507],[120.6599060478028,23.662340135346316]],[[120.66006672519083,23.65907301553506],[120.66005339115867,23.659081490953564]],[[120.66246323539359,23.659480848321337],[120.66241357458985,23.66167739214379],[120.66140641780058,23.661107420437993],[120.66006672519083,23.65907301553506]],[[120.66236733395498,23.662318388536427],[120.66251847325479,23.661859911431062]],[[120.6599060478028,23.662340135346316],[120.65935170899726,23.662454063248035],[120.65910578230088,23.661907198057452],[120.65846734783645,23.662248952598116]],[[120.6630819059914,23.66579294316165],[120.66300668902646,23.664505094838557],[120.66178037259215,23.66287473011733],[120.66236733395498,23.662318388536427]],[[120.6598858931284,23.66264260424035],[120.6602593954741,23.664187586550078]],[[120.66161073692308,23.664509578100393],[120.6598858931284,23.66264260424035]],[[120.6602593954741,23.664187586550078],[120.65993942286501,23.66472418890497],[120.66070426776277,23.665260893700456]],[[120.6602593954741,23.664187586550078],[120.66111199445461,23.66480349468035],[120.66161073692308,23.664509578100393]],[[120.6630819059914,23.66579294316165],[120.66230251449768,23.66499571423367]],[[120.66230251449768,23.66499571423367],[120.66158380956935,23.665773005961643],[120.66320690573005,23.66760919272102],[120.66283090342681,23.669540890852584]],[[120.66402090980252,23.66723441137456],[120.6630819059914,23.66579294316165]],[[120.63094712967046,23.15113953707211],[120.6333332736722,23.15010434209174],[120.63740699689822,23.15360839226149]],[[120.69452648026372,23.73954457082954],[120.69105598616517,23.741608961538752],[120.68710232758971,23.74619300954226]],[[120.65837189648919,23.713454782805503],[120.65821507864959,23.71611787643352],[120.65863225428083,23.71606920387603],[120.6591071460138,23.717490259612422]],[[120.66018773909752,23.65898150681318],[120.65983478840094,23.65821754839841],[120.66014155987787,23.65694500049279]],[[120.65946791970472,23.655783821778364],[120.6581653538717,23.656764696595737],[120.65823390666043,23.659437787646333]],[[120.66197263015061,23.697867625902546],[120.65887622869953,23.6996755851599],[120.65856982706815,23.70041765540046]],[[120.67496446842895,23.6934783272678],[120.66722376144709,23.695104879979812],[120.66284132241236,23.697026579115935]],[[120.6627697377406,23.697056681289453],[120.66212844412955,23.697779237030637]],[[120.66208364207513,23.697804652018718],[120.66197263015061,23.697867625902546]],[[120.66006672519083,23.65907301553506],[120.66018773909752,23.65898150681318]],[[120.6599060478028,23.662340135346316],[120.6598858931284,23.66264260424035]],[[120.66161073692308,23.664509578100393],[120.66230251449768,23.66499571423367]],[[120.6465408805013,23.709861579944878],[120.64484714931591,23.71202246166679]],[[120.6465408805013,23.709861579944878],[120.64291105360503,23.709884454656788]],[[120.65642134165394,23.630115051315443],[120.65401788254128,23.631338734288086]],[[120.6539608054392,23.631368862499343],[120.6534016094634,23.632182157010927],[120.65207412655275,23.632805061354954],[120.64862170206602,23.63221858312765]],[[120.66197263015061,23.697867625902546],[120.66194496466254,23.698066739070704]],[[120.66193216175343,23.69815888358253],[120.66194614111433,23.700195106046223]],[[120.66098649071029,23.72295029410609],[120.66265915147046,23.718494274938198],[120.66157816236596,23.717141682724705],[120.66045085259071,23.712849362810573]],[[120.6604172829585,23.712792247240184],[120.65909364633283,23.710595900045686],[120.65837193326837,23.713438041274756]],[[120.24036363142264,23.75],[120.2405462546777,23.74940970047756]],[[120.6013412025925,23.704329776714985],[120.599825622394,23.70532311929033]],[[120.60018302638112,23.702999772686542],[120.60139273986196,23.704202167595593]],[[120.60051063853447,23.703402492275316],[120.60052309062317,23.70338530437187]],[[120.59925785668086,23.705201733914222],[120.60045455027951,23.70347991207397]],[[120.61796984567427,23.73332627068517],[120.61983637013716,23.734941445545253]],[[120.61035463937253,23.735871202950076],[120.61231155157571,23.736882915572185],[120.61371903356435,23.735590876399687],[120.61587677622684,23.734862767088433]],[[120.61613677232101,23.734357781346876],[120.61702333272848,23.734328422605614],[120.61796984567427,23.73332627068517]],[[120.61796984567427,23.73332627068517],[120.61879182910718,23.732407295426352]],[[120.60958974312315,23.697558052476815],[120.60619690786251,23.697656223854956],[120.60433441952729,23.69670783018094]],[[120.61084722649251,23.697291413351635],[120.60965310682171,23.69754027471187]],[[120.61046150138687,23.697663416904984],[120.60624117722621,23.697771464463468]],[[120.61093326070463,23.697471486863943],[120.61050819556152,23.69765103112375]],[[120.61244133944082,23.696772091518756],[120.61089352769032,23.6968294793945],[120.610970849267,23.697418248850468]],[[120.58554483478774,23.69618416817304],[120.58369526403732,23.69614756499055]],[[120.58686338837639,23.69586717122726],[120.5864822074579,23.696421461131298],[120.58554483478774,23.69618416817304]],[[120.60316423689041,23.695421167489485],[120.60312990930976,23.695422523899452]],[[120.60544641528656,23.69531167463743],[120.60322810623704,23.695418643754433]],[[120.61055358685644,23.695342240892717],[120.60552424363053,23.69528991134073]],[[120.52336738565891,23.693558045753832],[120.5239788065306,23.693670554083695]],[[120.522589035373,23.694104173392173],[120.52336738565891,23.693558045753832]],[[120.52336738565891,23.693558045753832],[120.52368115811439,23.693096251134953]],[[120.60270964873354,23.694199941507115],[120.60268177146779,23.694218183512863]],[[120.60367761119136,23.6931846335334],[120.60360023130916,23.69379166547226],[120.60276150142005,23.69416601069982]],[[120.60898879824403,23.68906050858479],[120.60833587818688,23.690792082882346]],[[120.60823362195539,23.69081257286359],[120.60888610087602,23.689021871676335]],[[120.59693169007028,23.675889778043516],[120.5986436126656,23.674315550913217]],[[120.59694367988901,23.675914848889175],[120.59897376343416,23.67433899081534]],[[120.5986436126656,23.674315550913217],[120.59897951208181,23.67431191706807]],[[120.60785822159032,23.668171963110492],[120.60393164843093,23.67020277521583],[120.60092884285832,23.67266459010891]],[[120.60864920994383,23.66672265201708],[120.60789336398669,23.66812762240438]],[[120.59842320647572,23.674030123628523],[120.5986436126656,23.674315550913217]],[[120.59819652234819,23.672053306619507],[120.59839038243163,23.67398761439165]],[[120.60030747498335,23.67151063983772],[120.59822207853071,23.67196684948682]],[[120.60323807203461,23.665857707027495],[120.60195966771852,23.66756325850144],[120.6019151522307,23.669305868288834],[120.6003589090989,23.671482278756397]],[[120.60494473883584,23.66564523118434],[120.60577390467279,23.666220914880927]],[[120.604848350184,23.665437465605873],[120.60490477058032,23.665601617550067]],[[120.60323807203461,23.665857707027495],[120.604848350184,23.665437465605873]],[[120.6057979271427,23.66613067953605],[120.60483228970072,23.665137186920187]],[[120.60323807203461,23.665857707027495],[120.60358617930984,23.664987242364777]],[[120.63346034641184,23.657772248116256],[120.635603097039,23.657729511901934]],[[120.63237698603544,23.657800875350457],[120.6334079451812,23.657734558879444]],[[120.59123460596403,23.655026787648442],[120.58972692856128,23.653948259904308]],[[120.59480287327096,23.652395089125523],[120.59499517417348,23.65255586926411]],[[120.59204148659167,23.652621006562757],[120.59294290633406,23.652959048966437],[120.59480287327096,23.652395089125523]],[[120.59108156635082,23.65274260865057],[120.59167550912308,23.65298277777557],[120.59199313951666,23.65260138254939]],[[120.58972692856128,23.653948259904308],[120.59032872904326,23.65297468145775],[120.59079118977215,23.653515424617172],[120.59103308714076,23.652788087465265]],[[120.58695322180014,23.65317608453238],[120.58731510859914,23.65204336318015],[120.58804822512256,23.65172026947867]],[[120.58691896782598,23.6539692182981],[120.58698541742677,23.65323934317311]],[[120.58972692856128,23.653948259904308],[120.58860393503133,23.654593120613587],[120.58693942897078,23.654073712104513]],[[120.59480287327096,23.652395089125523],[120.5952111961148,23.652242658906136],[120.59515545896973,23.651472741357605],[120.59662394637022,23.650767763579232]],[[120.57269591340714,23.64524971061068],[120.5702954414968,23.64501147506739],[120.56741588136113,23.645863451067036]],[[120.57441737251693,23.646421161265508],[120.5743472428535,23.645782163075168],[120.5731375319095,23.645128412984736]],[[120.57431156942222,23.635438504057817],[120.57662758167267,23.63258485438807],[120.57700454297803,23.63130576658576]],[[120.56835232339236,23.62984866971749],[120.56689919878276,23.631354131494252],[120.5666534853436,23.63366737934516],[120.56710444592848,23.634901239495274],[120.56582671690941,23.63541232422314],[120.56597301285976,23.636286383457843],[120.56506524983352,23.636109979868692],[120.56369328926853,23.63714342231842],[120.56151784852536,23.63748370891306]],[[120.57010352463958,23.62825846164007],[120.56866538465017,23.62973335544098]],[[120.56886291550782,23.626095107971796],[120.57012241395708,23.628215636970992]],[[120.57533337377056,23.62191412611039],[120.57543572493637,23.620882690665105],[120.57485375017765,23.62028056171246],[120.57239380633408,23.621583120301363],[120.57154664533869,23.624163416588132]],[[120.57753177450455,23.618987563772652],[120.57930163232632,23.618249657298353]],[[120.6120606190988,23.60406967363088],[120.61190182652987,23.603156582970097]],[[120.61232515490875,23.604591222674856],[120.61207209730556,23.604103843506113]],[[120.61291858130129,23.60374645435403],[120.61313161812377,23.601272266865063]],[[120.61276330644304,23.604285273780008],[120.6129235890282,23.60378539005602]],[[120.61409480013302,23.60324328455981],[120.61649209643979,23.60076206382862]],[[120.53083560259189,23.59954844771458],[120.53200652512943,23.59919307205606],[120.5326303304092,23.598410015902196]],[[120.56742273503427,23.623623558372234],[120.5722130364796,23.621557782428933]],[[120.59455671494325,23.655129966300787],[120.59455597966918,23.655130397057352]],[[120.59467105857436,23.655062978586802],[120.59466000879053,23.655069452061184]],[[120.58905915696981,23.660708831879617],[120.58903562016593,23.66069822903464]],[[120.58917173179903,23.660759544445238],[120.58916504945489,23.660756534194796]],[[120.604848350184,23.665437465605873],[120.6047280128369,23.66517755209098]],[[120.61345349249059,23.685189254398125],[120.61349619257534,23.684439797853585],[120.61539705067379,23.683699651845266]],[[120.6132260356655,23.68838725147342],[120.61125107806619,23.68630773775213],[120.6124980962324,23.684360526408934],[120.6131289003982,23.684398237924235],[120.61347165761036,23.685232163469166]],[[120.49616740871552,23.476737190736895],[120.4966324275411,23.477054743537803]],[[120.49616740871552,23.476737190736895],[120.49679627873853,23.47652250046018]],[[120.49535289182043,23.47637561405126],[120.49616740871552,23.476737190736895]],[[120.49433981887059,23.477022496946525],[120.49535289182043,23.47637561405126]],[[120.49535289182043,23.47637561405126],[120.49605562112812,23.475481654765648],[120.49717077660947,23.47509696374694]],[[120.50550438067124,23.473850401661277],[120.50698716069539,23.474421737563173]],[[120.50550438067124,23.473850401661277],[120.50624190606966,23.47320483875874],[120.5078800920012,23.47356896839549]],[[120.50062364574822,23.475594334240434],[120.50163034927135,23.472361647538477]],[[120.50142452617729,23.477150704716454],[120.50056331636547,23.47678145587915]],[[120.50441405846372,23.47733252324204],[120.50333137767723,23.477663184935487],[120.50148078754097,23.477160976848165]],[[120.50186421762837,23.472362395649412],[120.50219415997074,23.473334176422647],[120.50364127764868,23.474113118099602],[120.50550438067124,23.473850401661277]],[[120.50163034927135,23.472361647538477],[120.50186421762837,23.472362395649412]],[[120.50186421762837,23.472362395649412],[120.5030803415811,23.47163936435611]],[[120.50044972511273,23.468946786941487],[120.50025358949627,23.470418044182203],[120.50163034927135,23.472361647538477]],[[120.50062469811614,23.468947347755538],[120.50044972511273,23.468946786941487]],[[120.47673288854165,23.46841109775851],[120.47669401369862,23.468602446958087]],[[120.47785130224041,23.46552936927157],[120.47674509439163,23.468351018179927]],[[120.47935922262378,23.46571500149217],[120.47785130224041,23.46552936927157]],[[120.49518888557319,23.46517785812872],[120.4947869049272,23.465147207789258]],[[120.49921583862739,23.469031100014956],[120.49820496972904,23.468679962751715],[120.49822179728747,23.468075008058214],[120.49612830893696,23.467573860504658],[120.4948304289587,23.465962315998507],[120.4947869049272,23.465147207789258]],[[120.50044972511273,23.468946786941487],[120.49959489434166,23.469034483372983]],[[120.47431159419642,23.464059170095837],[120.47466329073069,23.464843694479203]],[[120.47431159419642,23.464059170095837],[120.47286575371756,23.464532878710994],[120.47219267638081,23.465401986737007],[120.47233790963145,23.467023346520623]],[[120.48418556242855,23.46291139658551],[120.48295881479096,23.463144390164658]],[[120.47429728446,23.464024961812672],[120.47431159419642,23.464059170095837]],[[120.4735357677032,23.462860099220823],[120.47427740124859,23.463977429772523]],[[120.48420155677921,23.462917671564103],[120.48418556242855,23.46291139658551]],[[120.49005181248519,23.467754058663996],[120.48911287250496,23.46819891224678],[120.48750101761333,23.467514104815542],[120.4875542818215,23.465261283388422],[120.48712400551166,23.4641739958722],[120.48742340493341,23.46383635427757],[120.48666550714958,23.462991796644992],[120.48625043940999,23.462870776487073],[120.48598172638769,23.463456848349118],[120.48424522150177,23.462934802305544]],[[120.4947869049272,23.465147207789258],[120.4922055173569,23.465649018279244],[120.49172525911489,23.466006397785556],[120.4917412045746,23.466830438961278],[120.49006384900478,23.467728402704044]],[[120.47316019960743,23.462425399046865],[120.47159085605045,23.463036384842965]],[[120.47800324549307,23.463977316307417],[120.47785130224041,23.46552936927157]],[[120.47666722104479,23.46200000550968],[120.47687526545177,23.462706525431685],[120.47799524973077,23.46332655959602],[120.4779977319508,23.463934091690735]],[[120.4795918100256,23.462286674309325],[120.48018173084112,23.4610786256183]],[[120.48496375737858,23.462383365829197],[120.48807505279635,23.460341606986805]],[[120.48418556242855,23.46291139658551],[120.4849255746571,23.462402716459415]],[[120.60448423554467,23.27912699433492],[120.60555746911028,23.282356153327694]],[[120.60448423554467,23.27912699433492],[120.60573218808507,23.280345912767714],[120.60772002370732,23.281343340465064]],[[120.58941619818529,23.280187496854648],[120.59084115363946,23.279208434351702]],[[120.58629689758214,23.2810630031188],[120.58925543550751,23.280187078010076],[120.59146786271701,23.28077584296626]],[[120.58922942375307,23.29786754053059],[120.58977451067327,23.296680240473673]],[[120.5880804515016,23.29824407385876],[120.58917672844262,23.297915877106053]],[[120.58644234209397,23.298621918136785],[120.5880804515016,23.29824407385876]],[[120.58536256192502,23.29944755797441],[120.58644121790425,23.29867647489438]],[[120.56436906422663,23.24142762150908],[120.56461300844597,23.24202191618995]],[[120.48980453209892,23.562227269148412],[120.48976030508607,23.560978742206558],[120.49027844936649,23.560858078566763],[120.49151632166046,23.55695251674534]],[[120.4898012441629,23.56232217198796],[120.4898022672363,23.562292642062705]],[[120.4869866480458,23.583908167064205],[120.48818006185621,23.581325993053408]],[[120.4869866480458,23.583908167064205],[120.4891265473379,23.58468988983962]],[[120.43116292998143,23.440186783283576],[120.43389029033963,23.441791335272267]],[[120.4461749028722,23.598107861376036],[120.44613773879561,23.597660581443314],[120.44537547372232,23.59737038517355]],[[120.44434838002385,23.596027207730472],[120.44499926037166,23.595860176875004]],[[120.49404604356315,23.52389192980854],[120.49582838498014,23.52545828066367]],[[120.50327369236291,23.54607283715973],[120.50411754711105,23.546666214377094]],[[120.50218322216507,23.545626920211614],[120.50306028970891,23.545970081291074]],[[120.50218322216507,23.545626920211614],[120.50177118750489,23.547095950537674],[120.50277314298849,23.547898300466695]],[[120.49478120368457,23.538255501025574],[120.49541997527452,23.538259478339338]],[[120.49391750626856,23.53603111956609],[120.4943927418833,23.537960763178802]],[[120.49427125786707,23.54417914027673],[120.49504918591882,23.545159222383578]],[[120.49427125786707,23.54417914027673],[120.49368976901918,23.545224657258526]],[[120.4971688512433,23.545296439673642],[120.49856280279882,23.545819382708675],[120.49961469593914,23.546864779077225]],[[120.4971688512433,23.545296439673642],[120.49742896117283,23.54755265274788]],[[120.48908463657263,23.538481097484553],[120.4864979512579,23.53980687414589]],[[120.48908463657263,23.538481097484553],[120.48948021905787,23.54022165000521]],[[120.49107724449796,23.53569454011538],[120.49146286489331,23.536701655603963],[120.49094310831633,23.538406603836293]],[[120.4865375456662,23.53702532957483],[120.48875627311092,23.53581064463627],[120.48911424517232,23.53498288213405],[120.48880826391877,23.534482324965076]],[[120.63427558764408,23.524607797533793],[120.63628217859011,23.526115499512454]],[[120.54601179546252,23.522494234250477],[120.54718312932381,23.521704551065046],[120.54801662823917,23.5222923588856]],[[120.5331336828615,23.506120376623794],[120.53593915647961,23.508475865526165],[120.53769619469183,23.509145248133795],[120.53877352736313,23.51088422651888],[120.54139738779067,23.51258573938142]],[[120.5448955750633,23.51283320251622],[120.54606501827703,23.51360393546552]],[[120.54191543952922,23.511488243119086],[120.54353706379908,23.5118609642247],[120.54486667848228,23.51281471069147]],[[120.53978976529045,23.510231338698745],[120.54084814373219,23.51050354877598],[120.54185844075636,23.511455967275314]],[[120.5475001061302,23.514964535927135],[120.54776875079116,23.516713626758023]],[[120.54861023386579,23.516368763832386],[120.54863009689142,23.51537797067111],[120.54759612451149,23.513684234074155]],[[120.60354648733885,23.499106297404538],[120.60453907149038,23.498227065614472]],[[120.60354648733885,23.499106297404538],[120.60388358525861,23.49818913758322]],[[120.48692334850489,23.453747288866648],[120.48752768767689,23.453371983748845]],[[120.47910004614256,23.457111512851583],[120.48653945777788,23.453780362441478]],[[120.48805653771996,23.51986787584778],[120.48842833211974,23.521523281110248],[120.48982171588196,23.520691356092307]],[[120.49252903117419,23.519740620625115],[120.49283474457093,23.52116138734198]],[[120.51891341854875,23.489863293289563],[120.51994844473725,23.489915767802525],[120.52134231774744,23.488853935320567],[120.5212525194247,23.487942594740943],[120.5219503711028,23.48757367245336],[120.52241680387455,23.48643419978856],[120.523932324855,23.485765936785036]],[[120.51743565099338,23.487367956247393],[120.51719827422598,23.488259574368847],[120.51645015632178,23.488409550675723],[120.51636340446662,23.489151419683715],[120.51526705550846,23.489289227414304],[120.51567709771884,23.490470176931666],[120.5188417019512,23.489849647331987]],[[120.51841760900669,23.483993283554973],[120.51742483946454,23.487305894982146]],[[120.5248614945396,23.45400409057049],[120.52607919079395,23.45510918775854]],[[120.50811716806453,23.398723319332497],[120.50664119327138,23.398105794439044]],[[120.49041090464212,23.39966911622995],[120.49219153634571,23.40079375470615]],[[120.49014934866044,23.40010658905315],[120.48871498141024,23.400965886584974],[120.48744833303344,23.403319986605418]],[[120.49014934866044,23.40010658905315],[120.49005230476202,23.400961674652837],[120.49053570028038,23.40130678425973],[120.49103548367573,23.403470222628926],[120.49053550036152,23.403923862801758]],[[120.4960408164393,23.39932925098238],[120.49657670662023,23.398492910450564],[120.49652111989342,23.395063058899595],[120.49768494692691,23.39478641694828]],[[120.44228352373712,23.598479741729985],[120.442284670769,23.598448782872342]],[[120.44222902552822,23.59842545531657],[120.44194830600408,23.597912362599562],[120.44308812751315,23.59696618348735],[120.44407831591153,23.59710778007405],[120.44434838002385,23.596027207730472]],[[120.4427054541089,23.598326128293227],[120.44302926801213,23.59785592754187]],[[120.4427054541089,23.598326128293227],[120.4432924948652,23.599482476169058]],[[120.4489522144778,23.59808997138675],[120.45039698720011,23.598023467967973],[120.45073714277505,23.59759350675819],[120.45233961240947,23.59821803418937]],[[120.44796653551188,23.598404099577763],[120.44875556619377,23.59815264226221]],[[120.44554740143084,23.59915475025978],[120.44793465526807,23.598414259436577]],[[120.43939579345164,23.600412896317252],[120.44007326947026,23.60055085230266]],[[120.43683578236049,23.60171834121351],[120.43934798444575,23.600456387400524]],[[120.43451532868002,23.600778754730126],[120.43268739654914,23.600992837916735]],[[120.43451532868002,23.600778754730126],[120.43432936740086,23.601375538424268]],[[120.46641463064466,23.590415117604362],[120.47082590315516,23.591301912312986],[120.47332949695864,23.593370848891198],[120.4740362171435,23.59336820653296]],[[120.45958872759759,23.590063229228715],[120.46184177997525,23.589165767433354],[120.46490145192563,23.58958202050764],[120.46640943384492,23.590373946008455]],[[120.4891265473379,23.58468988983962],[120.49163452573143,23.585287265913053],[120.49375056513236,23.584522919459907]],[[120.50605894212678,23.550453209612787],[120.50652663809534,23.550933885694217],[120.50728449164498,23.5501590346418]],[[120.49868539369028,23.556266773213533],[120.49816812394718,23.55800916575089]],[[120.48934956702047,23.56230038708959],[120.4899220792444,23.562418980828756],[120.48982035723179,23.56308845078349],[120.48881743959475,23.563146039078454],[120.48780058037397,23.56252869347458],[120.48709182375573,23.562892823247367],[120.48718197363343,23.563806494784018],[120.48667996513727,23.56397735999303]],[[120.48797672470076,23.571069177029536],[120.48725625177508,23.568330405811846],[120.48528039687663,23.56983928775046],[120.48544958066924,23.572110216560493]],[[120.60587525478198,23.563008960190835],[120.60569973118845,23.564302286677222]],[[120.6071080460714,23.561128519538975],[120.60587537172917,23.56296946810738]],[[120.50240598372878,23.58258599191158],[120.50181027965958,23.582630283994856]],[[120.50989138237357,23.58033047454717],[120.50391916905127,23.58180974130297],[120.50246218121707,23.582576594812306]],[[120.51294111980425,23.579681282776527],[120.51003010534919,23.58029258195067]],[[120.63249520669679,23.58388044783287],[120.63208183300144,23.583887569931974]],[[120.63543407443987,23.585012697081815],[120.63427292925635,23.583948152655253],[120.63254341092515,23.583877717100602]],[[120.43488274642202,23.600637230020155],[120.43451532868002,23.600778754730126]],[[120.44228352373712,23.598479741729985],[120.4427054541089,23.598326128293227]],[[120.44246356927592,23.601035759045256],[120.44305094505464,23.599683049440305]],[[120.44303993584323,23.599639166846426],[120.44229543763693,23.59958498981055],[120.44228352373712,23.598479741729985]],[[120.44305094505464,23.599683049440305],[120.44304607148615,23.599663623453846]],[[120.48144141647869,23.58339617357022],[120.48141225116308,23.582177731657055],[120.4869866480458,23.583908167064205]],[[120.49041090464212,23.39966911622995],[120.49014934866044,23.40010658905315]],[[120.48938322573261,23.394361110427127],[120.48866937911527,23.394771523835765],[120.48871922145305,23.3957723999305],[120.48828869248793,23.39588677785914],[120.48888647263723,23.396761302101368],[120.48874352449525,23.397575416955434],[120.4893917038367,23.397941428780616],[120.48849799255537,23.39849675861251],[120.49041090464212,23.39966911622995]],[[120.49135320911508,23.535439515719208],[120.49107724449796,23.53569454011538]],[[120.48911104335458,23.538465010512972],[120.48908463657263,23.538481097484553]],[[120.48962887722313,23.537385426477744],[120.48916492304924,23.538432187055637]],[[120.49107724449796,23.53569454011538],[120.4896389187106,23.537342967888158]],[[120.49517973324488,23.543179709617565],[120.4971688512433,23.545296439673642]],[[120.49561802266045,23.542385726079075],[120.49517973324488,23.543179709617565]],[[120.49377106672083,23.537644042805614],[120.49389876293642,23.53920544444669],[120.49508050210132,23.540126033332417],[120.49565493519562,23.542335127353716]],[[120.49285828625909,23.536087544017246],[120.49348168133645,23.536422681301786],[120.49371824059179,23.537418888787524]],[[120.49517973324488,23.543179709617565],[120.49427125786707,23.54417914027673]],[[120.5018111348785,23.54417732422489],[120.50159762462299,23.544754425107897],[120.50218322216507,23.545626920211614]],[[120.50074464035782,23.541074678186952],[120.50259195497448,23.543181718860616],[120.5019686899642,23.544145372112496]],[[120.49716697890008,23.537387139080877],[120.49825844539856,23.53735482840883],[120.49878951020777,23.53898473202417],[120.50072129686924,23.5410454952346]],[[120.6034519384327,23.50003012310074],[120.60354648733885,23.499106297404538]],[[120.47575772279978,23.396428785692365],[120.47627729139687,23.396973938769797],[120.47617366527835,23.39784469107183]],[[120.47418124497335,23.396838772488522],[120.47575772279978,23.396428785692365]],[[120.48129285073655,23.394317038404402],[120.4818733891079,23.39497583025061],[120.48163083614466,23.39524062536106]],[[120.48152484824354,23.395617357510822],[120.48199307289356,23.397377430649435],[120.4831275073162,23.39766704159379]],[[120.4930927030923,23.394978249574844],[120.49352895756536,23.39774374366123]],[[120.494818699925,23.393670255645432],[120.49475892176304,23.393596990412966]],[[120.49969749384235,23.39116723927495],[120.49880286380288,23.389666482757534],[120.49930579685285,23.38866491712219]],[[120.50423887862111,23.390878258193716],[120.50612566922146,23.39118403409024]],[[120.50423887862111,23.390878258193716],[120.50478510732866,23.39195942004521],[120.50466973787047,23.393154912268052]],[[120.50696965281234,23.383795216830134],[120.50795609322971,23.3837500704475],[120.50910286747063,23.384633322318802],[120.50988063832882,23.384372854048326]],[[120.51010542223618,23.394776992847806],[120.51182927986234,23.394660307478272]],[[120.50913651178753,23.3966727000207],[120.51005138137894,23.39478796767431]],[[120.50854089924862,23.398240787312325],[120.50910160891793,23.39670520514004]],[[120.50988063832882,23.384372854048326],[120.51067016040155,23.383600250809653]],[[120.50988063832882,23.384372854048326],[120.51168988474723,23.3841296360812]],[[120.51064880145495,23.381021223010773],[120.51132231771243,23.380308059403053]],[[120.51064880145495,23.381021223010773],[120.51088755951794,23.381129517723046]],[[120.50964692708003,23.381640351821954],[120.51040893059492,23.38193070667836]],[[120.59095827610767,23.396537116294976],[120.5929546456728,23.395691589728806]],[[120.58950299339976,23.398247202826653],[120.59092914629286,23.396573513464393]],[[120.65808774671805,23.377142891576682],[120.65539622835135,23.378826604340883]],[[120.65808379245784,23.379396108088013],[120.65664142027545,23.381389651727268]],[[120.65560291083152,23.38738475158996],[120.65369971984964,23.3889158900725]],[[120.65743824011042,23.38670696650012],[120.65566622590357,23.387340751888082]],[[120.65555441214806,23.38594009299449],[120.65461255449611,23.384990320617234]],[[120.65743824011042,23.38670696650012],[120.65563017373537,23.38599023788832]],[[120.50661327956361,23.35435624656307],[120.5041065561329,23.35281997812064]],[[120.50575620159798,23.351077070556805],[120.50811924843259,23.35103713393465],[120.50829387157738,23.351456627115535]],[[120.50575620159798,23.351077070556805],[120.50767760908572,23.348782876570137]],[[120.50467505591048,23.351913580481696],[120.50419144889358,23.351058316005602]],[[120.50829387157738,23.351456627115535],[120.50971393426421,23.352001547711097]],[[120.50829387157738,23.351456627115535],[120.50830733550089,23.352124064520485]],[[120.39587115291091,23.250946768199178],[120.39722654220431,23.251211433206315]],[[120.5729657282853,23.30407844630258],[120.57148960462054,23.30306533404289],[120.56975205955179,23.30436149322953],[120.56635688877819,23.30479917360723],[120.56567065495031,23.30559487968937],[120.56483127419465,23.30549032060252],[120.56327077831382,23.307662244487407],[120.56086238147167,23.308691072028598]],[[120.57707982629766,23.313675935449456],[120.57666670498335,23.313704027838376],[120.57659541925706,23.31491986036551],[120.57717477394417,23.315184274241982],[120.57779194887294,23.316844364195088],[120.57781046502521,23.318815910341375]],[[120.58347606495093,23.29841464687219],[120.58566918203277,23.296698506124915]],[[120.59681437493707,23.305073124556092],[120.59860179923774,23.30308509275337]],[[120.60044349429654,23.30525479939636],[120.60202545511125,23.304712938146395],[120.60333262896654,23.305250668300612],[120.6050342349213,23.304512345414377],[120.60613636117944,23.303319552862042]],[[120.59681413567684,23.305136507034767],[120.60039247326822,23.30526892210443]],[[120.56410214862665,23.284922479391504],[120.5599719071532,23.2879442850768]],[[120.56276808403419,23.282453443931033],[120.56156644627777,23.283476696760484],[120.5597262351768,23.283821631802788],[120.55946940306072,23.284868002043037],[120.5571338237508,23.28644307079751],[120.55683338729943,23.287439092203662]],[[120.58270957651452,23.294294388590238],[120.58484736906757,23.29597663856581],[120.58575688236392,23.29581465992315]],[[120.58235561626579,23.29383385315072],[120.5826884715997,23.29426175314683]],[[120.59226285628664,23.29269032650545],[120.59337433384444,23.290789697594313]],[[120.59226285628664,23.29269032650545],[120.59272769663735,23.29246722790706]],[[120.58614596789938,23.289554614367624],[120.58878992754046,23.28976709869449]],[[120.58545912393247,23.289875133256235],[120.58610165237337,23.289541830703804]],[[120.58621022212768,23.287845814806683],[120.58777857321053,23.28824898956809]],[[120.58621022212768,23.287845814806683],[120.58640160382592,23.286893722022835],[120.58756397713877,23.286229552124425]],[[120.58408109297304,23.278911838395043],[120.58474009217417,23.27880553551623]],[[120.6038298419304,23.278522807774262],[120.61051231170771,23.27822864794062],[120.61282959667548,23.27868515294891]],[[120.6038298419304,23.278522807774262],[120.60448423554467,23.27912699433492]],[[120.59535964017492,23.276790342119586],[120.59644155366551,23.279092961966658],[120.59659094021751,23.280771822240613],[120.59829558401738,23.28178077449534]],[[120.60109596775106,23.27782103674015],[120.60164977222551,23.280769392088875]],[[120.53364306864326,23.250734933000498],[120.53343784734379,23.24939359721855]],[[120.53370586434409,23.25299990190019],[120.53364659491073,23.25078799271384]],[[120.54964126576411,23.2641049875047],[120.54683816792016,23.26515389111953],[120.54624008326924,23.266012841894256],[120.54138610898781,23.26619083080712]],[[120.5460490453282,23.2601307663117],[120.5436258280372,23.25818047250794]],[[120.5460490453282,23.2601307663117],[120.54180459281743,23.26234899437409]],[[120.56307352413917,23.2490203061326],[120.5635243485492,23.248299755143226]],[[120.56054034381361,23.24879356141797],[120.56228495052814,23.249539176425838],[120.56302449699457,23.24902878442216]],[[120.55864039618038,23.248325078902514],[120.56048164301814,23.248774582493265]],[[120.56140194029494,23.25209668603933],[120.56292615225084,23.25162945664796],[120.56408972629143,23.251887191144434],[120.56648642111386,23.25063438840808]],[[120.57651826073933,23.249443504001796],[120.58107831205444,23.250207203453993]],[[120.57651826073933,23.249443504001796],[120.57749847655265,23.24815061942395],[120.58127280089636,23.24795553208542]],[[120.56790517180389,23.255072349405992],[120.57061556235033,23.253186820994053]],[[120.56808951302182,23.255184755784217],[120.56870278957228,23.25585911197711],[120.5686160756159,23.256514908292473]],[[120.56808951302182,23.255184755784217],[120.57056349137514,23.25484339487294],[120.57108155964018,23.254126176296378]],[[120.56467507409195,23.260160156610304],[120.56657785069025,23.26124935107105]],[[120.57434323622483,23.265203502492636],[120.57303769114164,23.264024714052802]],[[120.57584289125539,23.26758336832133],[120.57713888005772,23.266887961914247]],[[120.58286273061027,23.264504300731556],[120.58353178008534,23.26218718553175],[120.583417962152,23.26056075238211]],[[120.58245947441281,23.26727154983328],[120.58286551858825,23.264553222307217]],[[120.5808776208965,23.27034857943874],[120.58244646581745,23.267342283269265]],[[120.58737436065272,23.255829976793763],[120.58714756167817,23.255015465461984],[120.58604176008195,23.254027025322333]],[[120.58864795764285,23.25467082570817],[120.58932888258657,23.254185371543592]],[[120.58779711945081,23.252652472435663],[120.59148138483062,23.24903706476809],[120.59165699472518,23.248187395103244],[120.59337344278754,23.246120611016895],[120.59470113223527,23.242850021295983]],[[120.58779711945081,23.252652472435663],[120.586583271263,23.251415522021322]],[[120.53667412523819,23.243070217331542],[120.53516698800583,23.24329208438462],[120.53271484713318,23.240509447359823]],[[120.5377819136603,23.234183965046707],[120.53528526415575,23.235714723085017],[120.53428233246238,23.235569715531867]],[[120.53957240222047,23.233319738488966],[120.53786935016691,23.23419004561779]],[[120.537207306445,23.230980289036182],[120.53307622226926,23.229665343641106]],[[120.53891388517673,23.231927044019564],[120.53724289868157,23.23104183093808]],[[120.58127280089636,23.24795553208542],[120.58339136552482,23.248032920164913]],[[120.58127280089636,23.24795553208542],[120.58223817663465,23.247529656647856],[120.58317048247679,23.245926286666776]],[[120.56542637148269,23.240267773896537],[120.56611690595642,23.24112840514701],[120.56694362716036,23.240986987625252],[120.56792642065787,23.24167372473669],[120.56803500747779,23.243264708217797]],[[120.55990713533085,23.230881222725458],[120.55962611562406,23.229373498877596]],[[120.56112449332637,23.23328032709551],[120.55991755772699,23.23094257684921]],[[120.41382292212215,23.24949933155222],[120.4137541431515,23.249319213890768]],[[120.49768494692691,23.39478641694828],[120.49783830012137,23.395544924072723],[120.50136188596389,23.395672432953212],[120.50202634903113,23.396309805852685]],[[120.50696965281234,23.383795216830134],[120.50781805635422,23.382603067815413],[120.50964692708003,23.381640351821954]],[[120.4066125865093,23.24703265393452],[120.40532847776134,23.246093421604023]],[[120.65514671722357,23.416026369571664],[120.65331764942549,23.416304302454787]],[[120.65809672750738,23.415550799951422],[120.65518720199846,23.416025490827383]],[[120.494818699925,23.393670255645432],[120.49950162759765,23.392411854248405],[120.50014963010842,23.391863624182676],[120.49969749384235,23.39116723927495]],[[120.49969749384235,23.39116723927495],[120.50000715871867,23.390145226983176],[120.50023850566,23.390611610681155],[120.50254539162887,23.389994548983154]],[[120.5026155690582,23.387941567100135],[120.50302796727367,23.386656815314446],[120.50256380502208,23.38626745786238],[120.50274656651544,23.385534126763865],[120.50343318564335,23.385222248089157],[120.50302069198203,23.384770311757848],[120.50444930688543,23.383846317061444],[120.5060655543551,23.38450353909503],[120.50696965281234,23.383795216830134]],[[120.50254539162887,23.389994548983154],[120.502070183559,23.389133074799002],[120.50260501626298,23.388862200581524],[120.5021977947566,23.38843109649065],[120.50256266602003,23.3879485418831]],[[120.49484634201254,23.394428778179243],[120.49748756596546,23.393988714150996],[120.49768494692691,23.39478641694828]],[[120.58864795764285,23.25467082570817],[120.58779711945081,23.252652472435663]],[[120.58737436065272,23.255829976793763],[120.58841974225922,23.255343652502408],[120.58864795764285,23.25467082570817]],[[120.58732383376311,23.257940157125805],[120.58694762183097,23.25664211787076],[120.58737436065272,23.255829976793763]],[[120.54794480642816,23.26121843736973],[120.5460490453282,23.2601307663117]],[[120.58530653581873,23.288979503224173],[120.58621022212768,23.287845814806683]],[[120.58480156840834,23.290150440159664],[120.58528181751397,23.289009977766803]],[[120.58463623762626,23.290400055437814],[120.58545912393247,23.289875133256235]],[[120.58872644406581,23.29157062025224],[120.59014152612612,23.291925601019297],[120.59175234158177,23.293129701164705],[120.59226285628664,23.29269032650545]],[[120.58545912393247,23.289875133256235],[120.58514216270751,23.29055719869834],[120.58652798556332,23.290507551325383],[120.58869314518266,23.291584350976937]],[[120.50415339618579,23.352483126706822],[120.50467505591048,23.351913580481696]],[[120.50467505591048,23.351913580481696],[120.50575620159798,23.351077070556805]],[[120.6580826941254,23.386417484402607],[120.65743824011042,23.38670696650012]],[[120.50964692708003,23.381640351821954],[120.51064880145495,23.381021223010773]],[[120.50254539162887,23.389994548983154],[120.50423887862111,23.390878258193716]],[[120.49303174528536,23.395027747024546],[120.4930927030923,23.394978249574844]],[[120.47807062474044,23.392480664920022],[120.47823035801113,23.393353352425553],[120.47708208793567,23.394423060649864],[120.47714581383751,23.39524501561964],[120.47577381839464,23.395995879461797],[120.47575772279978,23.396428785692365]],[[120.48154559240626,23.39453094690953],[120.48128380666884,23.393436175742984]],[[120.48229177482096,23.39757666388831],[120.48211757875082,23.398262046717143]],[[120.49127643723952,23.39544796477975],[120.49127971636428,23.395436122219326]],[[120.4930927030923,23.394978249574844],[120.49391598743712,23.39493670784338],[120.49425952787229,23.394247898117126],[120.49484634201254,23.394428778179243]],[[120.49484634201254,23.394428778179243],[120.494818699925,23.393670255645432]],[[120.49529275075797,23.39349918490992],[120.49502399914728,23.393217557975337]],[[120.54804452591677,23.22849493681503],[120.54670371428249,23.228452876666168],[120.54473558491831,23.22671750359888]],[[120.54754211455135,23.228297316527165],[120.54613912828081,23.2271892382442]],[[120.54732877400885,23.228022984823575],[120.54710135789385,23.227007924027014],[120.54545320204221,23.22647219424313]],[[120.47666690451679,23.46200003558958],[120.47662355524783,23.461838837198915]],[[120.46236717631773,23.400249739674734],[120.46351458602616,23.39769570696216]],[[120.46183254547651,23.40037857102164],[120.46227981011317,23.400270792727778]],[[120.46381115120188,23.397172983018244],[120.46581458621313,23.396888611280584],[120.46941270471258,23.398040848632107]],[[120.49128279470119,23.395424973118462],[120.4932549212327,23.39323484481206]],[[120.44914159774396,23.390340379146487],[120.44882130489505,23.391005201059187],[120.44757132045443,23.391589975778636],[120.44424196447055,23.391691007853893]],[[120.4840982808254,23.389674224672216],[120.484258264727,23.38999982984508]],[[120.47725278413085,23.388707764931564],[120.47546211325748,23.38933609780639],[120.47385595970135,23.38893112206744]],[[120.48637346602878,23.388898404968522],[120.48532481030009,23.38844119356204],[120.48947299181688,23.387364444827785],[120.48990267613667,23.387943756611072],[120.49279846125458,23.38800056655644],[120.49036170796202,23.38985506693935]],[[120.49501654271248,23.393204409053315],[120.49404493068549,23.39118761833197],[120.49445996863962,23.39015955292411],[120.49405713606792,23.38870896176141],[120.49500718329999,23.387404953591776],[120.49734829192414,23.386753311911257]],[[120.47860974569319,23.384831739998567],[120.47957291155478,23.384708546548328],[120.48199828832978,23.385739269025112],[120.48395979835715,23.38820190057403],[120.48846328743147,23.385060793643216]],[[120.49904242821677,23.366238492047227],[120.50008815412268,23.36698228471632]],[[120.49983737161621,23.366394659738514],[120.50113515630606,23.366719253099873]],[[120.49904242821677,23.366238492047227],[120.49974439534678,23.366328119381336]],[[120.49582644228892,23.36716273408523],[120.49628537636117,23.36654115354319],[120.49780575959745,23.366105846820922]],[[120.49859823116715,23.366176115858643],[120.49904242821677,23.366238492047227]],[[120.49795398325246,23.366072461574323],[120.49877732653857,23.366777171270492],[120.49859823116715,23.366176115858643]],[[120.49780575959745,23.366105846820922],[120.49795398325246,23.366072461574323]],[[120.46908272177656,23.365800541011946],[120.46966062560378,23.366615535105396],[120.47148602066743,23.366707510791223],[120.47234661668729,23.36580744979254],[120.4727830263077,23.366808969675294]],[[120.46890463680204,23.365658066957053],[120.46903959114876,23.36576603508838]],[[120.49859823116715,23.366176115858643],[120.49821167008146,23.36575273218794]],[[120.49829085795785,23.365687377711897],[120.49979053386892,23.365565912886986]],[[120.49821167008146,23.36575273218794],[120.49823354785708,23.36573467627093]],[[120.4694625754543,23.365147526569572],[120.46890463680204,23.365658066957053]],[[120.46890463680204,23.365658066957053],[120.46805706240558,23.365871893787517],[120.46674621378021,23.36467548878131],[120.46547496451439,23.364969118627076]],[[120.49821167008146,23.36575273218794],[120.49787021374962,23.36473126929672]],[[120.49780575959745,23.366105846820922],[120.49732034656084,23.36575438143434],[120.49749311737015,23.36538020125418],[120.49607190014724,23.364520053698303]],[[120.49787021374962,23.36473126929672],[120.49803644956197,23.364386414227234]],[[120.49803644956197,23.364386414227234],[120.49905784491699,23.36449805025772]],[[120.49275568674645,23.365028576527724],[120.4942234927124,23.364249983064745],[120.49542643893218,23.364766297645136],[120.49607190014724,23.364520053698303]],[[120.46854892184069,23.363729001248817],[120.4679318456876,23.36427545559242],[120.46744165679347,23.364102217001548]],[[120.46923471467146,23.36372004955011],[120.4690366114156,23.364552370623954],[120.4694625754543,23.365147526569572]],[[120.49607190014724,23.364520053698303],[120.49668851458202,23.363786111456598]],[[120.49668851458202,23.363786111456598],[120.49705639439036,23.364611264141583],[120.49787021374962,23.36473126929672]],[[120.46923471467146,23.36372004955011],[120.46854892184069,23.363729001248817]],[[120.46897972885927,23.363473120527914],[120.46923471467146,23.36372004955011]],[[120.49803644956197,23.364386414227234],[120.49889114182672,23.363219800684448],[120.49990876869424,23.362719650743596]],[[120.49593051207752,23.362670751008586],[120.49604464983507,23.363506372879463],[120.49668851458202,23.363786111456598]],[[120.46758822070178,23.36223066162575],[120.46755414360284,23.362158943371288]],[[120.46854892184069,23.363729001248817],[120.4676115013382,23.362279657694344]],[[120.49879119617538,23.361831152199144],[120.49950584691969,23.36198243416915],[120.49990876869424,23.362719650743596]],[[120.49593051207752,23.362670751008586],[120.49801081588312,23.36259391913273],[120.49879119617538,23.361831152199144]],[[120.49518515118406,23.361803754037766],[120.49593051207752,23.362670751008586]],[[120.49518515118406,23.361803754037766],[120.49517133136706,23.3617811351746]],[[120.49990876869424,23.362719650743596],[120.4997773711894,23.36155890530555]],[[120.49713929880967,23.361629446950555],[120.49518515118406,23.361803754037766]],[[120.49294530757588,23.362415067924495],[120.49375935783911,23.36192783277912],[120.49371022012942,23.36132042295447],[120.49517133136706,23.3617811351746]],[[120.49564686196044,23.359243046642987],[120.49603181902506,23.359799614166636],[120.49780306336844,23.36039450570965],[120.49879119617538,23.361831152199144]],[[120.50739026644223,23.35972533963925],[120.50641243088793,23.359943484992044],[120.50616939966021,23.360597376543527],[120.50516276302676,23.36067543696306],[120.50099576400636,23.358957716530174]],[[120.49789300839427,23.358830389693395],[120.49817406183982,23.359540128453915]],[[120.49832021863017,23.358615047793027],[120.4997740244673,23.36032407552401],[120.50091665586159,23.36053541406688]],[[120.49832021863017,23.358615047793027],[120.49789300839427,23.358830389693395]],[[120.49789300839427,23.358830389693395],[120.49754607512972,23.35836198455983]],[[120.50099576400636,23.358957716530174],[120.50216500166503,23.35823908914487],[120.50284258016006,23.359164556684387],[120.50298311036576,23.35842230876587],[120.5039763804277,23.358238121412494]],[[120.5039763804277,23.358238121412494],[120.50500380018183,23.358636457276482],[120.50670114222092,23.35816552919247]],[[120.50099576400636,23.358957716530174],[120.49996678536976,23.358961199222858],[120.49991815900295,23.358412485785443],[120.49873173360552,23.357912047433736],[120.49832021863017,23.358615047793027]],[[120.5039763804277,23.358238121412494],[120.50455831576673,23.35767787858314]],[[120.47958954362223,23.355490499861368],[120.4815923452282,23.355770339074454]],[[120.47958954362223,23.355490499861368],[120.48068932659118,23.356498733586616],[120.4815923452282,23.355770339074454]],[[120.4815923452282,23.355770339074454],[120.4830048369619,23.355592167137168],[120.48412346848471,23.356178281354453],[120.4842693217071,23.356779239662867]],[[120.47863068480095,23.355889110599993],[120.47926354927755,23.35511693237218],[120.47958954362223,23.355490499861368]],[[120.49748034197866,23.356554343454974],[120.49632742656192,23.353838675302015]],[[120.4976632130502,23.35660381843181],[120.4975564320201,23.35657492931662]],[[120.48552000295301,23.353740343245402],[120.48739823100888,23.35452533769539]],[[120.5002237263449,23.35509728936828],[120.5016569417014,23.35467747884241],[120.5024786927965,23.35390355715543],[120.50235753815839,23.353417819439628],[120.50307443565437,23.353485582339687],[120.50292159641478,23.353132932528514]],[[120.50213259887855,23.35329745378788],[120.50292159641478,23.353132932528514]],[[120.50292159641478,23.353132932528514],[120.50364314429903,23.352543793242237]],[[120.50364314429903,23.352543793242237],[120.50415347025844,23.35248259401001]],[[120.49789622939996,23.355387809701966],[120.49782187719497,23.353353621145256],[120.49662342068581,23.352266198215027]],[[120.49142214494368,23.354470800635593],[120.49186103766255,23.352174173970084]],[[120.47477267320518,23.351894047810177],[120.47507728024044,23.35260164586664]],[[120.45679001649503,23.348915944268725],[120.4562951003726,23.348464992480658]],[[120.39073897351152,23.335357170801224],[120.39136629373384,23.33512034897826]],[[120.28629791744686,23.321957488876333],[120.28511889897308,23.322970182448003],[120.28566678890047,23.32441046296343],[120.28637341220359,23.32490569766497]],[[120.28715746875824,23.32169724985589],[120.28779864228638,23.321253198186962],[120.28729928719724,23.320573814488842],[120.2854673377793,23.320278944621773]],[[120.42298727358619,23.307123007918133],[120.42337356692025,23.30685633314333]],[[120.42258434221033,23.30744768227336],[120.42266839587853,23.307379953704118]],[[120.4225376766298,23.307485284297027],[120.42254488211442,23.307479478290304]],[[120.43330885787398,23.308479556029845],[120.43401174177944,23.30810061527647],[120.43415087721206,23.307279459303547],[120.43307204926172,23.306654794509114]],[[120.43124817929534,23.306476621446446],[120.43148496332388,23.30689056776419]],[[120.430803462649,23.311910603612766],[120.43019618848069,23.31122216942024],[120.43118332837165,23.31027769183706],[120.43090638599398,23.30927218047181],[120.4312458784559,23.308162817204938],[120.43070014587747,23.306763563068653],[120.43124817929534,23.306476621446446]],[[120.41981828770317,23.306497803719825],[120.4201707368831,23.306192122321153]],[[120.43307204926172,23.306654794509114],[120.43363021255406,23.306216642166653]],[[120.42609882593774,23.30617112940371],[120.42516384220899,23.308661999713486]],[[120.4201707368831,23.306192122321153],[120.42029298256485,23.30608422655727]],[[120.43307204926172,23.306654794509114],[120.43158778134871,23.306098628823772],[120.43124817929534,23.306476621446446]],[[120.42337356692025,23.30685633314333],[120.42482061686084,23.30681652545255],[120.42503425538304,23.306054348428688]],[[120.42503425538304,23.306054348428688],[120.42609882593774,23.30617112940371]],[[120.42609882593774,23.30617112940371],[120.42706195968815,23.30519725799905]],[[120.42337356692025,23.30685633314333],[120.4232521023635,23.305167434357745]],[[120.43363021255406,23.306216642166653],[120.43396123101712,23.305186252026964],[120.43364310440002,23.304787815533672]],[[120.42533011062892,23.30412996842714],[120.42597232940751,23.304879493312125]],[[120.42503425538304,23.306054348428688],[120.42458438310469,23.304928561236927],[120.42533011062892,23.30412996842714]],[[120.431932270415,23.304034448992137],[120.43093760832345,23.30441457757897],[120.42980356483521,23.304155376202957]],[[120.43247342130459,23.303932102944803],[120.431932270415,23.304034448992137]],[[120.43364310440002,23.304787815533672],[120.43249735356889,23.303978704499553]],[[120.43363021255406,23.306216642166653],[120.43506233715728,23.305953200602296],[120.43451437979523,23.303632968027554],[120.43392716580645,23.303596986302633],[120.43470348657242,23.30308287072337]],[[120.4358546762537,23.302915468597124],[120.43673493970287,23.303216600572686],[120.43698563663608,23.30408205058483],[120.43824625639485,23.304007568388577]],[[120.43470348657242,23.30308287072337],[120.4358546762537,23.302915468597124]],[[120.42533011062892,23.30412996842714],[120.42527505890047,23.30268284821244]],[[120.4207140967689,23.305291231756478],[120.4219131997228,23.303762970791258],[120.42114403806609,23.30251636896702]],[[120.4201707368831,23.306192122321153],[120.42046664644602,23.3064279774633],[120.42067160700802,23.305751466047475]],[[120.42003076692639,23.302938866387592],[120.42114403806609,23.30251636896702]],[[120.4366805058152,23.301909431482525],[120.43842364094441,23.30239874610808]],[[120.4358546762537,23.302915468597124],[120.43591623496233,23.302188841996294],[120.4366805058152,23.301909431482525]],[[120.42527505890047,23.30268284821244],[120.42377248310962,23.30176989261518]],[[120.42114403806609,23.30251636896702],[120.42136529683651,23.30139306979379]],[[120.42980356483521,23.304155376202957],[120.42581825679194,23.301296620953043]],[[120.42527505890047,23.30268284821244],[120.42581825679194,23.301296620953043]],[[120.4226677719975,23.301048006191387],[120.42377248310962,23.30176989261518]],[[120.42136529683651,23.30139306979379],[120.42221629982919,23.301601626997556],[120.4226677719975,23.301048006191387]],[[120.43364310440002,23.304787815533672],[120.43234219840203,23.302575466930517],[120.43248230338182,23.301779151832367],[120.43152040135612,23.30087726345672]],[[120.431932270415,23.304034448992137],[120.43069225870711,23.30194646671137],[120.43152040135612,23.30087726345672]],[[120.42377248310962,23.30176989261518],[120.42349484630999,23.30083887371394]],[[120.42000598405569,23.300564134405754],[120.42048545840696,23.30141238508589],[120.42136529683651,23.30139306979379]],[[120.4366805058152,23.301909431482525],[120.43680060238276,23.30023720816026],[120.43941874380722,23.301065977569852]],[[120.42260323126281,23.300153889755602],[120.4226677719975,23.301048006191387]],[[120.42581825679194,23.301296620953043],[120.42596505974689,23.30003985767987]],[[120.43470348657242,23.30308287072337],[120.43405861811921,23.303096342139494],[120.43432797040786,23.300533032434092],[120.43478855349001,23.299907167876817],[120.43405154690927,23.29917088700646],[120.43499589493796,23.298063711349457]],[[120.42980356483521,23.304155376202957],[120.42953278763142,23.303350792065693],[120.42997509532294,23.302790339525266],[120.4293864723009,23.302214846056177],[120.42971790981704,23.300310906365162],[120.42840657691224,23.29851159248045],[120.42848021470266,23.297861767855732]],[[120.43470348657242,23.30308287072337],[120.4357743179186,23.300942304840085],[120.43580427318666,23.299691872088058],[120.43651024247588,23.298807296800938],[120.4356620508827,23.297754606196193]],[[120.43499589493796,23.298063711349457],[120.4356620508827,23.297754606196193]],[[120.4356620508827,23.297754606196193],[120.43625494363285,23.29784703133006]],[[120.43499589493796,23.298063711349457],[120.43484935055243,23.297004517164016],[120.43399890320462,23.296157226181684]],[[120.42848021470266,23.297861767855732],[120.42961012305179,23.297082609667257],[120.42937226618793,23.29606145828567]],[[120.43152040135612,23.30087726345672],[120.43230641758531,23.29979661498194],[120.43276577556763,23.2971098566246],[120.43399890320462,23.296157226181684]],[[120.42675505353897,23.294006825949264],[120.4270935314099,23.294486602367186],[120.42986508620882,23.294309350912773],[120.43100770019855,23.294884587607655]],[[120.42848021470266,23.297861767855732],[120.42726680337492,23.29753680226196],[120.42703911591342,23.296806872162726],[120.42605948107438,23.296403747344588],[120.42675505353897,23.294006825949264]],[[120.42675505353897,23.294006825949264],[120.42668240898753,23.29334744257322]],[[120.43399890320462,23.296157226181684],[120.43438383871364,23.295501745852306],[120.43405378638748,23.29487077394364],[120.43249632708869,23.294424979555792],[120.4313548545636,23.293113891374023],[120.43033002855408,23.292812217767228],[120.42989109667548,23.291600733151917],[120.42722764990283,23.289150948875147]],[[120.16542411140605,23.279913351837],[120.16543774775647,23.279735108347282]],[[120.44442890858843,23.279736598570576],[120.44419741523348,23.28243322087158]],[[120.44200654803184,23.277723602894103],[120.44307177814262,23.27916975148531],[120.44431278530169,23.2796775003567]],[[120.47285480287869,23.271783550539972],[120.4742048626366,23.272917622302412],[120.47513710298875,23.27451890830948]],[[120.4722927892786,23.271396592214344],[120.47280036607921,23.271713799672238]],[[120.47215764833194,23.27143638185394],[120.4722927892786,23.271396592214344]],[[120.47124545647937,23.271803927807852],[120.47208300311387,23.2714452954431]],[[120.4722927892786,23.271396592214344],[120.47338073002976,23.27069141535921]],[[120.40455867431635,23.258363800737776],[120.4051937418371,23.25838291833042],[120.4068069811084,23.259912540929445],[120.41025655554485,23.260415219685754]],[[120.40451392201008,23.25806210977522],[120.40452901717732,23.258325484168004]],[[120.40468405983584,23.255516716826907],[120.4052222108079,23.255767018631047]],[[120.40493629882796,23.256371795542726],[120.40468405983584,23.255516716826907]],[[120.40495346952423,23.256449918700856],[120.40494818574768,23.256425878609694]],[[120.43641490126717,23.25615390138676],[120.43524127464876,23.254937608357746]],[[120.40844956792675,23.25462794760091],[120.41093209991078,23.256731799498045]],[[120.39798711997317,23.255960972659054],[120.39777134356036,23.255547111511785],[120.39868620200897,23.254379109655613]],[[120.39868620200897,23.254379109655613],[120.39761801446943,23.254429268762927],[120.3974120108814,23.253503082551173],[120.39781041387388,23.253240499304557]],[[120.39781041387388,23.253240499304557],[120.397690300977,23.252842799124263]],[[120.40293526187065,23.2525555863117],[120.40340381273217,23.25409669632728],[120.40465439924078,23.254938782582453]],[[120.40468405983584,23.255516716826907],[120.40327530996593,23.254764320317033],[120.40293526187065,23.2525555863117]],[[120.40297925760177,23.252226213828834],[120.4033171712047,23.253037785238856],[120.40489923977808,23.25401202386088],[120.40512478065355,23.254791576482564],[120.40618350747036,23.255000939887534]],[[120.40293526187065,23.2525555863117],[120.40297925760177,23.252226213828834]],[[120.40297925760177,23.252226213828834],[120.40309864886858,23.25157887218921]],[[120.39868620200897,23.254379109655613],[120.40123934990076,23.251316824841897],[120.40203089701149,23.251965337513976],[120.40309864886858,23.25157887218921]],[[120.39722654220431,23.251211433206315],[120.39691069275081,23.25289855304339],[120.39781041387388,23.253240499304557]],[[120.38999617053538,23.250680622150973],[120.39183012947046,23.251917762472402]],[[120.3897198508998,23.25044933902244],[120.38999617053538,23.250680622150973]],[[120.42090598514424,23.254749323038975],[120.4236701510236,23.25679883587985]],[[120.41738957531736,23.25006543939815],[120.41916536132236,23.250162214758323],[120.41979732727903,23.250904862444916],[120.42019905777876,23.253429826528883],[120.42090053030059,23.25469382610626]],[[120.41526678053754,23.249590418263725],[120.41738957531736,23.25006543939815]],[[120.41516410223507,23.249707502570445],[120.41526678053754,23.249590418263725]],[[120.41487452655302,23.249727085421476],[120.41512045007079,23.249757279126936]],[[120.41458729070966,23.24941917623041],[120.41484846622316,23.24966474112468]],[[120.41394356279407,23.249480874262858],[120.41453902981274,23.24944345402293]],[[120.41382292212215,23.24949933155222],[120.41387255240328,23.24949155634912]],[[120.41738957531736,23.25006543939815],[120.4181549583303,23.248192538964403],[120.42068721757938,23.248775078845735]],[[120.38452149421335,23.24817442816625],[120.38483307864422,23.247950130246586]],[[120.38444207210806,23.248223990820986],[120.38446604697099,23.24820902953219]],[[120.40309864886858,23.25157887218921],[120.40303129613541,23.25096468563267],[120.40437663152316,23.24930398331106],[120.40521895339774,23.249182993263506],[120.40530827635999,23.248691277670535],[120.40443464405578,23.247769369028617]],[[120.41526678053754,23.249590418263725],[120.41480514033461,23.248302148988145],[120.41514761068254,23.24753372100228]],[[120.40461784763968,23.2468897831558],[120.40613812540823,23.247836674301638]],[[120.40461784763968,23.2468897831558],[120.40443464405578,23.247769369028617]],[[120.39964653528268,23.24671536566836],[120.39987551432692,23.247470098937907],[120.3989522598734,23.24817534193674],[120.39866548882996,23.24979486157098],[120.39722654220431,23.251211433206315]],[[120.38999617053538,23.250680622150973],[120.39010778927472,23.24969922017325],[120.3896579401219,23.24872469403812],[120.3890561827427,23.248663705065542],[120.38905771065767,23.247271101280685],[120.3883289676561,23.2466589170584]],[[120.41506548476274,23.24746401708618],[120.41514761068254,23.24753372100228]],[[120.4136944708728,23.246408842609636],[120.41502050014583,23.247425836598527]],[[120.41373400581143,23.249266478320685],[120.4136944708728,23.246408842609636]],[[120.38292998253756,23.24617098331451],[120.38216924085292,23.24687448724332],[120.38121112555935,23.246818849112532]],[[120.3883289676561,23.2466589170584],[120.3872045092139,23.24619418573933],[120.38541816506363,23.247988486262297],[120.38483307864422,23.247950130246586]],[[120.40532847776134,23.246093421604023],[120.40461784763968,23.2468897831558]],[[120.3840358004307,23.246965240216287],[120.38374700433856,23.245790452162378]],[[120.38374700433856,23.245790452162378],[120.38292998253756,23.24617098331451]],[[120.39372593428529,23.250166736097427],[120.39436639528336,23.249255047281544],[120.39433555206865,23.247462807709493],[120.39491187733033,23.24725055812368],[120.39469879090247,23.245796193574268]],[[120.38483307864422,23.247950130246586],[120.38535694858955,23.246792010912355],[120.38517651305963,23.245746301694055]],[[120.38381981795389,23.24579159208774],[120.38374700433856,23.245790452162378]],[[120.38517651305963,23.245746301694055],[120.38389252666545,23.245804286358748]],[[120.39179949723568,23.250190975362788],[120.39112191500904,23.24983176182551],[120.39110435604532,23.248371365319805],[120.39004995915892,23.246426244948815],[120.388459906427,23.24515621081848],[120.3878521488434,23.245357029913272],[120.3883289676561,23.2466589170584]],[[120.40443464405578,23.247769369028617],[120.4034165649969,23.24770009984601],[120.40254904597855,23.247008428594626],[120.40253623043965,23.244954419446326]],[[120.38292998253756,23.24617098331451],[120.38238688959619,23.244548310018615]],[[120.40253623043965,23.244954419446326],[120.40189284924257,23.244593124765174],[120.40090144530207,23.24489636186435],[120.39996306008732,23.245676039163307],[120.39964653528268,23.24671536566836]],[[120.40532847776134,23.246093421604023],[120.40408890830015,23.245495172100597],[120.40380866299378,23.24456419728982],[120.40253623043965,23.244954419446326]],[[120.41514761068254,23.24753372100228],[120.41640167256212,23.24355896396897]],[[120.39316010246024,23.24511774441692],[120.39330222563251,23.244386993455386],[120.39452153341777,23.243421081266696],[120.39480348364444,23.24384872958543],[120.3956102085002,23.24356511739116],[120.3960960869289,23.244133469563245],[120.39807542391655,23.244391431837485],[120.39839003346377,23.244857569747527],[120.39770457856966,23.24600160301997],[120.399248507747,23.246226331195412],[120.39964653528268,23.24671536566836]],[[120.38517651305963,23.245746301694055],[120.38430003267877,23.244406762449945],[120.3842627714798,23.242772518608486]],[[120.39232250309796,23.242559547692792],[120.39200661576092,23.242463545430024]],[[120.3842627714798,23.242772518608486],[120.38601346878298,23.24245420805849],[120.38856633430844,23.243348709824843],[120.38894992409048,23.244006974411]],[[120.40398083147417,23.240513348024884],[120.40323433367674,23.24183772928834],[120.40518136669807,23.241845002872566],[120.40564078507194,23.243451515111165],[120.40705113873254,23.245181195494922],[120.40808667926896,23.246056292093918],[120.40837998167571,23.245495358244344],[120.40902329182354,23.245448089135834],[120.41030529434235,23.246389550424663]],[[120.3842627714798,23.242772518608486],[120.38511547623361,23.24183460037949],[120.38451628820081,23.24011469593201]],[[120.40398083147417,23.240513348024884],[120.40468423882855,23.240831967433103],[120.4054696239679,23.240101336752858],[120.40699323188379,23.24047716931378]],[[120.38666492090343,23.239806922935916],[120.3869622197612,23.24002472776913]],[[120.46312750432472,23.23986078484496],[120.46539134902697,23.241690009636823],[120.46653695164436,23.241790905364596]],[[120.38451628820081,23.24011469593201],[120.38566665771019,23.23936976497969],[120.38666492090343,23.239806922935916]],[[120.39200661576092,23.242463545430024],[120.39164303922334,23.240430797166514],[120.39237959555358,23.23932314720403]],[[120.39506666320733,23.238446296811528],[120.39722530282317,23.240740806142504]],[[120.39237959555358,23.23932314720403],[120.39279930137872,23.239676840314264],[120.39381057671865,23.23919993394703],[120.39453917308747,23.239545759927424],[120.39506666320733,23.238446296811528]],[[120.38451628820081,23.24011469593201],[120.3843866579293,23.238315341905373]],[[120.39200661576092,23.242463545430024],[120.39119646451886,23.242473993355087],[120.38985657300331,23.24097920374324],[120.38868078392038,23.24094988965431],[120.38955424095754,23.239869838036633],[120.38865127523101,23.23832489596505],[120.38724053316544,23.237561161709532]],[[120.38724053316544,23.237561161709532],[120.38713873824373,23.239219656624826],[120.38666492090343,23.239806922935916]],[[120.395306671584,23.23724869764979],[120.39746052914928,23.237604359359057],[120.3982872725136,23.23879918361033],[120.39971708896496,23.238788744254588],[120.40141746307728,23.240050069805754],[120.40398083147417,23.240513348024884]],[[120.39506666320733,23.238446296811528],[120.395306671584,23.23724869764979]],[[120.45195982774715,23.237053246935066],[120.45224096575323,23.237905194047112]],[[120.45195982774715,23.237053246935066],[120.45310596383885,23.237050398208247]],[[120.45138074587392,23.236581753870944],[120.45195982774715,23.237053246935066]],[[120.38748381634552,23.2359077264166],[120.38710217174483,23.23641633918434],[120.38724053316544,23.237561161709532]],[[120.39237959555358,23.23932314720403],[120.39176096673505,23.23693062351064],[120.39256184251427,23.235227351039782]],[[120.39256184251427,23.235227351039782],[120.393193727902,23.235333551249234],[120.39361808186656,23.236872186268485]],[[120.39228902384063,23.235127015670596],[120.39256184251427,23.235227351039782]],[[120.39760912082222,23.234860332860855],[120.39829534355674,23.235420381482935],[120.40039571237021,23.23509646150138]],[[120.37744419829643,23.234670335689355],[120.37692820613017,23.23488724868161]],[[120.39735539072596,23.23473117446383],[120.39736026593135,23.23473075423573]],[[120.395306671584,23.23724869764979],[120.3949957900845,23.236096427604622],[120.39531597529742,23.23573198546606],[120.39615237854635,23.236229420229233],[120.39651663589113,23.23505712715596],[120.39726744323123,23.234743048911444]],[[120.39736026593135,23.23473075423573],[120.39760912082222,23.234860332860855]],[[120.42843009691055,23.234664127431504],[120.42839874963971,23.23457147181651]],[[120.40179952853697,23.234395258192148],[120.40293571851187,23.234778695140964]],[[120.39760912082222,23.234860332860855],[120.40005581938537,23.234912363119335],[120.40062350456947,23.234273484817486]],[[120.40062350456947,23.234273484817486],[120.40179952853697,23.234395258192148]],[[120.4136944708728,23.246408842609636],[120.4129343549314,23.245090133426082],[120.41351776746467,23.242715526689874],[120.4129054585375,23.241462824506712],[120.40860140333484,23.24042896504164],[120.40874019245376,23.23999611436112],[120.41085763971651,23.239193642518014],[120.41032897893444,23.238417501428707],[120.41044546986751,23.235984765238964],[120.40912203960588,23.234239654600508]],[[120.40040242741452,23.234146259655244],[120.40062350456947,23.234273484817486]],[[120.37661272478834,23.233780078397025],[120.37650018610081,23.23425361062917]],[[120.3781611308332,23.23397571865157],[120.3785247753574,23.23369275390968]],[[120.38497260691238,23.233528179572687],[120.3853120749764,23.234556437666544]],[[120.3829564034465,23.233213431324405],[120.38497260691238,23.233528179572687]],[[120.38234174545231,23.236756838570056],[120.38238549805999,23.23468956958779],[120.38285466271819,23.234113589862595],[120.38340899355974,23.234395607114834],[120.3829564034465,23.233213431324405]],[[120.38497260691238,23.233528179572687],[120.3853366597626,23.23306012131983]],[[120.37701603409889,23.233066182928116],[120.3773898414536,23.232984134683676]],[[120.39406612063472,23.233519996899542],[120.39339346649585,23.232797487979276]],[[120.38870011152345,23.23565677836731],[120.38795490241742,23.234986417045846],[120.3870413711847,23.231888512210165]],[[120.38976333125082,23.23755274228712],[120.38898228762078,23.237060007670873],[120.38871818010925,23.235747588182683]],[[120.3853366597626,23.23306012131983],[120.38611018651491,23.233347487622837],[120.3870413711847,23.231888512210165]],[[120.38357191141712,23.23185482623454],[120.38441091828412,23.23283987485969],[120.3853366597626,23.23306012131983]],[[120.3829564034465,23.233213431324405],[120.38285600460186,23.232506594120657],[120.38357191141712,23.23185482623454]],[[120.38357191141712,23.23185482623454],[120.38359316270609,23.231816538934456]],[[120.38359316270609,23.231816538934456],[120.38350140500513,23.231755244512485]],[[120.39567019350588,23.231881272781557],[120.39712783163475,23.232942330885557],[120.39923262787575,23.232986247831487],[120.39742272027554,23.234006482658362],[120.39736026593135,23.23473075423573]],[[120.39339346649585,23.232797487979276],[120.39359988595952,23.23220243478901],[120.39560345468806,23.23182210684445]],[[120.37847731179977,23.231464896427436],[120.37925029170702,23.23207730349819]],[[120.38402739477286,23.231420979959506],[120.38548357743929,23.231966027586367],[120.38589670604843,23.231640349284252]],[[120.38359316270609,23.231816538934456],[120.38402739477286,23.231420979959506]],[[120.3894709017134,23.235170530638367],[120.38890538612584,23.233511704573974],[120.38960903539537,23.231354411994104]],[[120.38402739477286,23.231420979959506],[120.38441548232122,23.230682176443093]],[[120.37826272720906,23.231109708072104],[120.37846320719687,23.2303453671617]],[[120.38960903539537,23.231354411994104],[120.39010054771906,23.230300003362057]],[[120.39010054771906,23.230300003362057],[120.39122263619362,23.231615614285058],[120.39109241061102,23.232362185628407],[120.39339346649585,23.232797487979276]],[[120.39944041206972,23.22980467349663],[120.40030105699657,23.23002228710866]],[[120.39963953955674,23.230850933586193],[120.39927309494207,23.23232959266517],[120.40194280312637,23.233359796974135],[120.40179952853697,23.234395258192148]],[[120.39944041206972,23.22980467349663],[120.39959439478166,23.230772030942884]],[[120.3870413711847,23.231888512210165],[120.38659953760684,23.230907262204493],[120.38726696844276,23.229555617811215]],[[120.38726696844276,23.229555617811215],[120.38960903539537,23.231354411994104]],[[120.39367042187155,23.228447038609204],[120.39585846651227,23.229764304480977]],[[120.39367042187155,23.228447038609204],[120.39397014076494,23.229802398103622]],[[120.39096731879951,23.227617451387783],[120.39204609977865,23.227815665554427]],[[120.39010054771906,23.230300003362057],[120.39096731879951,23.227617451387783]],[[120.39204609977865,23.227815665554427],[120.39308223365903,23.22747427970506]],[[120.39354244506097,23.22735189050383],[120.39367042187155,23.228447038609204]],[[120.39308223365903,23.22747427970506],[120.39354244506097,23.22735189050383]],[[120.39354244506097,23.22735189050383],[120.39820828189247,23.22751838878328],[120.39944041206972,23.22980467349663]],[[120.43565545464712,23.227238747099367],[120.43373299386481,23.23060873032343]],[[120.3848956527547,23.22702541758019],[120.3850742009465,23.227292432146005]],[[120.37863491630927,23.226820603672525],[120.37977409143298,23.23074996275268]],[[120.40210647923527,23.226675121521],[120.40280646797233,23.227210332481143]],[[120.40168506380705,23.2304652927204],[120.40212169680845,23.229692772173884],[120.40138581966357,23.228830139698573],[120.40138358985703,23.228013112891663],[120.40210647923527,23.226675121521]],[[120.39117669522501,23.225650127355447],[120.39204609977865,23.227815665554427]],[[120.40210647923527,23.226675121521],[120.40163423359236,23.22580672931729],[120.40095730448859,23.22567334188932]],[[120.39096731879951,23.227617451387783],[120.39074612993545,23.225865159991884],[120.39117669522501,23.225650127355447]],[[120.38726696844276,23.229555617811215],[120.38854583426146,23.228219852446184],[120.38823737791098,23.227661187322756],[120.38890622745377,23.225770113017923],[120.39076705670695,23.225276159955232]],[[120.39308223365903,23.22747427970506],[120.39282876810819,23.225205006732864]],[[120.39170055247166,23.225103667049662],[120.39117669522501,23.225650127355447]],[[120.44620715362404,23.224483243798375],[120.44648844415123,23.225109464269906]],[[120.44533362961613,23.22473755830015],[120.44620715362404,23.224483243798375]],[[120.38578365888428,23.224087967233906],[120.38612437744302,23.22469866436057]],[[120.44698595128101,23.22421054045187],[120.44751679068543,23.224993366348258]],[[120.44620715362404,23.224483243798375],[120.44698595128101,23.22421054045187]],[[120.44698595128101,23.22421054045187],[120.44841177694808,23.223669184445153],[120.45055512081484,23.22413474089335]],[[120.45155616979623,23.222628058827055],[120.45215403756823,23.223668430303324],[120.45415967405826,23.223921288245958]],[[120.45176621267179,23.222303730527564],[120.45213095686358,23.221964126833033],[120.4541167459145,23.222650306766536]],[[120.39614922886746,23.221439294092722],[120.39680840660114,23.2213582613838],[120.39755673515931,23.22213748643223]],[[120.44980319104656,23.220926884397972],[120.45161094044614,23.220887903810215],[120.4520382518035,23.220370189147058],[120.4550538754492,23.22089958780124],[120.45642506963232,23.220337645757162]],[[120.39697679569979,23.219397542304026],[120.39788354550583,23.219813975852393],[120.39869803530549,23.221110302179827]],[[120.39513949162496,23.219128827972316],[120.39586787179549,23.220686649806296]],[[120.3971000607691,23.218384601592316],[120.39685582026569,23.217891655597608]],[[120.36408721677915,23.21728166133387],[120.36338722825927,23.21722244580804],[120.36283701055683,23.215811954746147]],[[120.3664367666618,23.215785838730124],[120.3671125882657,23.21566880485659],[120.36771333839202,23.216745483006363],[120.36767599519747,23.217993411100732],[120.3671172079509,23.218584762767602],[120.36761611559078,23.21875376895132],[120.36837354402878,23.221031796437302],[120.3678609618315,23.22234556939255],[120.36823712420208,23.223358181465155],[120.36948164833746,23.223977004346555],[120.37133753445659,23.229974356457966]],[[120.36602686676792,23.215743698618063],[120.36631609606434,23.215786387241792]],[[120.36415472553264,23.21532111315232],[120.3650415050469,23.21510757867346],[120.3659714041792,23.21569837219641]],[[120.36283701055683,23.215811954746147],[120.36407179822852,23.215325825032256]],[[120.40116345683997,23.215140627787253],[120.40263002148166,23.2173286277271]],[[120.40116345683997,23.215140627787253],[120.39985710693112,23.215758703786182],[120.39964236803854,23.216423724601494],[120.40013833279406,23.21772336362609],[120.40096115564874,23.217805426999117]],[[120.398627634216,23.215083783952444],[120.39891529358032,23.216134370227927]],[[120.39821164831069,23.215129628984194],[120.398627634216,23.215083783952444]],[[120.39915387319078,23.214993208272475],[120.39944936592128,23.215231297481882]],[[120.398627634216,23.215083783952444],[120.39915387319078,23.214993208272475]],[[120.4046469625735,23.21450350310759],[120.40556153694892,23.215290063045625],[120.40644942583324,23.215293324774862],[120.40657138811484,23.216140167440365],[120.40755479099201,23.21676446560895]],[[120.4046469625735,23.21450350310759],[120.4038529264262,23.21558621326954],[120.40428669017278,23.216675710268664]],[[120.40069746605836,23.21406229255162],[120.40116345683997,23.215140627787253]],[[120.36283701055683,23.215811954746147],[120.36229245749726,23.21568113505754],[120.36237164454651,23.214656828055418],[120.36177004723227,23.213771979820418],[120.36060749515507,23.21339944851944]],[[120.39871786911607,23.2135042081904],[120.39942739959443,23.214490912676876],[120.39915387319078,23.214993208272475]],[[120.39861075530553,23.21346318271089],[120.3986343668501,23.213172115454714]],[[120.3986343668501,23.213172115454714],[120.39915648915569,23.21304540993559],[120.39992204387234,23.213933013869053],[120.40069746605836,23.21406229255162]],[[120.36060865148424,23.213324295915662],[120.36061779494943,23.212729202333982]],[[120.36060749515507,23.21339944851944],[120.36060790036157,23.213373113200213]],[[120.35915571634357,23.212684961362942],[120.36060749515507,23.21339944851944]],[[120.35912646911468,23.21254943400133],[120.35913785758366,23.212602206544947]],[[120.3986343668501,23.213172115454714],[120.39878148526012,23.212303720190285],[120.39814257376347,23.21216817727557]],[[120.40360285085319,23.211163730706954],[120.40464171918703,23.21343364393867],[120.4046469625735,23.21450350310759]],[[120.40360285085319,23.211163730706954],[120.40084209690045,23.21121446990179],[120.40032074508842,23.213191936353258],[120.40069746605836,23.21406229255162]],[[120.40841367386145,23.210601318728354],[120.40898086925722,23.21121731002948],[120.41163569309612,23.211574415381893],[120.41311002239527,23.211141844689177],[120.41405510810323,23.21166430397994]],[[120.40430775860222,23.210507264745985],[120.40360285085319,23.211163730706954]],[[120.3980182858788,23.208382737041745],[120.39854337278969,23.20961927021421]],[[120.40124990371413,23.20494589004754],[120.40167897030193,23.206141460827716]],[[120.40124990371413,23.20494589004754],[120.40133121023638,23.204921361394824]],[[120.40037388497898,23.204863666671994],[120.40124990371413,23.20494589004754]],[[120.40037388497898,23.204863666671994],[120.4004700185831,23.205830047340132],[120.40106672231609,23.206326544483336]],[[120.40149159955759,23.204788784016284],[120.4020604411483,23.2059916395486]],[[120.40030733283119,23.204418778459207],[120.40037388497898,23.204863666671994]],[[120.40015291439694,23.204203787671613],[120.40030733283119,23.204418778459207]],[[120.39668338314534,23.202590718284544],[120.39760058717181,23.20277242134126],[120.39877660922589,23.20435895796459],[120.40030733283119,23.204418778459207]],[[120.4947588773645,23.39359725739296],[120.49354368708521,23.392005715719726]],[[120.50378139396699,23.35268219321261],[120.50410651512965,23.352820272995643]],[[120.50378139396699,23.35268219321261],[120.50364314429903,23.352543793242237]],[[120.50396052811263,23.352905998063683],[120.50378139396699,23.35268219321261]],[[120.41282612894912,23.197437926816022],[120.4142413677066,23.197862825645814],[120.41426249470739,23.198391090902458]],[[120.41256099735483,23.19872585232304],[120.41282612894912,23.197437926816022]],[[120.41282612894912,23.197437926816022],[120.41273058419169,23.19679653080284],[120.41172477227428,23.19595549226452]],[[120.41133759059043,23.195915729629622],[120.41172477227428,23.19595549226452]],[[120.41172477227428,23.19595549226452],[120.41459739625726,23.195706183281434],[120.41586263316859,23.19623208476375]],[[120.4311889972073,23.19740072741848],[120.433018982967,23.196425097470534],[120.43310698160958,23.19558564962357]],[[120.41096680903888,23.19343608057906],[120.41143241957568,23.192672601836154],[120.41231931883249,23.19270511609813],[120.41260037528201,23.19212379386839]],[[120.4095421817373,23.194112598698332],[120.41114691365468,23.19220436616901],[120.41260037528201,23.19212379386839]],[[120.41260037528201,23.19212379386839],[120.41505370812693,23.19422260769526],[120.4170508092328,23.194078485351085]],[[120.39777768432148,23.19014045703904],[120.39811117366564,23.18960902978482]],[[120.37514663298441,23.188519201024445],[120.37728431240771,23.19054485167359]],[[120.4078050555768,23.189975944395794],[120.40850420599705,23.18969406620386],[120.40891532441027,23.18875208834588],[120.40764107233304,23.187600933572636]],[[120.3768461043648,23.186395256830984],[120.37809512989463,23.187557692205285],[120.37845977391723,23.188854460796794]],[[120.40721612996447,23.1863128891499],[120.40828881804062,23.186325760064772],[120.408608282394,23.18716201614719]],[[120.4069670102359,23.184524406171253],[120.40611472286618,23.18577852995425],[120.40626838320675,23.186241776633356]],[[120.40866580112385,23.18458916458234],[120.40800190700517,23.184239204324783],[120.4069670102359,23.184524406171253]],[[120.40557974466051,23.185862375836855],[120.40519104914411,23.1853644281741],[120.40576742935536,23.18502342782285],[120.40577349172051,23.18401003408927]],[[120.38948282590836,23.18309544069851],[120.39117762424142,23.183465038859826]],[[120.40577349172051,23.18401003408927],[120.40587934211484,23.182331167634608]],[[120.40587934211484,23.182331167634608],[120.40613619067754,23.181519547861903]],[[120.4069670102359,23.184524406171253],[120.40696221712415,23.18234858366634],[120.4075468536111,23.181400447357095]],[[120.28975923459556,23.180482934613497],[120.28996413744977,23.18162554513325],[120.29042689047697,23.181589293620416]],[[120.40132413306694,23.180849988523757],[120.40088674672435,23.182362872125747],[120.40117976829504,23.18278373469354],[120.40251368675997,23.182978134957985],[120.40303864689001,23.18242253892951],[120.40359678991572,23.183259648171067],[120.40577349172051,23.18401003408927]],[[120.4075468536111,23.181400447357095],[120.40824320124936,23.18172569110341],[120.41065800139975,23.180768245975713],[120.41170156433678,23.180984114150448]],[[120.28546362794512,23.18005258449042],[120.28686187285275,23.17958070994635],[120.28745702934974,23.180492728959653],[120.28975923459556,23.180482934613497]],[[120.40587934211484,23.182331167634608],[120.40488201004293,23.18109524451519],[120.40388749958421,23.180902086215372],[120.40372130697683,23.179592399423047]],[[120.28975923459556,23.180482934613497],[120.2896982802231,23.179713269255604],[120.28898712669863,23.179786735472543],[120.2890365909722,23.17891603830862],[120.28621286630695,23.178819586996234]],[[120.40162995957826,23.179192169291763],[120.40172454498106,23.17994184512497]],[[120.40372130697683,23.179592399423047],[120.40323195467073,23.178832277155873]],[[120.40323195467073,23.178832277155873],[120.40162995957826,23.179192169291763]],[[120.40372130697683,23.179592399423047],[120.40508495294918,23.17798573845921],[120.40508752961146,23.17738762580538]],[[120.40323195467073,23.178832277155873],[120.4026314282834,23.177241165570052],[120.40293689353287,23.176653167210496]],[[120.40162995957826,23.179192169291763],[120.40094760043365,23.178634486050143],[120.40203765973129,23.176381358612858]],[[120.40508752961146,23.17738762580538],[120.40567086392598,23.17634468025148]],[[120.4075468536111,23.181400447357095],[120.40830637479296,23.180130158913062],[120.40822474686293,23.177141488427605],[120.40747464449389,23.176041875615557],[120.40781478774815,23.175548778187906]],[[120.34395835772271,23.16160839480746],[120.34324132706668,23.15928144434051],[120.3438541405682,23.15799973670446],[120.34469402604111,23.15783363468195],[120.3455830890207,23.15613767436907]]]}},{"type":"Feature","properties":{"NAME":"一溪","FROM":""},"geometry":{"type":"LineString","coordinates":[[120.71713954969451,23.28117984706295],[120.71806895722833,23.282597005644067],[120.71967688753121,23.281631371027913],[120.72245457509042,23.28159338377679],[120.72629751950448,23.279974639965285],[120.72843290691466,23.279510963494676],[120.72959618338247,23.27978610118846]]}},{"type":"Feature","properties":{"NAME":"九芎坑溪","FROM":""},"geometry":{"type":"MultiLineString","coordinates":[[[120.56588135637716,23.566030398897414],[120.57018379881788,23.56226270693265]],[[120.56588135637716,23.566030398897414],[120.56380616527957,23.566556293620742],[120.56309917609924,23.567576992675637]],[[120.537114521215,23.559148899491905],[120.53758677719581,23.55911372406899],[120.53781201664594,23.559960407056867],[120.53883958409922,23.559753285927208],[120.53830731427158,23.56025089547423],[120.53844202079259,23.560922192473893],[120.53940799270259,23.56038383610426],[120.54006315896247,23.560879588755988]],[[120.54010804661958,23.560882785633247],[120.5405557639477,23.5602758302643]],[[120.57560631832224,23.56408325476246],[120.57281527380283,23.56464652626554],[120.57283669336991,23.566004459946335],[120.57232795866996,23.566285338097344],[120.57080075150841,23.565408552727803],[120.56913575059698,23.5664297759369],[120.56680670509262,23.5668878594562],[120.56598842458624,23.566764605084497],[120.56588135637716,23.566030398897414]],[[120.5857804767334,23.561569268786528],[120.58339589776277,23.561808106892208]],[[120.58335526782155,23.561808127278056],[120.58173640273837,23.562724165772934]],[[120.54653802389389,23.566149037584957],[120.55013903521912,23.565194742588375],[120.55379960186093,23.565546753789206]],[[120.58170872527894,23.562763318884546],[120.58172948922844,23.56359135669153]],[[120.58675386133008,23.565587813535164],[120.58921872381103,23.566034361163716],[120.59501114134123,23.565365408167448]],[[120.5405557639477,23.5602758302643],[120.54117980911826,23.560361951887845],[120.54131221013584,23.56085917116024]],[[120.54133196679138,23.56089240533067],[120.54238469450272,23.561480126791142]],[[120.54241172580352,23.561503567505294],[120.54311931042366,23.56100038772801],[120.54411360417522,23.561133376741076],[120.5444315331185,23.560495596865675]],[[120.54443432870909,23.560456392651552],[120.54872530472656,23.558751716424457],[120.55173789742776,23.559614031563665]],[[120.55178260138473,23.55965539326241],[120.55571504050246,23.560589678158177]],[[120.5405557639477,23.5602758302643],[120.54173480813525,23.55845786398489]]]}},{"type":"Feature","properties":{"NAME":"二溪","FROM":""},"geometry":{"type":"MultiLineString","coordinates":[[[120.62476953877352,23.617706232373322],[120.62545250729329,23.616111088449255],[120.63009030165449,23.614628595268275]],[[120.62228380980719,23.61957649697481],[120.62338489949764,23.61777894143185],[120.62476953877352,23.617706232373322]],[[120.62505524202774,23.617658709650232],[120.62633561592934,23.61831827916049],[120.62766469098652,23.617817311705654]],[[120.62476953877352,23.617706232373322],[120.62499596622266,23.617638241664633]]]}},{"type":"Feature","properties":{"NAME":"二寮溪","FROM":""},"geometry":{"type":"MultiLineString","coordinates":[[[120.63367565778695,23.259476420474517],[120.63204011511888,23.260073777897055],[120.63085934537456,23.261522713150175],[120.62847669178322,23.26181449984295]],[[120.64219114371102,23.29343139003582],[120.64225165503586,23.293492730626493]],[[120.62702554501988,23.274840277059077],[120.6250863973205,23.274697154316353]],[[120.62702554501988,23.274840277059077],[120.62662083212287,23.276078195350195],[120.62695230393038,23.27725086670189]],[[120.64789056249738,23.244654712481932],[120.64616231228337,23.2436013979671],[120.64603527160278,23.241193382597242],[120.64523912647573,23.24015895720649]],[[120.64941507779265,23.2467489817515],[120.6486566199937,23.246106156253674],[120.64854928104245,23.244968112036656],[120.64790826481446,23.244662075345055]],[[120.64790826481446,23.244662075345055],[120.64870776877241,23.244392787846543],[120.6487347429996,23.24304057395016],[120.64927448618222,23.242737000147244],[120.64950233903272,23.24162453091711],[120.6492695203723,23.24046588177169],[120.65074813505382,23.238263466830198]],[[120.64790826481446,23.244662075345055],[120.64789056236965,23.24465476023376]],[[120.65589429705834,23.25185849511939],[120.65354244372321,23.25252385687235]],[[120.64944638318562,23.230956503235635],[120.64884927347838,23.22848635390482]],[[120.66624722598836,23.253210380380274],[120.66412242783045,23.252984639387485],[120.66122808684698,23.25347964103525],[120.65927741032002,23.25193354286017],[120.65589429705834,23.25185849511939]],[[120.6499052416079,23.23117941356158],[120.64944638318562,23.230956503235635]],[[120.63058482872876,23.272161129883003],[120.62702554501988,23.274840277059077]],[[120.63402659601067,23.271567410860662],[120.63236638247493,23.271514203241672],[120.63058482872876,23.272161129883003]],[[120.63655182432831,23.27071528430786],[120.63402659601067,23.271567410860662]],[[120.6499052171251,23.23117939420008],[120.65004703714067,23.23143605497226]],[[120.64944638318562,23.230956503235635],[120.6495911060066,23.229878150546252]],[[120.6395129486558,23.270677161301908],[120.63950869499483,23.270664314182962]],[[120.64243284547378,23.279989570340152],[120.6424323263561,23.279878716019645]],[[120.63942173582198,23.270676653385827],[120.63927913066266,23.27072428610158]],[[120.63923739353073,23.270741947019033],[120.63655182432831,23.27071528430786]],[[120.64321820798915,23.294670348231858],[120.64225072593926,23.293490575102453]],[[120.64243244987875,23.2798789168616],[120.64200137790257,23.27862804297031]],[[120.64059873228389,23.2738095497673],[120.64093470547385,23.27285763392448]],[[120.65777099058815,23.265455289376607],[120.65435762467386,23.266629012415265],[120.65094798905588,23.266773092097182],[120.64735671728198,23.268029496939157],[120.6458205245208,23.268023813041797],[120.64513459958532,23.26935425191705],[120.64423692574987,23.26854177001807],[120.64133962775054,23.26846305002414],[120.63941285914898,23.269847122674598],[120.6395087660164,23.270664312725643]],[[120.64606885362203,23.263109638075548],[120.64816590751838,23.263577173018678],[120.6495133073264,23.26451910135637]],[[120.6411910480692,23.26558206098938],[120.64246216052632,23.262993155326345],[120.64488844610304,23.263608242365237],[120.64606885362203,23.263109638075548]],[[120.64606885362203,23.263109638075548],[120.64680461758742,23.262196782638824],[120.64918243514629,23.262134189745765]],[[120.64217577026271,23.26033481203411],[120.64350183170299,23.25857435964644],[120.64492746943228,23.2587039884803],[120.64587348777147,23.257708272908474],[120.64738906242246,23.257720688133066]],[[120.65443084077046,23.253887102014875],[120.65616986089523,23.25625228933856]],[[120.65443084077046,23.253887102014875],[120.65427004287604,23.25569504888679],[120.65503940284133,23.256931608836393]],[[120.67206990934454,23.254118811317873],[120.67016984940568,23.2540087556119],[120.66920988274354,23.25328884779198],[120.66624722598836,23.253210380380274]],[[120.66624722598836,23.253210380380274],[120.6670232623372,23.25638162594454],[120.66924198243895,23.259066004605028]],[[120.65354244372321,23.25252385687235],[120.65443084077046,23.253887102014875]],[[120.63698602346547,23.259420728282418],[120.63367565778695,23.259476420474517]],[[120.65354244372321,23.25252385687235],[120.65139355890324,23.253045147169384],[120.65089762038565,23.252477408897505],[120.64975538517069,23.25322439152566],[120.64864096427735,23.252300840855796],[120.64790933894301,23.253256415789348],[120.64598345478034,23.2526583848988]],[[120.65589429705834,23.25185849511939],[120.65949303174526,23.257295696047024]],[[120.64966705028361,23.229840640483793],[120.65121853050346,23.22881134129334]],[[120.65066335521074,23.233027611415576],[120.65120146409879,23.2310126788056],[120.6530192602075,23.229856351833817]],[[120.64014010665369,23.267140708417184],[120.63958445277518,23.26634925721334],[120.63996928386113,23.265323416512533],[120.63837166660535,23.264067263031244],[120.63790932037666,23.260778954991874],[120.63821466127216,23.259454081134734],[120.63698602346547,23.259420728282418]],[[120.65036292784704,23.23274593353097],[120.65066335521074,23.233027611415576]],[[120.65074813505382,23.238263466830198],[120.65061186191477,23.237172742870737],[120.65125699055457,23.236650398130468],[120.65117534228538,23.23588282276451]],[[120.65127182239769,23.23571228653949],[120.65036651220326,23.23450578987388],[120.65015359841709,23.233426052904708],[120.65066335521074,23.233027611415576]],[[120.65074813505382,23.238263466830198],[120.65326123722724,23.23812224077372],[120.65483217936949,23.236484423448395],[120.65810113646347,23.234899964879816]],[[120.64918251847728,23.247049643832046],[120.64941507779265,23.2467489817515]],[[120.6495911060066,23.229878150546252],[120.64956724004898,23.227470020987948]],[[120.65036261300725,23.23274547853038],[120.65004703259758,23.231434938476536]],[[120.6495911060066,23.229878150546252],[120.64966708200932,23.229840466905497]],[[120.65117580727991,23.23588305456762],[120.65127160655042,23.235711913642305]],[[120.64522533728679,23.240104815341724],[120.64473383769591,23.238543063443593]],[[120.64835171790729,23.24768974062409],[120.64918256203772,23.247049595355733]],[[120.6416746058116,23.25700417084149],[120.6410943854686,23.25666063068276],[120.64165694007711,23.254776808156876],[120.64139976863156,23.253114304113215]],[[120.63698602346547,23.259420728282418],[120.63646065166718,23.25634994740548]],[[120.63367565778695,23.259476420474517],[120.63247219961892,23.258174595154244]],[[120.63655182432831,23.27071528430786],[120.63603108546106,23.26926281240634],[120.63373442448888,23.26815319123831],[120.63296743864528,23.266901262587538]],[[120.63402659601067,23.271567410860662],[120.63272197231869,23.273951806829857]],[[120.63058482872876,23.272161129883003],[120.62783288487402,23.27088926641248]],[[120.63296743864528,23.266901262587538],[120.62963731442612,23.26662858952515]],[[120.63296743864528,23.266901262587538],[120.63111135281804,23.266362909701435]]]}},{"type":"Feature","properties":{"NAME":"八掌溪","FROM":""},"geometry":{"type":"MultiLineString","coordinates":[[[120.6942046068629,23.495140590787482],[120.694349680257,23.49642369128437]],[[120.69570194897918,23.496906567956866],[120.69793385448389,23.497920004220006]],[[120.69570194897918,23.496906567956866],[120.69608724952349,23.497947289772664]],[[120.67488416878214,23.471086131714706],[120.68283413142537,23.4709758492775],[120.68682921203674,23.472268964013168],[120.68938081203336,23.472431844456096],[120.69130732651426,23.471806439937055]],[[120.36155449722271,23.40188294361888],[120.3624574972326,23.402299748889703]],[[120.57148112504998,23.45142742365699],[120.56881268076556,23.451833235259592],[120.56785798818582,23.45138386647736]],[[120.57782153761778,23.45043046457508],[120.57632151199194,23.450743285374166],[120.575917071209,23.44994462658487],[120.57152461642993,23.451415681480118]],[[120.27285800483818,23.349515771118114],[120.27288766803197,23.352548753232405]],[[120.27288864895105,23.35261497390915],[120.27289232944513,23.352863439662116]],[[120.58145573996114,23.448905258812648],[120.57787648193167,23.450411130545778]],[[120.58433260860785,23.44809215953733],[120.5834349017933,23.447959466621263],[120.5814908300134,23.448891611443877]],[[120.55234499125903,23.45264557508888],[120.55166058639632,23.45268152434284]],[[120.5521179207728,23.45336416161384],[120.55166058639632,23.45268152434284]],[[120.55651290942974,23.45350586840233],[120.55223642087338,23.453379370139555]],[[120.56775998739315,23.45141234229788],[120.56421384747703,23.453203536259846],[120.5629465052108,23.45331971410375],[120.56277773553815,23.452854869062595],[120.56026250208521,23.453636841820416],[120.55656039343246,23.45349623477932]],[[120.64333093896802,23.486106947386723],[120.6404406838809,23.48894419168467]],[[120.56785798818582,23.45138386647736],[120.56781876944298,23.45139526216895]],[[120.64333093896802,23.486106947386723],[120.64127695243167,23.486072193462068],[120.63925744416562,23.486994329231063]],[[120.55190419317493,23.453728295142795],[120.54892979167468,23.453879697604556],[120.54645154460383,23.45338836304755],[120.5432249700918,23.454626186564543],[120.54132673943566,23.4548825061487],[120.54104678455566,23.454488252415235]],[[120.55651490917244,23.453874283475702],[120.55494185469009,23.454285115232963],[120.55195822794215,23.453753478272464]],[[120.64383915766696,23.485311527282313],[120.64284057935349,23.48575396442786],[120.64034195255934,23.485271109956038]],[[120.29851066310337,23.372141379224583],[120.29839283176845,23.374754870791122]],[[120.64383915766696,23.485311527282313],[120.64266472124899,23.485016212790416]],[[120.36440740905647,23.402364141574928],[120.36314490738172,23.40126185652576],[120.3604756154495,23.401420264263322]],[[120.3645437247407,23.402407592203527],[120.3656190320846,23.40238941877149],[120.36564466375239,23.40166261073916],[120.36810848780817,23.401790049926014],[120.36875972689687,23.40140666279054]],[[120.64720446081074,23.478841768514854],[120.64805221153435,23.479768385024343],[120.64783238512561,23.48154200171774],[120.64421107745964,23.485269068822326]],[[120.64409416898812,23.48577515156205],[120.64333093896802,23.486106947386723]],[[120.64421107745964,23.485269068822326],[120.64383915766696,23.485311527282313]],[[120.65230162219422,23.474100688652516],[120.65277832032292,23.47327086184144]],[[120.64929368848941,23.475109702848258],[120.65223785857658,23.474121371016675]],[[120.64980970178465,23.47538770656649],[120.65103490427911,23.475495997764767]],[[120.55856269145696,23.4544454172726],[120.55656251446243,23.453867895240833]],[[120.55166058639632,23.45268152434284],[120.54841647862557,23.452703063592313]],[[120.51028286531326,23.452281840736724],[120.51043262788113,23.452361335452746]],[[120.62401126516616,23.48167813578737],[120.6260484604445,23.482295464948212]],[[120.56785798818582,23.45138386647736],[120.5678348081493,23.451335832671028]],[[120.6495267706061,23.475325495656886],[120.64980970178465,23.47538770656649]],[[120.65803866882725,23.494714295894383],[120.65726595851494,23.49586516558025]],[[120.65630503195302,23.48694058756631],[120.65696963828474,23.488041949757815],[120.65588677631828,23.490421795736527],[120.65672570727448,23.49138673710763],[120.65666011502586,23.494014735727465],[120.65803866882725,23.494714295894383]],[[120.63187823510087,23.4772149755055],[120.63239328256348,23.478809882030582]],[[120.51559534020502,23.453003920338332],[120.51766299188371,23.452307618373755],[120.51910280274653,23.4524414588251]],[[120.4110620740049,23.429583050190434],[120.41000129162421,23.42859739948705],[120.41048013759622,23.42775174380469],[120.40865311258545,23.425242011839483]],[[120.36155449722271,23.40188294361888],[120.36171898608991,23.402751473421063]],[[120.65364612591395,23.48270049100341],[120.65362218889808,23.48477233608747],[120.65551557209223,23.48574148702915],[120.65630503195302,23.48694058756631]],[[120.65411976422159,23.479137601049775],[120.6570354376785,23.47785849259624]],[[120.36132988610997,23.401764636994884],[120.36155449722271,23.40188294361888]],[[120.60010767274403,23.441042973607725],[120.60025227876095,23.441160397104653]],[[120.60029162051916,23.441181814681972],[120.60084195515222,23.441563426973822]],[[120.64715678612527,23.469098797805525],[120.64782069792165,23.468080946606694],[120.649088889232,23.46816638292011],[120.65246551755725,23.46989806388263],[120.65362901445694,23.471214313835645]],[[120.65454591470285,23.4641476630117],[120.658135176686,23.46490033096815]],[[120.65364609016692,23.482485363860057],[120.65364612591395,23.48270049100341]],[[120.42765466445424,23.424781984222296],[120.42905499612219,23.42448881976438]],[[120.39207989262587,23.413443905190057],[120.39619067389441,23.412499714560546]],[[120.39623171241428,23.412491537459346],[120.39739658968293,23.4080098673044]],[[120.38151134755864,23.40389000321688],[120.38154545779122,23.40554606047606],[120.38262088224182,23.407637605266284],[120.38207846517123,23.40985178089707]],[[120.36181071040353,23.40383213505659],[120.36171897441187,23.402751472944974]],[[120.33970653138601,23.399535062131715],[120.33860294095727,23.39875780398633],[120.33851929328328,23.39814451799904]],[[120.33854153823957,23.397903165022733],[120.33875437974619,23.397129007503963]],[[120.58501817672872,23.44475500974458],[120.58634949086719,23.44477388987448],[120.5899644382088,23.4432593497384],[120.59348743123009,23.44270334278888]],[[120.62281109038815,23.478824974803555],[120.62117024088855,23.47903027701146]],[[120.4192241170433,23.438650558710837],[120.41890682515887,23.43504706551722]],[[120.63082047487362,23.48334549996212],[120.6330980161556,23.483520292572106]],[[120.62772984916283,23.481433094388034],[120.63078515880383,23.483333741747916]],[[120.41891810427656,23.435018231785794],[120.41880405243546,23.434334575872885]],[[120.41879808109567,23.434304010075262],[120.4206085328838,23.432570299678485],[120.42115123069544,23.431293273833095]],[[120.42454511804056,23.43839374550695],[120.42353521623245,23.440126911970268],[120.423786319884,23.441364467311057],[120.42458931691834,23.442209414559553]],[[120.42695034494591,23.440358543029134],[120.42899990736905,23.438808928916036]],[[120.42976044535847,23.442610454163518],[120.43113328940622,23.4427697227178]],[[120.42976044535847,23.442610454163518],[120.42969417560275,23.44370446323008],[120.42909569037178,23.443814859132285]],[[120.6265115969655,23.48049023188753],[120.62769007029983,23.48142077248113]],[[120.42904959714713,23.44381469138107],[120.42839540741886,23.443728623299524]],[[120.42891120199108,23.44241562890342],[120.42785756198634,23.441761766981262]],[[120.4278404582546,23.441733255669597],[120.42611519873186,23.44063180229469]],[[120.41210300003189,23.43347137290447],[120.41368172671282,23.435063912367767]],[[120.41370848849745,23.435087793789442],[120.41500098342063,23.437143906188428],[120.41654347711317,23.43802874790239]],[[120.4128760154336,23.43206355140462],[120.41444061804502,23.432393280708798],[120.41598880557233,23.431892119502884]],[[120.41605929102569,23.431760829076147],[120.41607770347504,23.431726532895812]],[[120.41610090869469,23.431683309372385],[120.41692748135617,23.431592140293876],[120.41666749962378,23.43088685067094]],[[120.4110620740049,23.429583050190434],[120.41127978358247,23.430181323667483]],[[120.41138224046185,23.43029242641667],[120.41150251062352,23.43042284533639]],[[120.62325890134656,23.478544671274502],[120.62386205082137,23.478537596696878],[120.62647447621512,23.480470121950518]],[[120.41153498836917,23.430458063597563],[120.41187850265419,23.431680996248893]],[[120.63380137787182,23.489629005253153],[120.63597763888468,23.491222990940887]],[[120.63117581444563,23.48745729647477],[120.63240269652324,23.4879589151271],[120.63378443032661,23.489596367174943]],[[120.57454883712457,23.445839628725185],[120.5751930093001,23.446621948873315],[120.57619287619181,23.446682584458497]],[[120.65756194468462,23.46293640490162],[120.65899343620352,23.460417698626415],[120.66537002940215,23.4549418866352],[120.6698802817223,23.453392896033616]],[[120.6543704763945,23.46012741126519],[120.65374472968692,23.458498618306844],[120.65169514463439,23.457285761262305]],[[120.42765466445424,23.424781984222296],[120.42731142134345,23.423460089588712],[120.4285533188321,23.422287373163115]],[[120.63035909286756,23.48604539886726],[120.63113410646689,23.487443028591482]],[[120.43185338060844,23.424596539082344],[120.42905499612219,23.42448881976438]],[[120.42905499612219,23.42448881976438],[120.43061314335083,23.425564692851033],[120.43224242878175,23.425440380830246]],[[120.4322886179518,23.425413520240863],[120.43272663009039,23.424474620115944]],[[120.62608288007738,23.482320969495937],[120.62917520986277,23.484557164299726],[120.63032939268233,23.4860115453441]],[[120.43272148092339,23.42443941778274],[120.43322580756671,23.422115359952315]],[[120.49443358913662,23.451455531271005],[120.49672764257002,23.45029825309622],[120.49901428191434,23.449799562688586]],[[120.49526947856351,23.452674439866854],[120.49682432848371,23.45176307751606],[120.49793547905004,23.451815780560462]],[[120.51656217331049,23.458393791216498],[120.51781961483746,23.458315739271963]],[[120.51788263491254,23.458309878770937],[120.51942382510849,23.458566725622283],[120.5205507203711,23.458064749425517]],[[120.50560047387353,23.456666186832773],[120.50554584586203,23.458508472926326]],[[120.50560233917128,23.458572660286528],[120.50831779615578,23.458640160216884]],[[120.58328319604149,23.443424489750868],[120.58394241593818,23.444361667214707],[120.5849650217813,23.444750606446078]],[[120.60586572290907,23.446608963362895],[120.6060013192131,23.447089162492517]],[[120.60207946441038,23.442546517854186],[120.60585647234346,23.44657207851975]],[[120.50839087799457,23.458645094807746],[120.51436360250165,23.458714180783325]],[[120.51443130526597,23.458715358951046],[120.51745787616993,23.458847898298743]],[[120.50560047387353,23.456666186832773],[120.5059468783873,23.45367372687377]],[[120.51168123833419,23.455623243375115],[120.51293009581418,23.454844776833436]],[[120.51473407442221,23.450285944152423],[120.51542336657565,23.449705863314914],[120.51563168470865,23.448598625352357]],[[120.51473407442221,23.450285944152423],[120.51560880078775,23.45033812309879]],[[120.51028286531326,23.452281840736724],[120.51053986048596,23.452348500888675]],[[120.4128760154336,23.43206355140462],[120.4119383390853,23.43309289766179],[120.41210300003189,23.43347137290447]],[[120.62111815702049,23.47902436185071],[120.620629253732,23.479005351825485]],[[120.56780391300497,23.451280772056432],[120.56749436557563,23.450585252056634]],[[120.5674636909605,23.450528077120456],[120.56570358391107,23.449621387361237],[120.56469064756432,23.449728987471932]],[[120.60086364928063,23.4415980112973],[120.60205362172938,23.44251410727527]],[[120.59946671576887,23.440437026115543],[120.60006624058491,23.44099304586034]],[[120.6314860042896,23.474242084991793],[120.63187364779701,23.47717257409068]],[[120.63338209606079,23.47640912902113],[120.63433167502293,23.478721002989015]],[[120.41325639633861,23.42989389591857],[120.413199422618,23.42988682704628]],[[120.41348576693456,23.42990390186072],[120.41329916024966,23.429899201730073]],[[120.63197254345424,23.474189158220103],[120.63336084019157,23.47638328822507]],[[120.413199422618,23.42988682704628],[120.4110620740049,23.429583050190434]],[[120.60370464910426,23.43668636282521],[120.60461453543927,23.436695379740126],[120.60539107309874,23.434536303191877]],[[120.43835111232745,23.44561706942426],[120.43854890086013,23.44575400172519]],[[120.43835111232745,23.44561706942426],[120.43810633350326,23.444746504928034]],[[120.43225889419273,23.43939785947714],[120.43288116039591,23.440591347869873],[120.4340434258332,23.440710815049705],[120.43514193176274,23.441972297682483]],[[120.42902047440462,23.442424712278413],[120.42976044535847,23.442610454163518]],[[120.42891120199108,23.44241562890342],[120.42897146431957,23.44242063827742]],[[120.4351661091837,23.442014967477906],[120.43718521027512,23.44236403508558]],[[120.59828229150698,23.431774439656895],[120.59772764092247,23.43048606041386]],[[120.63545978587796,23.47507223441601],[120.63598327556613,23.476952666259592]],[[120.63371547173362,23.46950802592997],[120.6337109237676,23.47067411786847],[120.63544314236947,23.475038268505855]],[[120.42612896226929,23.444535464369626],[120.42647162796828,23.444089427201682],[120.42785155121618,23.44413949762711],[120.42839540741886,23.443728623299524]],[[120.4257237878866,23.444733979987554],[120.42610991001699,23.444562500760362]],[[120.59966102998847,23.429436040358972],[120.59983018015636,23.426996643894093]],[[120.59835259269207,23.432154570865126],[120.59989425518162,23.4320051334888]],[[120.60079918541004,23.42867272927123],[120.60124318541324,23.428333855449438]],[[120.60079918541004,23.42867272927123],[120.60205902957331,23.428444976968432]],[[120.42839540741886,23.443728623299524],[120.42891120199108,23.44241562890342]],[[120.41314289683879,23.430790981876747],[120.4128760154336,23.43206355140462]],[[120.413199422618,23.42988682704628],[120.41315547005371,23.430711713586042]],[[120.59532131997594,23.4377105487324],[120.59561818352773,23.43667177662469],[120.59522768335674,23.43553732221232]],[[120.59532131997594,23.4377105487324],[120.59649236937219,23.437593294638866]],[[120.25766098764437,23.33190521840454],[120.25681728764393,23.33201026011631]],[[120.42264079847583,23.425158045417522],[120.42189395975234,23.424576939079984]],[[120.42403316827122,23.42518994543273],[120.4232908021539,23.424649239930446]],[[120.39686828995517,23.421238777799555],[120.39556151430992,23.420106622932952]],[[120.5868844704216,23.441407025049383],[120.58746547701591,23.4407453242448],[120.58703472850608,23.438522054293877]],[[120.62748048269097,23.443267461142458],[120.62929121016309,23.443333426128735]],[[120.620585418312,23.478989072822518],[120.61965047296235,23.478489999857672],[120.61824987322524,23.478802141615116],[120.61604420674232,23.477954453595377]],[[120.62748048269097,23.443267461142458],[120.62889215312788,23.444582773764136],[120.62991294337556,23.4445808341894]],[[120.62275633904218,23.44312841032389],[120.62518708091606,23.44498192615253]],[[120.42712010347475,23.4249094881742],[120.42765466445424,23.424781984222296]],[[120.62240984416742,23.474363528478207],[120.61955291812453,23.476130466708984]],[[120.39549527776917,23.420115035025766],[120.39438849182208,23.420860361211],[120.39302685017886,23.420661884625336],[120.39031072781708,23.41821191376424]],[[120.39006818234064,23.417910180481687],[120.38891640192423,23.41580824915066]],[[120.6162683268553,23.44242209875019],[120.61948741092961,23.443168247294995],[120.62275633904218,23.44312841032389]],[[120.62275633904218,23.44312841032389],[120.62498063793458,23.442619550328264],[120.62748048269097,23.443267461142458]],[[120.59082423031985,23.440051471036742],[120.59532131997594,23.4377105487324]],[[120.59966102998847,23.429436040358972],[120.60079918541004,23.42867272927123]],[[120.59828229150698,23.431774439656895],[120.59966102998847,23.429436040358972]],[[120.59603650993192,23.439759781936488],[120.59688163978075,23.439764947086914],[120.59719884044902,23.43820144484212],[120.59795676950628,23.437749693671876],[120.59714769435391,23.435315600666055],[120.59828229150698,23.431774439656895]],[[120.57228922994797,23.446625277594872],[120.57454883712457,23.445839628725185]],[[120.44167641283806,23.442190763671544],[120.44194788440021,23.44044897537605]],[[120.38892215009618,23.415757845979456],[120.39020928117327,23.410665407869967]],[[120.44310927953329,23.442439672689893],[120.44326212255505,23.441857181345043]],[[120.4432765755583,23.441802966426607],[120.44338914783738,23.441239703615462]],[[120.65325101038549,23.463919393404925],[120.65385112507843,23.463679966852446],[120.65362137412112,23.46294615679853],[120.65442005641258,23.46173351527246],[120.6543704763945,23.46012741126519]],[[120.43718545733188,23.442363731590337],[120.43853784287002,23.443570140913767],[120.4381058622966,23.444746392564]],[[120.43854901365721,23.44575454761869],[120.43994406925762,23.446785329061207]],[[120.48422316436844,23.457674111228044],[120.48473182244993,23.4572062191732]],[[120.47310494088477,23.462093365035752],[120.47315439650447,23.46226104966163]],[[120.473158334031,23.46237256418303],[120.47316019960743,23.462425399046865]],[[120.36872674984677,23.405443337798115],[120.36862840482895,23.405077832864226]],[[120.36862802893138,23.40504634378349],[120.36892364974418,23.403309261384454]],[[120.64351730526454,23.468926596746517],[120.64546798925292,23.470418477745987],[120.6464684332495,23.470125376721462],[120.64715678612527,23.469098797805525]],[[120.61570303907139,23.453069380208852],[120.61428567519418,23.4534981871987],[120.61224231101917,23.453025515625015]],[[120.6124677016161,23.45685718925841],[120.61110014662215,23.458499915576837]],[[120.61645500831463,23.453946844943594],[120.61529270693299,23.454628066762368],[120.6147857028251,23.455704738070995],[120.6124847182385,23.456822600579347]],[[120.62401126516616,23.48167813578737],[120.62503113979594,23.483668010785685]],[[120.62502153225128,23.48370734456215],[120.6249230407967,23.484738665718798],[120.62399519442351,23.485892635952027]],[[120.42183340008049,23.424489429964492],[120.42347170715989,23.424538728624906],[120.42508940356632,23.425771073657117],[120.42653436858181,23.425020769658133]],[[120.65360678517803,23.48170240026338],[120.65363848338781,23.48244268014981]],[[120.57454883712457,23.445839628725185],[120.57738027439177,23.445524263963183],[120.5807295746894,23.44614004402146]],[[120.6543704763945,23.46012741126519],[120.65809895757424,23.457162611648485]],[[120.64898660794566,23.465277719555537],[120.6476646888873,23.46340331979244],[120.64805550015942,23.460483325975446]],[[120.62034291885253,23.468435467957455],[120.61879969666789,23.471118223657392],[120.61740452628948,23.47237903776816]],[[120.61737060420947,23.472391725016557],[120.61683999116867,23.47448017182672],[120.6153028782456,23.47553205147506]],[[120.64715678612527,23.469098797805525],[120.64896206456024,23.46858384754943]],[[120.64899366782828,23.468586831951754],[120.65007301242903,23.468664156510457]],[[120.53386862038636,23.453835538639456],[120.53311558672401,23.453836317522057]],[[120.65364910303092,23.471234342354688],[120.654363285294,23.47195907243089]],[[120.64466315053872,23.471690553199824],[120.6452768456126,23.473157310745155]],[[120.64013736059687,23.47177088080751],[120.64017500733239,23.47320243022248]],[[120.6168621790658,23.458140592664662],[120.6141112404522,23.46076668202925],[120.61379071901455,23.461787025155456]],[[120.61750119066514,23.457023566215714],[120.61688892463448,23.458112212421327]],[[120.61981104188564,23.462678239979486],[120.61883695223372,23.463628547873757],[120.61984473985437,23.46482815549399],[120.61911802296717,23.465696079350703],[120.61911956133511,23.466687717860797]],[[120.38262088224182,23.407637605266284],[120.38357953457056,23.409157572518556]],[[120.67991738486447,23.481470916083754],[120.67967311226359,23.484048221052454]],[[120.6942046068629,23.495140590787482],[120.69482789020724,23.495286821524083]],[[120.61911956133511,23.466687717860797],[120.61939194998486,23.46847084541022],[120.62034291885253,23.468435467957455]],[[120.61889468918483,23.450842548827833],[120.62118070799154,23.45028514910824]],[[120.61614774284517,23.449146371479962],[120.61562901966374,23.449379138343485],[120.61394330743626,23.448632443812347]],[[120.63719874255824,23.474138757212827],[120.63745526565104,23.475353291501364]],[[120.63684892663049,23.47053510370724],[120.63660082950138,23.47206020502847],[120.63718090221451,23.47409902480315]],[[120.680430839287,23.481420264351467],[120.68301465672147,23.481283274273242],[120.68356848184894,23.48304599725825],[120.68578755447305,23.483828984636762]],[[120.68582486811292,23.483861353064043],[120.6855071838103,23.485410343095147],[120.68670568844902,23.48545493545314],[120.68748168967193,23.486164525778893],[120.68812300044056,23.485811836077854],[120.68811120014654,23.486915957195425],[120.6896623775048,23.487377464063545],[120.68993074015569,23.489946852762188],[120.69037771112113,23.49052090384695],[120.69114690748158,23.490261177529312],[120.69140069845105,23.491273121079853],[120.69255829315914,23.49149165796965],[120.69281921685113,23.493363323398903],[120.6942046068629,23.495140590787482]],[[120.69482789020724,23.495286821524083],[120.69570194897918,23.496906567956866]],[[120.6390887302807,23.478711115582996],[120.63770731328606,23.479747977607747]],[[120.6390887302807,23.478711115582996],[120.639403437499,23.47994732553674],[120.638776638689,23.48108836808191]],[[120.62281109038815,23.478824974803555],[120.62250646220438,23.480714827437104],[120.62401126516616,23.48167813578737]],[[120.62325890134656,23.478544671274502],[120.62281109038815,23.478824974803555]],[[120.62240984416742,23.474363528478207],[120.62325890134656,23.478544671274502]],[[120.62034291885253,23.468435467957455],[120.62102419854966,23.469362535262754],[120.62059932975757,23.471529625644546],[120.62202197723268,23.472015176735912],[120.62260306343559,23.473345881885372],[120.62240984416742,23.474363528478207]],[[120.64097334168946,23.471335250786876],[120.64144584318761,23.471024242144825],[120.64253006729754,23.471314693245198],[120.64357069106008,23.472809337386884],[120.64128073643217,23.47643805615308]],[[120.65360678517803,23.48170240026338],[120.6550164616067,23.481685922842175],[120.65614147327685,23.4836941516315]],[[120.64124621033942,23.476487760834292],[120.64082245564794,23.47755641431539],[120.6390887302807,23.478711115582996]],[[120.61224231101917,23.453025515625015],[120.61081250958772,23.452222381238293]],[[120.61078292482797,23.45220361912135],[120.6103501923304,23.451747989282442]],[[120.61224231101917,23.453025515625015],[120.61124748986549,23.453459405512714]],[[120.61121640909846,23.45348322890377],[120.61046722639396,23.45447347258639]],[[120.61110014662215,23.458499915576837],[120.6097774043952,23.458228641837728]],[[120.61110014662215,23.458499915576837],[120.61058259875097,23.459353504160656],[120.60977909052262,23.45960157258595]],[[120.50867441418639,23.45150370010408],[120.50980632351848,23.451687655149343]],[[120.50443539504317,23.452224972554333],[120.5064086242128,23.451494830372013],[120.50861598047611,23.451502233762703]],[[120.50998852952408,23.45198184889608],[120.51028286531326,23.452281840736724]],[[120.50980632351848,23.451687655149343],[120.50996322000435,23.4519409837183]],[[120.5207266232518,23.454481682082093],[120.51874146275739,23.45511061495591],[120.51815955123324,23.456566856196304],[120.51656217331049,23.458393791216498]],[[120.51656217331049,23.458393791216498],[120.50899900178445,23.458346986837288],[120.507678968007,23.456959053975773],[120.50560047387353,23.456666186832773]],[[120.50980632351848,23.451687655149343],[120.51473407442221,23.450285944152423]],[[120.30087857507642,23.381510818841694],[120.30177634555454,23.38174934301577],[120.30269967934458,23.38115320899208]],[[120.65528549710055,23.489604880612195],[120.65398198231927,23.49151382369705],[120.65357872304337,23.49312328009748]],[[120.33875437974619,23.397129007503963],[120.33881078478821,23.39692180737972]],[[120.33880752423825,23.39715381314526],[120.33995258231396,23.397873594106713]],[[120.33875437974619,23.397129007503963],[120.33876422772764,23.397133604134623]],[[120.27289785503392,23.353217547274845],[120.2728925463074,23.35288422497737]],[[120.65630503195302,23.48694058756631],[120.65526185715922,23.48873765819128],[120.65529736564487,23.489562867705686]],[[120.2604895144106,23.33774309353149],[120.2613097609526,23.336030507093355]],[[120.64421107745964,23.485269068822326],[120.64409416898812,23.48577515156205]],[[120.64677452040124,23.472700861809507],[120.646337609553,23.473252787800135],[120.64683592106343,23.47464158810756],[120.6464992654235,23.475871029658418],[120.64719432987383,23.478800861097287]],[[120.26031825609164,23.338103924777805],[120.26046484377862,23.337795073241264]],[[120.64409416898812,23.48577515156205],[120.64461684518801,23.48766979193573]],[[120.25830068438484,23.341610882802563],[120.26027631613364,23.338192289483032]],[[120.15232443046918,23.31645088197033],[120.1527841353079,23.317176491793994]],[[120.63049669355527,23.464420546927784],[120.63177517985748,23.465428781481556],[120.63260622602004,23.46786082312723]],[[120.61379071901455,23.461787025155456],[120.6121277491249,23.462836213564778]],[[120.61210494914988,23.462868695406492],[120.61096534022974,23.463854417589413]],[[120.61379071901455,23.461787025155456],[120.61377361019574,23.46314066779632]],[[120.61911956133511,23.466687717860797],[120.61518626525758,23.467205217074664],[120.61364982046834,23.468996847321684]],[[120.64974814692839,23.476004418998112],[120.64980970178465,23.47538770656649]],[[120.65614147327685,23.4836941516315],[120.65808742922445,23.482870986287054]],[[120.65614147327685,23.4836941516315],[120.6564483155915,23.48479378887551],[120.6598594750023,23.487616084709895],[120.66385943926815,23.490151928844043],[120.66522695953606,23.49022719216396],[120.66612334133347,23.491547751813194],[120.66912333609444,23.493330413972593]],[[120.65364612591395,23.48270049100341],[120.6524324390577,23.485115520153176]],[[120.65241340143541,23.48516578573643],[120.64823003775112,23.48895453103712],[120.6449811758065,23.490780203910177]],[[120.25766101177595,23.331905243094912],[120.25769248045033,23.33189187759856]],[[120.65357872304337,23.49312328009748],[120.65048371596049,23.49420708912311]],[[120.65357872304337,23.49312328009748],[120.65417825055235,23.493890418851226],[120.65404714525422,23.49498959690773]],[[120.65803866882725,23.494714295894383],[120.65810436123,23.494642808221258]],[[120.65726595851494,23.49586516558025],[120.65741153611769,23.49647802803425]],[[120.65726595851494,23.49586516558025],[120.65688441270103,23.49790062874197]],[[120.65294036367352,23.48105158764972],[120.65297398482619,23.481120549657867]],[[120.65300157073816,23.481157707519564],[120.65360678517803,23.48170240026338]],[[120.25773665617436,23.331873115100365],[120.2597863397747,23.332483130530385],[120.2605417121553,23.33342664606617]],[[120.26059564245101,23.333485719993252],[120.26265871551712,23.334521244041053]],[[120.6523989175437,23.479974829183465],[120.65319858919862,23.4797200503561]],[[120.65324671636156,23.479708343300693],[120.65407642110115,23.47916716470601]],[[120.66614444791222,23.464429124656675],[120.6672560604585,23.462561142590246],[120.66993194178487,23.460751571266087],[120.67444916014476,23.460484974567667],[120.67630465810899,23.459020503938238],[120.67819339607789,23.45865102924697]],[[120.44339092197289,23.441230211015494],[120.44351239926733,23.441007897971065]],[[120.66912333609444,23.493330413972593],[120.67050576701423,23.493720677454803],[120.67126380955473,23.495436522882542],[120.670645668876,23.496044475441664],[120.67076668101012,23.497570522486622],[120.67024253244291,23.49895113547163],[120.67054575616704,23.50125639542967],[120.66812000670069,23.503125727011298]],[[120.66912333609444,23.493330413972593],[120.66980707456615,23.495154588593145]],[[120.68027073106217,23.485794883403425],[120.68411295312855,23.489389058493668],[120.68430903612094,23.49039151276998],[120.68548300771326,23.491372821044493],[120.68538541367492,23.492330786390067],[120.68630990807975,23.494481395292723]],[[120.16922531678611,23.302397262391654],[120.17000525675654,23.3014940358481]],[[120.17056620438623,23.304499097660674],[120.17098769535626,23.304198880684126]],[[120.67967311226359,23.484048221052454],[120.68027001847786,23.48576061219514]],[[120.68095017521509,23.485089841469204],[120.6827134534147,23.48602946363055]],[[120.67967311226359,23.484048221052454],[120.68091747700264,23.485056530740092]],[[120.69482789020724,23.495286821524083],[120.6961642534269,23.49509561255582],[120.69821492097867,23.49656318128709],[120.69975211783111,23.496574619867047],[120.7009853627887,23.497462018560654],[120.70261041161669,23.497635088515135]]]}},{"type":"Feature","properties":{"NAME":"三坎溝","FROM":""},"geometry":{"type":"MultiLineString","coordinates":[[[120.39106528678624,23.15652586797983],[120.39093453798273,23.157623784525455]],[[120.38822498275933,23.15453568370627],[120.38870953028731,23.155221039022738],[120.38949881135501,23.1549665458614],[120.39031359888098,23.156271809710447],[120.3910751224456,23.156473227945423]],[[120.38807545011794,23.154471850278803],[120.38816961112278,23.15450400226137]],[[120.38723292952892,23.154265521760692],[120.38802649609151,23.15445687913307]],[[120.3870086683414,23.1556392874897],[120.38723292952892,23.154265521760692]],[[120.38679246096484,23.152539485344708],[120.38723292952892,23.154265521760692]],[[120.38815650617354,23.15],[120.38842435854008,23.150838902660208],[120.38967791210536,23.150782418678855],[120.39001149374589,23.151316297872352],[120.3911167732961,23.151530147810483],[120.39315709446544,23.15144484408716],[120.39417357414789,23.15090671569895]],[[120.38779025143573,23.150255624581956],[120.38687913487088,23.150587362814896]],[[120.38806018456852,23.15],[120.38784505311165,23.150209928852824]]]}},{"type":"Feature","properties":{"NAME":"三疊溪","FROM":"北港溪"},"geometry":{"type":"MultiLineString","coordinates":[[[120.49271462671223,23.562588840510987],[120.49268883210567,23.564242746064654],[120.49192275666645,23.564551736706136]],[[120.51774940821876,23.550986864414536],[120.52006627736428,23.550633312682468]],[[120.50339745607462,23.551998883695298],[120.50270883646047,23.552914183133353],[120.50339397525534,23.55469588662762],[120.50302244673074,23.556109606822034]],[[120.43077623013568,23.599733681469402],[120.43167717531735,23.59957129309096]],[[120.43238935259494,23.58848783836972],[120.43225108151465,23.589041924221405],[120.43289777618236,23.590007297343856]],[[120.4329371932892,23.59005281254318],[120.43380090758846,23.590865676366363],[120.4370216948004,23.59123107378661]],[[120.40088806620294,23.607380016477062],[120.40130571857134,23.60822690642623]],[[120.43167717531735,23.59957129309096],[120.43374370144905,23.599735197258855]],[[120.40132444066434,23.60826086170732],[120.40135156345802,23.60831005288759]],[[120.39350662515086,23.61562592434803],[120.39350828454111,23.615651506992116]],[[120.40726944195292,23.602800754921248],[120.40785566059849,23.603063101663913]],[[120.4071877047819,23.60273208055232],[120.4068693924122,23.602395827217745]],[[120.39351098001768,23.616246465343774],[120.39348957047721,23.61601886646729]],[[120.40137516206774,23.60835285242929],[120.40137682311415,23.60835586498031]],[[120.39349230880393,23.616008510871143],[120.39348957047721,23.61601886646729]],[[120.40726041635321,23.60638489480414],[120.4076651668897,23.606581792205628]],[[120.47626748939425,23.57029902682061],[120.47487088803182,23.574643848803014],[120.47503290000337,23.57528333019558],[120.47409423475465,23.575918226272353],[120.47385115050334,23.5771556220864]],[[120.45948059029483,23.57687502940624],[120.45923981656631,23.57836709485772]],[[120.49192275666645,23.564551736706136],[120.49319268665862,23.565077646928636]],[[120.49731551693105,23.56524530541262],[120.49812507091072,23.566135636348882]],[[120.42464278398462,23.60577343612408],[120.42701602297477,23.604528947413264],[120.42832905417194,23.604618507054116]],[[120.49192275666645,23.564551736706136],[120.48870912330457,23.565601406825643],[120.48820162990091,23.56540114761548]],[[120.49433161919282,23.55665833348227],[120.4924579269836,23.55829433175256],[120.49202348090373,23.56060754457748]],[[120.42464278398462,23.60577343612408],[120.42408223285189,23.605772315124796]],[[120.43167717531735,23.59957129309096],[120.43242405867154,23.59833546527202]],[[120.43245213625224,23.598307944567036],[120.43246699487048,23.59829338063905]],[[120.43374370144905,23.599735197258855],[120.43469319837442,23.599705907059437]],[[120.43374370144905,23.599735197258855],[120.43477370308574,23.600177217752154]],[[120.424741688094,23.603295003628418],[120.42324466237025,23.603138256902305]],[[120.4082219310294,23.605233172459013],[120.40904251158975,23.605177697860583]],[[120.49536773156291,23.565436452156174],[120.49574464835239,23.5650513286938],[120.49728524171405,23.56521307286272]],[[120.48726619700953,23.568234270296966],[120.48919393807351,23.567484491439867]],[[120.48726619700953,23.568234270296966],[120.4878332822675,23.56666436265472],[120.48707016424166,23.566500555320786]],[[120.52671463348382,23.558720323857994],[120.52675383604299,23.559265452127228],[120.52738519914928,23.55956131048849],[120.52891650805705,23.559678189769773]],[[120.51202187319548,23.55657300382136],[120.51215794343793,23.556911467794844]],[[120.52006627736428,23.550633312682468],[120.52139624012716,23.550568874575987],[120.52229109995278,23.548920613781863],[120.52246046039122,23.547687446625254],[120.5218115725416,23.547009240156303]],[[120.49269587296003,23.56237487075657],[120.49271462671223,23.562588840510987]],[[120.4370216948004,23.59123107378661],[120.44096606904121,23.59154213933788]],[[120.49204258007569,23.56063217312045],[120.49268057876446,23.56230556232661]],[[120.52478111635493,23.55308133305605],[120.52273307554752,23.553580443298642]],[[120.52666980815927,23.552802804055318],[120.52796078174305,23.552005445612295],[120.52975959303332,23.55302439690555]],[[120.52478111635493,23.55308133305605],[120.52663236604991,23.5528159321494]],[[120.44494282445898,23.592917175266773],[120.44727736049983,23.593296453327508]],[[120.44282226401377,23.591649772293316],[120.44471080392803,23.592860084344775]],[[120.51915185116168,23.546586657933446],[120.51911079812135,23.549082317817223],[120.52006627736428,23.550633312682468]],[[120.51162467887465,23.549993986871467],[120.51136505462988,23.548130339101863],[120.51226571826612,23.546057160220215]],[[120.44096606904121,23.59154213933788],[120.44276925155121,23.591645336287637]],[[120.44661721951256,23.589376866494565],[120.44732631372645,23.58852311332125],[120.44907584582587,23.587760823262645],[120.45097289303263,23.587549957061086],[120.4510649305665,23.58799138740861]],[[120.4370216948004,23.59123107378661],[120.4392586539864,23.59071905869611],[120.44102549347365,23.591230987446863],[120.44096606904121,23.59154213933788]],[[120.51226571826612,23.546057160220215],[120.51425141494582,23.546097202069124]],[[120.58065635575683,23.547579857540295],[120.58169391720931,23.548119588957782],[120.58465952709058,23.548251503165982],[120.58919345270657,23.547369535780152]],[[120.57120251114975,23.550895419296676],[120.57177794414136,23.54876507724785],[120.57303564096794,23.54866489235134],[120.57577630295368,23.546647556434873],[120.57769891602737,23.54663904413576],[120.58062263441371,23.5475595723563]],[[120.51226571826612,23.546057160220215],[120.51254646268485,23.543223851767255]],[[120.51915185116168,23.546586657933446],[120.51831546824529,23.54625146002732]],[[120.51915185116168,23.546586657933446],[120.51951592175578,23.544889575467327]],[[120.48568716725397,23.573604363796388],[120.48532361799052,23.57246019419618]],[[120.48532507613078,23.572404196558562],[120.4851792908022,23.569835257861],[120.48726619700953,23.568234270296966]],[[120.42482994622235,23.60448697569592],[120.42481896867524,23.603293483118964]],[[120.42477488609687,23.603294350456434],[120.424741688094,23.603295003628418]],[[120.39345056988721,23.61487162116796],[120.39349749068445,23.615485098947868]],[[120.39350828454111,23.615651506992116],[120.39350467486783,23.615961745816875]],[[120.39349981474273,23.61552092883171],[120.3935034089732,23.61557634082949]]]}},{"type":"Feature","properties":{"NAME":"土人頭坑","FROM":""},"geometry":{"type":"MultiLineString","coordinates":[[[120.44978077010802,23.404535379750957],[120.44979402826921,23.404521811198205]],[[120.44984813816642,23.40446643447526],[120.45185942228208,23.403226587213396],[120.45371753434868,23.402921579869993]]]}},{"type":"Feature","properties":{"NAME":"土地公坑","FROM":""},"geometry":{"type":"MultiLineString","coordinates":[[[120.63166396771098,23.694139395840143],[120.63234128436052,23.693608284422627]],[[120.636188923343,23.695994606050277],[120.63467465738184,23.69583746075727],[120.63403401926543,23.694438582861615],[120.63281675294036,23.69392321323812],[120.6326198915492,23.69335631823119],[120.63234128436052,23.693608284422627]],[[120.636188923343,23.695994606050277],[120.63998345816515,23.695710253754054],[120.64188080946992,23.696640337285025]],[[120.636188923343,23.695994606050277],[120.63797322988688,23.699707806734885],[120.63928567551704,23.700331762068224],[120.6404145623694,23.700291589861592],[120.6417593626013,23.70126776654758],[120.64245997492795,23.703249215905384]],[[120.64188080946992,23.696640337285025],[120.64362204940012,23.6963690328734]],[[120.64188080946992,23.696640337285025],[120.64251815330127,23.698134008235556]],[[120.63234128436052,23.693608284422627],[120.6317280627574,23.692035393288897],[120.63205486219054,23.6911199487955],[120.63298840066825,23.690706840499537],[120.63423507830389,23.690982984063886],[120.63453847841741,23.692004057928585],[120.63720380966751,23.69153186738285],[120.63989050602676,23.69185207121352],[120.64168397227024,23.690919478090667],[120.64298561923088,23.689303913266315],[120.64334560275358,23.68738363677498]]]}},{"type":"Feature","properties":{"NAME":"土埋坑","FROM":""},"geometry":{"type":"MultiLineString","coordinates":[[[120.43480097749098,23.2025531627447],[120.43602381486761,23.202638661173474]],[[120.4387629070373,23.203370448677617],[120.43923816810224,23.20273552816431]],[[120.43622486494314,23.205034329456097],[120.43602784027179,23.20470182561191]],[[120.42737098591755,23.20281166516738],[120.42788180743547,23.203384537803505],[120.42877056260996,23.202861721069866],[120.43002807700302,23.203439456169384],[120.43090852858724,23.202968508623556],[120.43147007784387,23.20342868676912]],[[120.4333861241016,23.204642986436316],[120.43410459124446,23.203814812624184],[120.43397985917147,23.203288437103097]],[[120.43397985917147,23.203288437103097],[120.43331967234354,23.202019820301363],[120.43075343648262,23.200918391247217]],[[120.42784929864852,23.206445229791303],[120.42786264470361,23.205858396072003],[120.42607364066754,23.205032717173328],[120.42519156252781,23.203512754394907],[120.42547606670263,23.20284562378254]],[[120.43622486494314,23.205034329456097],[120.43746870467005,23.205067980672737],[120.43737116084398,23.203591376485342],[120.4387629070373,23.203370448677617]],[[120.42343221744962,23.207039056984343],[120.42390696924349,23.2062462052331],[120.42487671636407,23.20715704102741],[120.42781283107661,23.20697780836132],[120.42784929864852,23.206445229791303]],[[120.43602784027179,23.20470182561191],[120.43604237477686,23.204114982183803],[120.4372140451031,23.20399714402454],[120.43733711507386,23.203164632773266]],[[120.43843508117907,23.20411422424262],[120.4387629070373,23.203370448677617]],[[120.43397985917147,23.203288437103097],[120.43480097749098,23.2025531627447]],[[120.43147007784387,23.20342868676912],[120.43261625905201,23.204778001921508],[120.4333861241016,23.204642986436316]],[[120.42784929864852,23.206445229791303],[120.429035650956,23.20628913590794],[120.43147007784387,23.20342868676912]],[[120.43442677978925,23.20186339882508],[120.43480097749098,23.2025531627447]],[[120.41745115345145,23.20719837009682],[120.41834620371321,23.207531072315636],[120.41971189451019,23.206118419714446],[120.4204984374831,23.205938394138066],[120.42343221744962,23.207039056984343]],[[120.43602784027179,23.20470182561191],[120.43552199378854,23.204524003414154],[120.43568139565772,23.205199483650652],[120.43509468240534,23.205448004471098],[120.4333861241016,23.204642986436316]],[[120.43622185244077,23.205205872724143],[120.43622486494314,23.205034329456097]],[[120.42343221744962,23.207039056984343],[120.42895742835033,23.209478313099215],[120.42928701622833,23.21000087639052]]]}},{"type":"Feature","properties":{"NAME":"大牛林坑","FROM":""},"geometry":{"type":"MultiLineString","coordinates":[[[120.61006681216155,23.180231642652508],[120.61165328203833,23.17869816337743],[120.61471850819069,23.178669541726926],[120.6165170271103,23.17800567311273],[120.61697472258909,23.176239219448885],[120.61971475722515,23.1759705519119],[120.62031284651353,23.174547650837532],[120.62122916765449,23.174870426092472],[120.62261925847997,23.174564530856056],[120.62469097771269,23.173237544624765],[120.62616439152798,23.171595270282076]],[[120.61115505281188,23.17782778482863],[120.61456391391293,23.175140648752823]],[[120.61115505281188,23.17782778482863],[120.61304435277428,23.175231733836856],[120.61475497688767,23.170317084966104],[120.61671843071929,23.169597303047297],[120.61790000953232,23.1685188516875]],[[120.6092588398317,23.18274680498046],[120.61017259975934,23.18174445588638],[120.60958818179644,23.181065751014422],[120.61006681216155,23.180231642652508]],[[120.61006681216155,23.180231642652508],[120.60965140017362,23.18008839205987],[120.61006384865104,23.178780036427046],[120.61115505281188,23.17782778482863]]]}},{"type":"Feature","properties":{"NAME":"大宅坑","FROM":""},"geometry":{"type":"MultiLineString","coordinates":[[[120.5131587834598,23.199907599012747],[120.51318717440932,23.199894842841175]],[[120.51033268453564,23.20158849471607],[120.51273942687389,23.20053015201298]],[[120.51273942687389,23.20053015201298],[120.51307442164804,23.19993282801136]],[[120.51789535195428,23.201263404580526],[120.51853594193838,23.20224968447358]],[[120.51318717440932,23.199894842841175],[120.51556296193955,23.199567797817057],[120.51646169631839,23.198414634445],[120.51785494634603,23.20121502528368]]]}},{"type":"Feature","properties":{"NAME":"大竹溪","FROM":""},"geometry":{"type":"MultiLineString","coordinates":[[[120.53464935126226,23.308653290524255],[120.53414613061291,23.308266231855733],[120.53275834250861,23.30873522424951],[120.53151667614696,23.308434195216748],[120.52850155215187,23.30931808569851],[120.52610380992476,23.309110510826308]],[[120.5395598297401,23.30774243378835],[120.53783815581426,23.307332574089536],[120.53468172284262,23.30866461158044]]]}},{"type":"Feature","properties":{"NAME":"大坑溪","FROM":""},"geometry":{"type":"MultiLineString","coordinates":[[[120.68403969635641,23.741639073249335],[120.68292678595031,23.743449030762477]],[[120.69186281568138,23.730072688779906],[120.69192077786005,23.728824468871576],[120.69577432765246,23.727956681777652],[120.69527545227456,23.727131215126125],[120.69557603255225,23.726364345220407]],[[120.69186281568138,23.730072688779906],[120.69711393022126,23.729037308758922]],[[120.68886420093624,23.73611443175753],[120.68930169278589,23.73445613786364],[120.69000977981433,23.73369293999411],[120.68978545799655,23.73247792105613],[120.69116229894561,23.731459085802335],[120.69186281568138,23.730072688779906]],[[120.68280448810354,23.74355509758855],[120.68133854941776,23.7457189291191],[120.6810120840527,23.747972849969806],[120.68032361453545,23.74819674018409]]]}},{"type":"Feature","properties":{"NAME":"大埔美溪","FROM":""},"geometry":{"type":"MultiLineString","coordinates":[[[120.49513718798728,23.589551875754807],[120.49692644729852,23.588683548154048]],[[120.51575148916824,23.590226379355578],[120.51576015698343,23.590220264373688]],[[120.51169646169896,23.59275099485498],[120.51326220305235,23.59238759935651],[120.51365651745952,23.591379279763895],[120.51500598560555,23.591052771898465],[120.5156861238131,23.59027249336445]],[[120.50441009414935,23.596702525439184],[120.5068978299015,23.59575107426227]],[[120.49969069610079,23.593947137098105],[120.50061196528463,23.594259283184893],[120.50137054723928,23.59347513120878]],[[120.50765806835958,23.593447710257383],[120.50866795254173,23.59224381786248],[120.51031066689829,23.5925794445149],[120.51066655091991,23.593379789547267],[120.51164255043899,23.592765705303826]],[[120.50034498272264,23.587738748942243],[120.50125679962065,23.587561670976694],[120.50152235881328,23.586918444679565],[120.50323339149281,23.586831713796123]],[[120.50323339149281,23.586831713796123],[120.50247187140118,23.584927692721813]],[[120.5046076430761,23.603066541265022],[120.50579571604301,23.60264513067515]],[[120.51101138252405,23.604571413026118],[120.51404123638797,23.6030068419297]],[[120.50581524204888,23.60262912984],[120.50597843632316,23.602470957495395]],[[120.50601668820265,23.602398466487312],[120.50812005029249,23.60152526786709]],[[120.5046076430761,23.603066541265022],[120.50464476463496,23.60280559557739]],[[120.50960929480566,23.60572097772327],[120.51095537226495,23.60460115434706]],[[120.50323339149281,23.586831713796123],[120.50532269540493,23.586612879749648]],[[120.50681431518517,23.60361296543884],[120.50531233423334,23.603431248814356],[120.50513266751838,23.604225999369884],[120.50419956644907,23.603760639248303],[120.5046076430761,23.603066541265022]],[[120.51504278601449,23.586002975986144],[120.51503173693122,23.58585741272324]],[[120.50960929480566,23.60572097772327],[120.51065590884312,23.60703056126596]],[[120.51495626282508,23.585620050595477],[120.51402586572492,23.582803367232597]],[[120.50355341950184,23.59982023578476],[120.50052624834227,23.599202160833926],[120.50045689542014,23.598243151020966]],[[120.50355341950184,23.59982023578476],[120.50394224498426,23.598242775143856]],[[120.51168910672625,23.592753001764315],[120.51169646169896,23.59275099485498]],[[120.50461875397069,23.602741291229634],[120.50354249891829,23.601761038593683],[120.50362379301082,23.600815603707105],[120.50298670718355,23.59989486500409],[120.50355341950184,23.59982023578476]],[[120.50532269540493,23.586612879749648],[120.51499143151514,23.586034275053184]],[[120.52202573296728,23.58834674038883],[120.52274658584693,23.587426065829092],[120.5246422360425,23.58715637053533],[120.52511185035833,23.586510796687183],[120.52484501133736,23.58510619008582],[120.5254379997572,23.584887505838683],[120.52659289302667,23.58308820432355],[120.5284949199744,23.583250577065236],[120.52913248985716,23.582892758987384]],[[120.51941154998157,23.59009083994706],[120.52075720035138,23.588766035587145],[120.52197037460877,23.588381249117077]],[[120.51576015698343,23.590220264373688],[120.51769787199646,23.58959049488444],[120.51927246036331,23.5901200820056]],[[120.50532269540493,23.586612879749648],[120.50521536616476,23.585307650410776]],[[120.50812044511606,23.606785451173522],[120.50960929480566,23.60572097772327]],[[120.5156861238131,23.59027249336445],[120.51570908637594,23.59025629372112]],[[120.49693265619695,23.588641779708368],[120.49786660889329,23.587574035494562]]]}},{"type":"Feature","properties":{"NAME":"大埔溪","FROM":""},"geometry":{"type":"MultiLineString","coordinates":[[[120.63371334517623,23.73028115170633],[120.63458786119722,23.730696378951283],[120.63649956204078,23.73021558413139]],[[120.63098151633126,23.722674864072474],[120.63069152192585,23.72049527987719]],[[120.6182413620234,23.72398541904696],[120.61816034934297,23.722091366388614],[120.61885695546958,23.721894333259655],[120.61972240804799,23.720281966549134],[120.62214748796642,23.718868907405017]],[[120.6097927726451,23.730102120049008],[120.61081957616938,23.730702212287664]],[[120.61934552697184,23.727114827995475],[120.61942948912082,23.727225905951894]],[[120.63098151633126,23.722674864072474],[120.6327356587879,23.721776031340585],[120.63250724688177,23.719847453310596],[120.63466674836211,23.71841829321506]],[[120.62961060603112,23.727571325536726],[120.63057775659284,23.72817412661168],[120.63097784060923,23.729263210154105],[120.63069971680811,23.72984951244378],[120.63119679810028,23.729947771898477],[120.63168493060478,23.731059657363772],[120.63371334517623,23.73028115170633]],[[120.63371334517623,23.73028115170633],[120.63517231766316,23.72904979007859]],[[120.6247932621846,23.723114572418616],[120.62512983044743,23.722438163088388]],[[120.61949599497629,23.72731388984972],[120.62108928917502,23.728281818090103],[120.62300881871059,23.72836788657374],[120.62373319626796,23.730103452350065],[120.62502631453249,23.731418269226786],[120.62662040427728,23.731765347022797],[120.62730059380691,23.731437425813326]],[[120.61092934719308,23.73074690104303],[120.6120274268155,23.731324654712186],[120.61378599475047,23.73121172973242],[120.61520259302398,23.730352932735055]],[[120.63297386130392,23.724628910021565],[120.63369240588521,23.724553900975653],[120.63406897101699,23.7236405523874],[120.63593296160244,23.72334255951158],[120.63776442376587,23.72118210821911],[120.63798684357182,23.715155333298004]],[[120.63098151633126,23.722674864072474],[120.62953162688191,23.724241307966185]]]}},{"type":"Feature","properties":{"NAME":"大湖口溪","FROM":""},"geometry":{"type":"MultiLineString","coordinates":[[[120.52008568554504,23.637625362050827],[120.5202082451003,23.63942723277673]],[[120.60813808158282,23.594042197494677],[120.60958129960375,23.594282395143253]],[[120.58388005238945,23.616178308986157],[120.58513489718653,23.616773185016893],[120.58761000227483,23.616560822010598],[120.5888655331102,23.617234681440507],[120.58977429971782,23.616476263391004],[120.59173447657489,23.616136015991184],[120.59238642133367,23.617970926245864]],[[120.4707205887137,23.66750295852743],[120.47073463069961,23.667480533264715]],[[120.48166872476652,23.662684604345564],[120.48228125076187,23.662786050186337]],[[120.47216292175949,23.664604890354717],[120.47322688216978,23.666795956230366]],[[120.48129101369305,23.660421581909358],[120.48166067838258,23.662638918838873]],[[120.61611464827672,23.610639644266065],[120.61918078829386,23.609348590223213],[120.62102729704658,23.607797647826377]],[[120.47216292175949,23.664604890354717],[120.47464467712564,23.66451979896384]],[[120.60920988499808,23.608672612458527],[120.60976540176898,23.60822642466502]],[[120.50403702636498,23.646655231000747],[120.50357814199481,23.64418172023917]],[[120.49318284740976,23.65377379413593],[120.49227597231628,23.653314694475966]],[[120.59466815455279,23.6110594990217],[120.59530436876128,23.610583036952924]],[[120.57318186276395,23.602347450467246],[120.57346328654745,23.602384679333582]],[[120.57088966132775,23.603703302971628],[120.57180504541233,23.60271249474281],[120.5731101575193,23.60234133093257]],[[120.60917720500818,23.60931083062859],[120.60917409801723,23.608700191948138]],[[120.55373233479949,23.612401997588574],[120.55465431618292,23.612281245981706],[120.55608718971223,23.610908252528517],[120.55632645651966,23.609874989588924],[120.55813251692005,23.609083258491648]],[[120.57349921710059,23.602337166139616],[120.57384107441582,23.601550937106527]],[[120.60978296106752,23.608196459443707],[120.60982866063706,23.607738898645945]],[[120.58166861127631,23.603118744305704],[120.57997240760947,23.60394043828445],[120.57948662467903,23.60360542063437],[120.57879216747983,23.604070429709566],[120.57693577605025,23.604011788112135]],[[120.57689283239712,23.603956139003397],[120.57627953476775,23.60373621935797],[120.57561317639097,23.604915123382508],[120.57425868275702,23.604902373342917]],[[120.59086543597607,23.60666068635754],[120.58875546064311,23.607212745721203]],[[120.5991436194915,23.593710979040882],[120.60185444490999,23.593069025803516],[120.60290757332193,23.593484857664812],[120.6060864193271,23.593111398723103],[120.60813808158282,23.594042197494677]],[[120.55230314888465,23.61387735379248],[120.55368084438969,23.61244161186341]],[[120.53996780693397,23.613719230653963],[120.54152161177765,23.61550837779886]],[[120.59535957895153,23.610491852367854],[120.59674026102628,23.610432762909966],[120.59702284561442,23.609991002121664],[120.5950074574644,23.607583634669208]],[[120.46894094333518,23.67295751538475],[120.46928107750652,23.673810990752866]],[[120.4694667087284,23.67391280154456],[120.47008720403701,23.673878228018445]],[[120.47014013672225,23.673876293514788],[120.47077630491833,23.67384421200073]],[[120.57425868275702,23.604902373342917],[120.57423394381475,23.60415729504813],[120.57560930996561,23.601725112369444],[120.57671333738695,23.60211192678655],[120.57723753462065,23.601632488623345],[120.57819615424178,23.601763785756635],[120.579229979983,23.60075744888132],[120.58135770948657,23.600189781929807],[120.58121572820346,23.599320219493052],[120.58179551228869,23.59932178551272],[120.58187272307715,23.598861441891323],[120.58241408273382,23.59900964633283]],[[120.54154520188203,23.61555210826845],[120.54345822034658,23.618305607951733]],[[120.57561572453425,23.606193367422506],[120.57408770610655,23.60585461288507]],[[120.57790984896451,23.60758962830498],[120.57569654279938,23.606163867641826]],[[120.58875546064311,23.607212745721203],[120.58942234535884,23.606121820018412],[120.59132824041278,23.604648107085605]],[[120.62388297350552,23.605546671569705],[120.62465022084957,23.60375894116265],[120.62566478779169,23.603632643471798]],[[120.49115810474817,23.653911331684334],[120.4925430957628,23.652803173182026]],[[120.55813251692005,23.609083258491648],[120.56078243563596,23.608409046584953],[120.5629287947249,23.606365289868403],[120.56528763022833,23.605850439703982],[120.56639059999783,23.6051085290325]],[[120.57408770610655,23.60585461288507],[120.57424091548789,23.60505837034186]],[[120.57425045548581,23.604974609018907],[120.57425868275702,23.604902373342917]],[[120.57374732681414,23.605957525638416],[120.57408770610655,23.60585461288507]],[[120.62102729704658,23.607797647826377],[120.62141095282696,23.606903787922658],[120.62388297350552,23.605546671569705]],[[120.62388297350552,23.605546671569705],[120.62491650990337,23.60587529664503],[120.62604989489313,23.607065103817927]],[[120.60338896995295,23.614779960198703],[120.60351850954689,23.61540525165467]],[[120.58875546064311,23.607212745721203],[120.5884878809951,23.60850339888743],[120.5868953427996,23.60971601563125],[120.58287199277481,23.610262850675014],[120.58235829455501,23.609916046081572],[120.58058272969959,23.610080556103654],[120.57993036442873,23.609227661348434],[120.5783675275315,23.60967041039947],[120.57792014522674,23.60762604903978]],[[120.6035044853194,23.61545767404448],[120.60275647984493,23.617661323193182],[120.60174354877799,23.61804253301297],[120.60076290042039,23.61976710094523]],[[120.59896490168747,23.59361133625782],[120.59909686774269,23.59368434173782]],[[120.55813251692005,23.609083258491648],[120.55927528198227,23.60943418597533],[120.562116357104,23.608275128597725],[120.56345462055054,23.608256284923797]],[[120.5990043190731,23.609711667620992],[120.59952218397582,23.609489494822594],[120.59935272639486,23.608497960871492],[120.60094150739374,23.607267118230038],[120.60349979399929,23.606849220134276],[120.60552454183218,23.605418518815352],[120.6069346073268,23.605589150942365]],[[120.60552454183218,23.605418518815352],[120.60598060987404,23.60459338490163]],[[120.47109449832881,23.673836600620973],[120.47152873275972,23.673788062356216]],[[120.59312599778468,23.594597419898502],[120.59558192519398,23.594301306645992],[120.5981652228052,23.593328201095233],[120.59893246600505,23.5935936845686]],[[120.59415310754609,23.59368803205593],[120.59584451977891,23.592960972020034]],[[120.54512190940797,23.619817081815313],[120.54725423040028,23.617634992386453],[120.5475090115913,23.617866008866937],[120.54863567483206,23.61598199020075],[120.5496723022755,23.615437337556507]],[[120.54971360464731,23.615416200752794],[120.5521420710535,23.61404563814964]],[[120.47163665438566,23.67376006139253],[120.47231478663932,23.673498184548855]],[[120.47152873275972,23.673788062356216],[120.47153812515754,23.67378562543936]],[[120.4724394551638,23.67349477827277],[120.47280440183525,23.673365721824073]],[[120.47231478663932,23.673498184548855],[120.47237815281368,23.673496453227433]],[[120.47487209548908,23.664442136545897],[120.4752889764611,23.66430633834651]],[[120.47115673693648,23.664405040231962],[120.47216292175949,23.664604890354717]],[[120.62102729704658,23.607797647826377],[120.6243799674532,23.60852175587907]],[[120.56350047726819,23.608258661308422],[120.56354802782188,23.608261125456696]],[[120.47285997289971,23.673312091047098],[120.47280440183525,23.673365721824073]],[[120.54353576577853,23.618375819547605],[120.54508926001681,23.61983362058733]],[[120.47337095538406,23.673012456893712],[120.47290708498971,23.673268298015593]],[[120.43766933479763,23.671587496719017],[120.43797879917837,23.672344868218808]],[[120.60813808158282,23.594042197494677],[120.6111286833849,23.592999907243616]],[[120.43263744753148,23.671145428894356],[120.43262740367705,23.671045419590005]],[[120.6111286833849,23.592999907243616],[120.61691439565979,23.591280413700563]],[[120.43305841666925,23.672866542000396],[120.43265149680228,23.67128532092961]],[[120.47080990793484,23.667360314340733],[120.47049863550194,23.666034877511816]],[[120.6111286833849,23.592999907243616],[120.6143982813532,23.58966905580357],[120.6158213090478,23.58927975162244],[120.62060065773512,23.589406613128926]],[[120.47979772387781,23.659927370043285],[120.47939453647963,23.661803389521154],[120.47995393112242,23.662186771919462]]]}},{"type":"Feature","properties":{"NAME":"大湖底溪","FROM":""},"geometry":{"type":"MultiLineString","coordinates":[[[120.56630649643024,23.367151401863108],[120.56889277194192,23.367608398197227]],[[120.56359979633879,23.370605606902316],[120.56245606420957,23.369207857755132]],[[120.56872637483023,23.364340962102986],[120.5697220964985,23.361904497308434]],[[120.5624434922877,23.369170583063823],[120.56210065552557,23.368589082046185]],[[120.56872637483023,23.364340962102986],[120.57032044348631,23.363676084310217],[120.57074143635455,23.362765376610245]],[[120.56675872971833,23.365356918539337],[120.56872637483023,23.364340962102986]],[[120.5620714449212,23.368560046799285],[120.56112234138544,23.367765473968745]],[[120.56668820526924,23.365132091506776],[120.56514540143297,23.362578537029048],[120.56522948848168,23.360220903099695]],[[120.56367819212899,23.372159363796854],[120.56393310339377,23.37210987866087]],[[120.56397609457188,23.372098118429534],[120.56755237685728,23.37062174614664]]]}},{"type":"Feature","properties":{"NAME":"小坑仔溪","FROM":""},"geometry":{"type":"MultiLineString","coordinates":[[[120.55706666106609,23.668945692818447],[120.55775514279063,23.670158952410105],[120.55765132639822,23.67062280872586],[120.55682531084828,23.67079756388755]],[[120.55986741696027,23.67117318750075],[120.56064582846159,23.67119121203247],[120.56093651704849,23.670289070136537],[120.56174029980244,23.67046066696934]],[[120.56174029980244,23.67046066696934],[120.56260308938481,23.671221614816456],[120.5642897636646,23.6707162188496],[120.56493229649054,23.671704529125737],[120.56531983638702,23.669994498197685]],[[120.53094547913722,23.67978175687961],[120.53111729670985,23.679102791021382]],[[120.53111729670985,23.679102791021382],[120.53113259982628,23.677714525711988],[120.5318297603398,23.676813661349374]],[[120.56174029980244,23.67046066696934],[120.56392891230107,23.668261378701]]]}},{"type":"Feature","properties":{"NAME":"山坪頂乾坑","FROM":""},"geometry":{"type":"MultiLineString","coordinates":[[[120.67726662824354,23.681891983086558],[120.67797716294999,23.683622826442484]],[[120.68500165366733,23.677262122054472],[120.6828762406145,23.677086082616857],[120.67988853477888,23.677996374070275],[120.67708114236996,23.67850968867518],[120.6764451981199,23.678142610445068],[120.67459568418464,23.67869405777524]],[[120.68586229104785,23.69002430311404],[120.6853134406827,23.69055829918145],[120.68398873515109,23.69068874916982],[120.67990009237408,23.68930057792795],[120.67859147529512,23.68734933382652],[120.67790681096648,23.68546270807378],[120.67797618843824,23.684054046199545]],[[120.67726662824354,23.681891983086558],[120.6808781019187,23.68126745978124],[120.6820054991909,23.68187487186756],[120.68304987197637,23.683346773816254],[120.68480806393431,23.683212748563687],[120.687313843328,23.684075942187697],[120.69080066982414,23.683803712814726],[120.69217554120688,23.68561260731122]],[[120.67797716294999,23.683622826442484],[120.67797618843824,23.684054046199545]],[[120.66438861666838,23.681940975440444],[120.66444519686294,23.681451212301692]],[[120.66444519686294,23.681451212301692],[120.66472332180483,23.68137715841601]],[[120.6648991846579,23.67698193250568],[120.66871584054013,23.676608832149878],[120.67190593862144,23.677232136140766],[120.67312549730465,23.67686901869216],[120.67459568418464,23.67869405777524]],[[120.67999960749395,23.683789639139352],[120.67797716294999,23.683622826442484]],[[120.66444519686294,23.681451212301692],[120.6643693076864,23.67812340002511],[120.66482292302688,23.67697560007479]],[[120.67797618843824,23.684054046199545],[120.68087232912373,23.685403464732968]],[[120.66480070323443,23.681368466802393],[120.66676217095883,23.680756464752278]],[[120.67459568418464,23.67869405777524],[120.67550660665248,23.680811372120836],[120.67726662824354,23.681891983086558]]]}},{"type":"Feature","properties":{"NAME":"山黃麻湖溪","FROM":""},"geometry":{"type":"MultiLineString","coordinates":[[[120.60806906345837,23.35408824026031],[120.60483386778618,23.352807429495318],[120.60192200317397,23.354084602073844]],[[120.60811424701215,23.354102257702497],[120.60806906345837,23.35408824026031]],[[120.59524470082215,23.361077168830892],[120.59518285731825,23.36214160553226]],[[120.59948648971195,23.356554686173848],[120.59652491068383,23.358920634270046],[120.59527443002493,23.361024234380995]],[[120.59918609288209,23.354558795606312],[120.59766470973172,23.35384388289467]],[[120.60125135006646,23.35484650477839],[120.59999721129907,23.355129350762038],[120.59921347032986,23.354560350290242]],[[120.59246740148306,23.362074860241588],[120.59313749771441,23.363158568497848]],[[120.59246740148306,23.362074860241588],[120.59192372990461,23.362376875522845]],[[120.60806906345837,23.35408824026031],[120.60707598800231,23.354970498398654],[120.60670063085158,23.356269809171263],[120.60596412174753,23.356704188348875],[120.60515274309695,23.358209485692573],[120.6018536778449,23.360234727030278]],[[120.6018007431539,23.360269567013475],[120.60034567736038,23.36227521806455]],[[120.59943936905943,23.355905394407817],[120.59776930250081,23.356034193701824]],[[120.60192200317397,23.354084602073844],[120.60048660761817,23.353253594201504]],[[120.59773802002886,23.356050114351227],[120.59603909172253,23.35733785110477],[120.59550210050762,23.35870672011107],[120.59361358786384,23.359396217262628],[120.59324157507442,23.361054000448274]],[[120.59948648971195,23.356554686173848],[120.59981441647884,23.357911838661806]],[[120.60125135006646,23.35484650477839],[120.59943936905943,23.355905394407817]],[[120.60192200317397,23.354084602073844],[120.60125135006646,23.35484650477839]],[[120.59943936905943,23.355905394407817],[120.59948648971195,23.356554686173848]],[[120.59320720204961,23.361101932998],[120.59246740148306,23.362074860241588]]]}},{"type":"Feature","properties":{"NAME":"不知春排水溝","FROM":""},"geometry":{"type":"MultiLineString","coordinates":[[[120.66169327310642,23.690121003349223],[120.66333911178045,23.690185488953112]],[[120.66341571317828,23.690183656056824],[120.665076502957,23.690142158143107],[120.66628691956909,23.690896679034598],[120.6681487615366,23.691203335030806],[120.67338462353726,23.690307167950884],[120.67604378515679,23.69074416595618]]]}},{"type":"Feature","properties":{"NAME":"中心崙坑","FROM":""},"geometry":{"type":"MultiLineString","coordinates":[[[120.56530794320827,23.23923011358184],[120.56931834620015,23.237162569329385]],[[120.56938736716349,23.237123897338236],[120.5709509083913,23.235497200649476],[120.57184766824818,23.235187892800422],[120.57260692519702,23.233925633713778],[120.57496164276193,23.23302581159895]],[[120.57496164276193,23.23302581159895],[120.57951233621118,23.232248657563694],[120.58047087691486,23.23304459639986]],[[120.57496164276193,23.23302581159895],[120.57818787724065,23.231447512808103]]]}},{"type":"Feature","properties":{"NAME":"中坑","FROM":""},"geometry":{"type":"LineString","coordinates":[[120.63300856709505,23.68640429364693],[120.63856414750158,23.685435542369806],[120.64276630613745,23.682666504503597],[120.64391965036774,23.68142758482196],[120.64593580473357,23.681098129681807]]}},{"type":"Feature","properties":{"NAME":"中坑圳幹線","FROM":""},"geometry":{"type":"MultiLineString","coordinates":[[[120.50184822620534,23.579265767376945],[120.50329257445163,23.578627618420022],[120.50633204125229,23.578580808658423]],[[120.50714659035911,23.574733351246916],[120.50696447896175,23.574782930611505]],[[120.5068543790519,23.574812904893626],[120.50389719374952,23.57502809515181],[120.50247664437957,23.5759237162775]],[[120.50883821851258,23.574014403411134],[120.50718196124605,23.57472372157988]],[[120.50635035318959,23.57854367300213],[120.50578939801673,23.578131217068172]],[[120.50575819324881,23.57809676566483],[120.5049609178227,23.57704882706814]],[[120.50492957534266,23.577023717579166],[120.50247664437957,23.5759237162775]],[[120.49332201823299,23.576195655225895],[120.49194244258976,23.576615107758577]],[[120.50247664437957,23.5759237162775],[120.50142415632645,23.57581518843916],[120.50007329093344,23.57489697438201],[120.49996136466345,23.574300790083903],[120.49801769413192,23.57336572530771],[120.49605658331619,23.57450495588313],[120.49581555782802,23.57557685707443],[120.49339884704473,23.576106923254073]],[[120.49190616705552,23.576644131525818],[120.49188380720686,23.57666202145146]]]}},{"type":"Feature","properties":{"NAME":"中林溝","FROM":""},"geometry":{"type":"MultiLineString","coordinates":[[[120.49521449959182,23.60142510298448],[120.4939672468963,23.6035754156782],[120.4929299501978,23.60298506769226],[120.491865171915,23.603173550449377]],[[120.49087823658665,23.603120792090337],[120.49004814552045,23.602923281043786]],[[120.491865171915,23.603173550449377],[120.49087823658665,23.603120792090337]],[[120.48699583693262,23.59970606140188],[120.48786675559926,23.599688477758644],[120.48888472645162,23.60072618902737]],[[120.48699583693262,23.59970606140188],[120.48679287423786,23.59977112274185]],[[120.48913185442201,23.60147713657127],[120.49004814552045,23.602923281043786]],[[120.46812180920355,23.59970502500241],[120.4686519471292,23.600050077578672],[120.46955600953035,23.599554896577402],[120.47182944368795,23.599502892606694],[120.47217829208167,23.597774063514724]],[[120.49149666704145,23.604539830100602],[120.491865171915,23.603173550449377]],[[120.4889379901322,23.600758751374293],[120.48910455819173,23.601433138313084]]]}},{"type":"Feature","properties":{"NAME":"中林溪","FROM":""},"geometry":{"type":"MultiLineString","coordinates":[[[120.47962163031951,23.578761180250844],[120.48060334363095,23.577631911427392]],[[120.47796701719382,23.581094254266176],[120.4781488046889,23.57996381327751],[120.47958200831137,23.57879395789679]],[[120.48102388719163,23.577573889119236],[120.4820846258632,23.577716919980855],[120.48325479416741,23.578640817288452],[120.483939329777,23.578419020161473]],[[120.47796701719382,23.581094254266176],[120.4795818614807,23.581268214164844]],[[120.48063654004797,23.57761090934597],[120.48098898135312,23.577573772464365]],[[120.47172469594231,23.59010921906953],[120.47165611105308,23.588651065854254]],[[120.46123354447877,23.586904898014083],[120.46219713577169,23.586788315238913],[120.46226998650016,23.585945891105155],[120.46522873590493,23.584024119376963],[120.46859910143101,23.583806230574115],[120.47035832868752,23.582334250898572]],[[120.47301876058206,23.581212651338987],[120.47467665455068,23.582195826132022],[120.47530223674823,23.581988723965996],[120.47521126803916,23.58105856385667],[120.47643580159333,23.580519560519672],[120.47706690214923,23.58051006550557],[120.47756162400029,23.58147645492912],[120.47796701719382,23.581094254266176]],[[120.47038506773839,23.58229210789642],[120.47055196458543,23.581307206407047]],[[120.47056129141045,23.581252396507562],[120.47248453987069,23.58025130066119],[120.47299428321206,23.581179603277555]],[[120.4739656581579,23.59129318132665],[120.47173408969527,23.59014309639416]],[[120.47399549916231,23.59131840526234],[120.47399073004766,23.59131437403707]]]}},{"type":"Feature","properties":{"NAME":"中羌仔寮溪","FROM":""},"geometry":{"type":"MultiLineString","coordinates":[[[120.70023900651533,23.73311289984392],[120.69835528438706,23.73401189737856],[120.69754541150402,23.73393514526948],[120.69681012118288,23.734619260540995],[120.69524960913286,23.73436435289575],[120.69382082208777,23.735947127652512],[120.6926988200969,23.735988909072525]],[[120.69265269196403,23.73594627383932],[120.69089236561547,23.73611270673661],[120.69029533865279,23.736765617925258],[120.6901103087313,23.735557568626035],[120.68917090714457,23.736112477394574]],[[120.70932755501374,23.732614341331477],[120.70558172514802,23.732454030605574],[120.7038177071802,23.733001420100152]],[[120.70372704643478,23.733003713739176],[120.7015302642126,23.733440655691872],[120.70029318056656,23.733100405614522]],[[120.7143839785607,23.73216227546013],[120.71382460266425,23.732910035105448],[120.71286925830843,23.733167277277534],[120.70941446676635,23.73261570660809]]]}},{"type":"Feature","properties":{"NAME":"五里埔圳","FROM":""},"geometry":{"type":"MultiLineString","coordinates":[[[120.63353477669494,23.15011829891993],[120.63341034929346,23.15]],[[120.63357767911211,23.15015908801518],[120.63399636203215,23.15]],[[120.64370251778975,23.15],[120.63757358049476,23.15361554565035],[120.63357767911211,23.15015908801518]],[[120.63357767911211,23.15015908801518],[120.63355504386786,23.15013756776076]]]}},{"type":"Feature","properties":{"NAME":"五權溪","FROM":""},"geometry":{"type":"MultiLineString","coordinates":[[[120.72689904652714,23.26385657493141],[120.72883953480921,23.262419542226088],[120.72945032009049,23.260763514215245],[120.73034419428791,23.26187801065022],[120.7322251961736,23.261829135544083]],[[120.72689904652714,23.26385657493141],[120.72861445969542,23.263629222591597],[120.73142815875667,23.264853039903038]],[[120.71247483758245,23.268533529910474],[120.71386723087588,23.268172589122692],[120.71415534968361,23.267609755812575]],[[120.7141920903507,23.267560322520932],[120.7172286264996,23.266354522172108],[120.71832992089882,23.266507746418014],[120.72121904315388,23.2649145032195],[120.72479564373411,23.264927544014444],[120.72589076441444,23.263983522571873],[120.72689904652714,23.26385657493141]]]}},{"type":"Feature","properties":{"NAME":"內埔子圳幹線","FROM":""},"geometry":{"type":"MultiLineString","coordinates":[[[120.48122761906959,23.53312302140698],[120.48331176997654,23.532006483671438],[120.48475494494372,23.53239861410724],[120.48625107991225,23.531862981811766],[120.48571712007384,23.52926589746033],[120.48527731977975,23.528572706047438],[120.48481822272169,23.52862598497224],[120.48468227494007,23.527445144754452]],[[120.48487328075409,23.52283126106072],[120.48449252866736,23.522188931589557]],[[120.48434546047207,23.522102272126947],[120.48358606044636,23.52229784329044],[120.48377778220616,23.523008087426547],[120.48329941894663,23.523243417642252],[120.48360933846392,23.523573579080445]],[[120.48362768292135,23.523602463499337],[120.48432759698937,23.52443822157601],[120.48468227494007,23.527445144754452]],[[120.48583402892493,23.522503981449404],[120.48543564386706,23.52264647131794]],[[120.48468227494007,23.527445144754452],[120.48429605917144,23.52755621299016]],[[120.48941220297843,23.52829964794314],[120.48943996286195,23.528419619137278]],[[120.48943996286195,23.528419619137278],[120.48922318487314,23.52981164996064]],[[120.48531547394505,23.522661030756407],[120.48504585992708,23.522816047503056]],[[120.48943996286195,23.528419619137278],[120.49165407859043,23.529781458009438],[120.49286423342242,23.52903471959716]],[[120.49288970444908,23.529002164375683],[120.4932780811747,23.529099173034258],[120.49290090516833,23.53042976960667]]]}},{"type":"Feature","properties":{"NAME":"內埔坑","FROM":""},"geometry":{"type":"MultiLineString","coordinates":[[[120.43722749531227,23.166224289607165],[120.43598558972056,23.16601476537342]],[[120.42640916227577,23.164887416825717],[120.42800768044786,23.16342565570354]],[[120.42800768044786,23.16342565570354],[120.42769786942772,23.162201171073214]],[[120.43598558972056,23.16601476537342],[120.43616967478206,23.166834736768205],[120.43764411728485,23.168428651399807]],[[120.43047986636549,23.15995115393019],[120.43024388614364,23.159221254075376],[120.42936394636999,23.159572651886258],[120.42978041641352,23.15882013917629],[120.42862047057132,23.15813448088184]],[[120.42074236561213,23.15],[120.42112056382825,23.15]],[[120.43598558972056,23.16601476537342],[120.43391666900942,23.164739279303042],[120.43373650578982,23.164023111778953]],[[120.42769786942772,23.162201171073214],[120.42632818201596,23.161747293223137],[120.42699771440978,23.160722535041486],[120.42610404521056,23.159669846650687],[120.42614475255856,23.157642950068016]],[[120.43163121842828,23.15961421349588],[120.43185769226511,23.158942306313165],[120.43296135875735,23.159589372252995],[120.43307531291413,23.160151829014456],[120.4335058774914,23.159724394646243],[120.43389758627247,23.160317137345373],[120.43576370218373,23.159917112124432]],[[120.42769786942772,23.162201171073214],[120.4280640344423,23.16173291417655],[120.42771552342906,23.160720476855932],[120.42862047057132,23.15813448088184]],[[120.43373650578982,23.164023111778953],[120.43346388676335,23.163821288176923]],[[120.43047986636549,23.15995115393019],[120.43163121842828,23.15961421349588]],[[120.43373650578982,23.164023111778953],[120.43477674142535,23.163631601745312],[120.43604736741936,23.164143756409015],[120.43737346228733,23.163699034940905]],[[120.43576370218373,23.159917112124432],[120.43617112665758,23.159810131144923]],[[120.42477414000902,23.163543262223826],[120.42491337955919,23.15782156513923],[120.42614475255856,23.157642950068016]],[[120.42800768044786,23.16342565570354],[120.4282269901326,23.164227733056443],[120.42949246812705,23.164773815771714]],[[120.43346388676335,23.163821288176923],[120.43267776285535,23.16422266251195],[120.43282215973639,23.16373332228228],[120.43191928588791,23.163366814671633],[120.43134989007534,23.162051128143514],[120.43073089535095,23.161773628431014],[120.43047986636549,23.15995115393019]],[[120.42862047057132,23.15813448088184],[120.42757488803683,23.157923235472932],[120.42725724787697,23.15661968374272],[120.42644855846241,23.156422794880346]],[[120.43346388676335,23.163821288176923],[120.43312415889828,23.162657614791538],[120.43214208891028,23.162620409787788],[120.43163121842828,23.15961421349588]],[[120.42614475255856,23.157642950068016],[120.42661161137342,23.157215662728863],[120.42604355224357,23.156762261198356],[120.42620764990276,23.156266218693872]]]}},{"type":"Feature","properties":{"NAME":"六斗坑","FROM":""},"geometry":{"type":"MultiLineString","coordinates":[[[120.55797632614198,23.637719251767546],[120.55763530772522,23.638215290599984]],[[120.55763530772522,23.638215290599984],[120.55557756222487,23.640504041674742]],[[120.56268216006151,23.632756768081492],[120.56520845007921,23.631270334706834]],[[120.55555737334356,23.640534434010227],[120.5555190009406,23.64059219973566]],[[120.55834750112068,23.636851529516814],[120.56004447535209,23.63544100966659],[120.56033325074274,23.634498218217942],[120.562655664734,23.63277989626464]],[[120.55763530772522,23.638215290599984],[120.55843412613726,23.63908443860413]]]}},{"type":"Feature","properties":{"NAME":"六重溪","FROM":""},"geometry":{"type":"MultiLineString","coordinates":[[[120.4467923390812,23.30656162159609],[120.44908853599219,23.30489251832133]],[[120.46009304943811,23.326407589244315],[120.45917402379101,23.326226086733737],[120.45733750283578,23.327063996821554],[120.45511533478273,23.329196251183234]],[[120.44252096872427,23.32362347359777],[120.44310349452327,23.323882891730058],[120.4448887212592,23.323160128055626]],[[120.44038180439154,23.305699146933687],[120.44064880161409,23.306056753834735],[120.43999253210431,23.3074539505019],[120.43798883534815,23.308853102808367]],[[120.44817610834947,23.324187600217655],[120.4476090491379,23.32259867089124]],[[120.44443995164046,23.311422353247355],[120.44325523192188,23.310359453621047]],[[120.4438265601523,23.31079037838236],[120.44443995164046,23.311422353247355]],[[120.42607529100476,23.318739838958795],[120.4256066276295,23.319823939360113]],[[120.45065857265054,23.309049269488227],[120.45110444849605,23.3088115547493],[120.45091795724778,23.309339119340546]],[[120.43798883534815,23.308853102808367],[120.43683274475647,23.309185286248702]],[[120.42934152440347,23.31731383329738],[120.43077490780365,23.314249084667953],[120.43120883929772,23.314101680764598]],[[120.42952298164002,23.320064051761914],[120.43013334399376,23.31996243345365],[120.42998245140213,23.319255307461297],[120.43300586335843,23.315370055237675],[120.43337993475572,23.313588124526092]],[[120.4359249384304,23.31639191258941],[120.43575220292693,23.31540483515687],[120.43670166681713,23.315033546656682],[120.43668624431353,23.31405606651885],[120.43780951991424,23.314425802323274],[120.43783011931465,23.313872829631038],[120.4386100392781,23.313451243632596],[120.44014549165351,23.314310002956173]],[[120.44517375150437,23.310883197189337],[120.44369887273045,23.309584509249103]],[[120.43683274475647,23.309185286248702],[120.43732693161189,23.309782999313782],[120.43684356480557,23.310061166552835]],[[120.43684356480557,23.310061166552835],[120.43731923485865,23.31045791144534]],[[120.50311554078878,23.32027404609145],[120.50282043955842,23.319902909941575],[120.50073749808003,23.32101367289167],[120.50043299953686,23.320622185805256]],[[120.4255943509827,23.318424281976537],[120.42607529100476,23.318739838958795]],[[120.43684356480557,23.310061166552835],[120.4347490343944,23.31097007675715]],[[120.4256066276295,23.319823939360113],[120.42599763218561,23.320231720121317]],[[120.42808951129294,23.316415692666794],[120.42662365100361,23.314859024087795]],[[120.50043299953686,23.320622185805256],[120.50083692288912,23.320153947015974],[120.50050383854492,23.319096457068227]],[[120.44648668997326,23.313537963711827],[120.44517375150437,23.310883197189337]],[[120.4347490343944,23.31097007675715],[120.43461261069493,23.311792574426416]],[[120.43456336770153,23.311837983540237],[120.43321441778194,23.313048022616652],[120.43337993475572,23.313588124526092]],[[120.4265734511127,23.314813509041386],[120.42629490957339,23.314609660027468]],[[120.46401304407611,23.313203865231745],[120.46256220380984,23.31282419452558]],[[120.49901901439992,23.32117975195073],[120.49893819754523,23.320549699317855],[120.49945700204363,23.320242101307215],[120.49980577313458,23.320877522871637],[120.50043299953686,23.320622185805256]],[[120.44659530387125,23.319507449695138],[120.44947375967489,23.319623181005056],[120.45170784366469,23.32245058876872]],[[120.46519603354595,23.313289196410015],[120.4640995228054,23.313227437422583]],[[120.4255943509827,23.318424281976537],[120.42622015976187,23.3178712583787]],[[120.42961422476967,23.320369137936332],[120.42952298164002,23.320064051761914]],[[120.45833798102001,23.32017111179871],[120.4589279718284,23.321100980848403]],[[120.4897587070605,23.316244745793423],[120.49185224710503,23.31519280639452],[120.49416749655985,23.315873798657773]],[[120.49426117403294,23.315907385685072],[120.49509658876134,23.31628681315712]],[[120.44489279123147,23.312123733771323],[120.44586088779185,23.313653129474524]],[[120.44443995164046,23.311422353247355],[120.44489279123147,23.312123733771323]],[[120.44014549165351,23.314310002956173],[120.44066846329628,23.315217060145994],[120.44205850545829,23.315091085159995],[120.44341227431902,23.31639161638442]],[[120.44517375150437,23.310883197189337],[120.44344690820762,23.308608446025897]],[[120.46579128579351,23.31515581533915],[120.46696715210986,23.317085359557577],[120.46847172996722,23.31771128670064],[120.46865974109716,23.318249213374827],[120.47021408430322,23.318290600583865],[120.46985234258575,23.31854447582808],[120.47058627993886,23.318734333650138],[120.47033809812577,23.31916468053251],[120.4709928666687,23.320340806363365],[120.47276590569322,23.321504901656866],[120.47481089301269,23.32390154869847]],[[120.47484339280197,23.32396484159367],[120.47495819658444,23.324167966888464]],[[120.47517182374298,23.324194565334093],[120.47566010612294,23.324349912083488],[120.47838840261937,23.322850997930416]],[[120.42927659947195,23.317762826094498],[120.43173457222268,23.31544218678048]],[[120.49509658876134,23.31628681315712],[120.49642584885574,23.316731270422206],[120.4995466304836,23.316276228422126]],[[120.49509658876134,23.31628681315712],[120.49645139552922,23.31746725696881],[120.499197637134,23.31727740092701]],[[120.42764628371538,23.31709994508077],[120.42822548577723,23.31681977497412]],[[120.42934152440347,23.31731383329738],[120.42866341627845,23.3167918628402]],[[120.42607529100476,23.318739838958795],[120.42764628371538,23.31709994508077]],[[120.4350252097377,23.307962069173527],[120.43683274475647,23.309185286248702]],[[120.42764628371538,23.31709994508077],[120.42782635912009,23.31932644418504]],[[120.42927659947195,23.317762826094498],[120.42934152440347,23.31731383329738]],[[120.43787515678478,23.317480229368154],[120.44022188324794,23.31782272938827]],[[120.49901901439992,23.32117975195073],[120.49824798107326,23.32061972803947]],[[120.44759478644343,23.31111523965912],[120.44594015605297,23.30855634358455]],[[120.42952298164002,23.320064051761914],[120.42927659947195,23.317762826094498]],[[120.42525014568417,23.317869939745094],[120.4255943509827,23.318424281976537]],[[120.4347490343944,23.31097007675715],[120.43674379921707,23.311697365824415],[120.43806034788078,23.311325129740666]],[[120.42382229084956,23.317899497507312],[120.42466794843762,23.31861274506483],[120.4246745843417,23.3194570513126],[120.4256066276295,23.319823939360113]],[[120.4589279718284,23.321100980848403],[120.459638529185,23.32081447135938],[120.46089715000679,23.321328998656135],[120.46270156483067,23.32090852904061],[120.46375410477006,23.321420079512713],[120.46485054365496,23.322435151709037],[120.464321916001,23.323464961964863],[120.46524657366402,23.323795447246056],[120.46535228392827,23.32438949876485]],[[120.42281593957286,23.31795349474893],[120.42377328157255,23.31785863656696]],[[120.46346060466202,23.30821548725168],[120.46501298663817,23.30899281013069],[120.46612658553174,23.308935657896487]],[[120.45091795724778,23.309339119340546],[120.45082266002387,23.309332013056963]],[[120.46101441645926,23.30868496636114],[120.46346060466202,23.30821548725168]],[[120.44617428514647,23.319372225490113],[120.44650211010072,23.319477517522838]],[[120.44489279123147,23.312123733771323],[120.44387894823274,23.31252193797991],[120.44157726937244,23.31069660116338],[120.44123300983034,23.30958928487563]],[[120.45015464411397,23.308679553830718],[120.45165389275324,23.30768029441604]],[[120.45091795724778,23.309339119340546],[120.45148211823997,23.309736132285718],[120.45191179221376,23.30950061594895],[120.45296479008783,23.307964787096655],[120.45533022761224,23.307783410702605]],[[120.44014549165351,23.314310002956173],[120.44111227412373,23.312302163913763],[120.44067585415145,23.310993616210208],[120.44123300983034,23.30958928487563]],[[120.46051753022513,23.308625265916454],[120.46093312400527,23.308675199255937]],[[120.45630507652332,23.320827767893537],[120.45642707163289,23.32139482401104]],[[120.45511533478273,23.329196251183234],[120.45443166342582,23.329141943410114],[120.45475175574697,23.33008438850741]],[[120.46535228392827,23.32438949876485],[120.46674985046123,23.325157266599614],[120.46877530753669,23.325128043927727]],[[120.50049270138287,23.322446312405404],[120.50071309004919,23.322307055992724]],[[120.44460294913844,23.30305953898307],[120.44422179969975,23.303308749198283]],[[120.43842364094441,23.30239874610808],[120.43818348951109,23.30167103849825]],[[120.49747927775307,23.321267378253268],[120.49901901439992,23.32117975195073]],[[120.44894519697856,23.30906807937979],[120.4485943355919,23.308060070921726],[120.44699672096426,23.307345635989083],[120.4467923390812,23.30656162159609]],[[120.44460294913844,23.30305953898307],[120.44463726501525,23.30229668989783],[120.44516037150885,23.301930600456004],[120.4449015215735,23.301489508662364]],[[120.44422179969975,23.303308749198283],[120.44388220971516,23.30408406202091]],[[120.44108575742068,23.304819042598474],[120.44021460057391,23.30333965731688]],[[120.44388220971516,23.30408406202091],[120.4419618671426,23.304569337561443]],[[120.44388220971516,23.30408406202091],[120.4431096295392,23.303149047229343],[120.44322788800535,23.30170253371229],[120.44255130255424,23.301214810844872]],[[120.4419618671426,23.304569337561443],[120.44108575742068,23.304819042598474]],[[120.44466132370438,23.30739380258987],[120.44506591440181,23.306566799667404],[120.4456348755774,23.306622990690855]],[[120.44422179969975,23.303308749198283],[120.44411423140593,23.302222602288705],[120.44462947270897,23.301204124286095]],[[120.44108575742068,23.304819042598474],[120.44038180439154,23.305699146933687]],[[120.44527533561636,23.302757183129476],[120.44460294913844,23.30305953898307]],[[120.4419618671426,23.304569337561443],[120.44140072267803,23.303389024419857],[120.44161314008555,23.302003795236875]],[[120.4467923390812,23.30656162159609],[120.44635338507456,23.30487610503123],[120.44725652546059,23.304768685031405],[120.44741003447811,23.304347106107933],[120.44668490275328,23.30363123167592],[120.44677205898799,23.302762472712804]],[[120.46981006729392,23.32607288307622],[120.46741115129856,23.327814204041566],[120.46636221539259,23.327896405771433],[120.46472353446218,23.325355760801184],[120.46535228392827,23.32438949876485]],[[120.46320642553478,23.30792101784264],[120.46343349709635,23.306876786401528],[120.46277636803215,23.30492418897166],[120.46394604989865,23.30397333025031],[120.46314403501243,23.303467200587743],[120.46309956703978,23.302629574175807]],[[120.46346060466202,23.30821548725168],[120.46327673402834,23.308002471240087]],[[120.4456348755774,23.306622990690855],[120.44482496769382,23.30484586562701]],[[120.43946899214937,23.303448605956966],[120.43842364094441,23.30239874610808]],[[120.44424388610831,23.307482614172336],[120.44557867071057,23.309485085349387]],[[120.44123300983034,23.30958928487563],[120.44199548372106,23.308779358116922],[120.44303876140293,23.30873791944345],[120.4433963934729,23.30785657570367],[120.44424388610831,23.307482614172336]],[[120.44466132370438,23.30739380258987],[120.44696260884999,23.307675085215486]],[[120.43798883534815,23.308853102808367],[120.4382043445992,23.307190229784016]],[[120.45642707163289,23.32139482401104],[120.4589279718284,23.321100980848403]],[[120.49454494577759,23.32162138553586],[120.49683797206565,23.321365898774747]],[[120.49696872792173,23.321345527347603],[120.49747927775307,23.321267378253268]],[[120.49747927775307,23.321267378253268],[120.49936224452013,23.322614274195647],[120.50049270138287,23.322446312405404]],[[120.45642707163289,23.32139482401104],[120.45846295808191,23.324731510236944],[120.45933929020985,23.324998648066533]],[[120.44038180439154,23.305699146933687],[120.43950363230667,23.303502377557955]],[[120.5001883646141,23.322169943721864],[120.49974787675076,23.321545507443297]],[[120.44424388610831,23.307482614172336],[120.44466132370438,23.30739380258987]],[[120.45031350787347,23.321486302575895],[120.45078933132278,23.32244284571073],[120.45155195365675,23.32260579915473]],[[120.45015551218886,23.32295980783175],[120.44994868251483,23.322663365039958],[120.44943060053261,23.3229820841416],[120.44883552390974,23.321797127630532],[120.44813429339044,23.32214228417555],[120.44736710096323,23.32151427878086],[120.44676262529447,23.32202681765588]],[[120.5001883646141,23.322169943721864],[120.49931034756642,23.32169535274368]],[[120.50071309004919,23.322307055992724],[120.50217129625632,23.322399727056332]],[[120.50071309004919,23.322307055992724],[120.5001883646141,23.322169943721864]],[[120.50069005087268,23.322654618502717],[120.50049270138287,23.322446312405404]],[[120.42586987015365,23.322678261272767],[120.42655482655522,23.321992296728126],[120.42856922698427,23.322051609738455]],[[120.4456348755774,23.306622990690855],[120.4467923390812,23.30656162159609]],[[120.4511152031007,23.323344678699353],[120.45206207604464,23.324230632884028],[120.45272819515571,23.32384244564883],[120.45380372618108,23.324295426347547],[120.45393395319941,23.32500469366034]],[[120.42099724744912,23.326217783821008],[120.42039978144098,23.32554964475703]],[[120.45035023696703,23.323766371226355],[120.45204797657124,23.32499582867373],[120.452484989365,23.326570745963227],[120.45408327020418,23.32694429622802],[120.45511533478273,23.329196251183234]]]}},{"type":"Feature","properties":{"NAME":"六雙溪","FROM":""},"geometry":{"type":"MultiLineString","coordinates":[[[120.36439429187972,23.159865582662324],[120.36476327024188,23.1597226076286]],[[120.3693786603077,23.15004358444273],[120.36923909282268,23.15]],[[120.38118721199137,23.16472535941065],[120.38225439070499,23.1662459127219],[120.3831685857222,23.166477191995103]],[[120.37003310385485,23.164722863383602],[120.3705894194272,23.164817445599276],[120.37076904430758,23.163129996243097],[120.37199158020493,23.162362628469857]],[[120.37199158020493,23.162362628469857],[120.37203475828268,23.161766964114687],[120.37290585945674,23.161027629642806]],[[120.37663321235975,23.164406318259083],[120.37516446829756,23.163146108954365],[120.37630471615392,23.16241677347057]],[[120.38510855700005,23.168556133382864],[120.3854331596007,23.16816460847076],[120.38646784870427,23.168439207281025]],[[120.377827146313,23.164284295543176],[120.37789599688348,23.164137847956404]],[[120.37952584986914,23.152732334329162],[120.38072146280594,23.152666671815762]],[[120.36377418511871,23.16126262909872],[120.36382720233489,23.16093332955815]],[[120.38501827026421,23.16840233239978],[120.38510855700005,23.168556133382864]],[[120.38510855700005,23.168556133382864],[120.38558984869593,23.170115177385618]],[[120.36942078379886,23.154045458817595],[120.36930717521679,23.153428875600603]],[[120.36462530603993,23.161055884413845],[120.36483447267435,23.161282338034543]],[[120.38540018481582,23.165374867234753],[120.38756257734471,23.166150085172045],[120.38791273556282,23.167616146206537]],[[120.38198463432873,23.15629383558315],[120.38194118280565,23.155894180764655],[120.37949158312672,23.154659766051026],[120.37952584986914,23.152732334329162]],[[120.37199158020493,23.162362628469857],[120.37288632608026,23.162153757947475]],[[120.37003310385485,23.164722863383602],[120.3716152187575,23.164724182271172],[120.37160515492637,23.1655659455515],[120.37319711721676,23.164951170491776]],[[120.38118721199137,23.16472535941065],[120.3839157707897,23.16488423281817],[120.38430288715118,23.164542576367648],[120.38493448159166,23.16543637049634],[120.38540018481582,23.165374867234753]],[[120.36483447267435,23.161282338034543],[120.3645658572373,23.161951624944457],[120.36557012417596,23.16218327268581],[120.36618667782611,23.163623148748837],[120.36780192099029,23.16396526311746]],[[120.36476327024188,23.1597226076286],[120.3658365529167,23.156682011966357]],[[120.37752717634737,23.15199200361483],[120.37832109634047,23.15194027070627]],[[120.37707448404788,23.151371504154213],[120.37747946645611,23.151968445296056]],[[120.377827146313,23.164284295543176],[120.37630471615392,23.16241677347057]],[[120.37832109634047,23.15194027070627],[120.37888728570833,23.15098078452052]],[[120.37319711721676,23.164951170491776],[120.3760963746842,23.164713546701023],[120.37636385693747,23.165603741284837],[120.37685652132531,23.165242186552113],[120.37663321235975,23.164406318259083]],[[120.37319711721676,23.164951170491776],[120.37428531930483,23.16429841503436],[120.37496758169716,23.162833930794964]],[[120.37952584986914,23.152732334329162],[120.37832109634047,23.15194027070627]],[[120.37789599688348,23.164137847956404],[120.378270702424,23.163879670342634],[120.37997913617184,23.164732239659738],[120.38118721199137,23.16472535941065]],[[120.37789599688348,23.164137847956404],[120.37880670913681,23.163093954773306]],[[120.3678404741662,23.16400687561543],[120.36840594000749,23.164335465616478],[120.36929315435,23.16386254965631],[120.37003310385485,23.164722863383602]],[[120.37880670913681,23.163093954773306],[120.3789651929113,23.16420494022929]],[[120.37630471615392,23.16241677347057],[120.37638321764624,23.161451086721826],[120.37738464827288,23.16229432473466],[120.37841228289474,23.162372547154735],[120.37880670913681,23.163093954773306]],[[120.36420697003727,23.161007537753193],[120.36462530603993,23.161055884413845]],[[120.37663321235975,23.164406318259083],[120.377827146313,23.164284295543176]],[[120.36462530603993,23.161055884413845],[120.36476327024188,23.1597226076286]],[[120.36382720233489,23.16093332955815],[120.36396887307616,23.160936053743367]],[[120.3739834163076,23.15],[120.37364327221995,23.150602988982556],[120.3743058595953,23.15124413281966],[120.37513450266492,23.15085890845292],[120.37707448404788,23.151371504154213]],[[120.37746270688937,23.15],[120.37676218094879,23.150435943829432],[120.37707448404788,23.151371504154213]],[[120.36483447267435,23.161282338034543],[120.36627801799726,23.16044586136042]],[[120.36382720233489,23.16093332955815],[120.36414772304178,23.15984496826639]]]}},{"type":"Feature","properties":{"NAME":"斗六東溪","FROM":""},"geometry":{"type":"MultiLineString","coordinates":[[[120.62308894956409,23.74119729979775],[120.62412419674872,23.73895359281244],[120.62538779459139,23.738247843215206],[120.62641898550405,23.73677400633533]],[[120.63094283457784,23.741547211700485],[120.63096385429475,23.74155287186875]],[[120.63313529848163,23.740120326292],[120.63409643047906,23.740314524830847],[120.63511549975416,23.739605848194696],[120.63662777633381,23.73947175171825],[120.6378471621419,23.74002097818252]],[[120.62119499175355,23.742018864393366],[120.62124334934217,23.74196955938]],[[120.63311235954183,23.739932896757093],[120.63523607506946,23.738493179862004],[120.63504584209727,23.737147240082347],[120.63663111854672,23.735992899935127]],[[120.62929322180217,23.74610916876636],[120.6305111468643,23.747681177462102],[120.63279516860277,23.747912493350235]],[[120.62929322180217,23.74610916876636],[120.63098393922787,23.746135901538985]],[[120.62164264873311,23.7435735113322],[120.62089198082005,23.746034324395765]],[[120.62589231159403,23.745152649211718],[120.62590714231305,23.745159004732734]],[[120.62641898550405,23.73677400633533],[120.62795183340519,23.733432353746352],[120.62941853088843,23.732785762623195],[120.63079291434296,23.733443742646315],[120.63136294572459,23.733205822825052]],[[120.62641898550405,23.73677400633533],[120.62287797201598,23.7341015548741]],[[120.6239893150442,23.746121209967953],[120.62443905180207,23.748878873651112],[120.6256867730804,23.749446339465496]],[[120.62939032120092,23.741779487014032],[120.62872666624492,23.73800098700378],[120.62931204628906,23.736198730742036],[120.63144634674053,23.73449956000021]],[[120.62397226932019,23.74588706393392],[120.62397917367778,23.746006235718294]],[[120.62191075383393,23.74328262435513],[120.62171525186486,23.74349473902405]],[[120.63107491581438,23.74158277834128],[120.63463173336166,23.7439842668886]],[[120.62929130992134,23.74610875211806],[120.62929322180217,23.74610916876636]],[[120.62700201409413,23.745547263643253],[120.62919133309181,23.746086964548216]],[[120.62598887480263,23.745194030107214],[120.62684443739404,23.7454963539755]],[[120.62308894956409,23.74119729979775],[120.62227054069844,23.739741399401805],[120.62238869218045,23.735705323950377]],[[120.62130495842028,23.741906734904994],[120.62308894956409,23.74119729979775]]]}},{"type":"Feature","properties":{"NAME":"木屐溪","FROM":""},"geometry":{"type":"MultiLineString","coordinates":[[[120.56957424632569,23.535101837112265],[120.57064088012706,23.536938490499594]],[[120.5696963673656,23.534336497658984],[120.56959615347107,23.535055147543385]],[[120.57339903125795,23.536576680448817],[120.57615167156216,23.536142826927996],[120.57720647773941,23.536733882612115],[120.58092212478388,23.53731316606379],[120.58280884477773,23.5382656504391]]]}},{"type":"Feature","properties":{"NAME":"水底寮坑","FROM":""},"geometry":{"type":"MultiLineString","coordinates":[[[120.54987788795711,23.27285117388409],[120.55094232464442,23.276126301135363],[120.55052496663788,23.27889766002338]],[[120.5443404972014,23.292390392975378],[120.54367848468948,23.294188029797823]],[[120.5443404972014,23.292390392975378],[120.5438360463081,23.29223883645783],[120.54056666255077,23.29605651277399]],[[120.54032144945971,23.28026324997524],[120.53896573521861,23.281206048803412],[120.5388699481972,23.28256860905622],[120.53596957193164,23.284404052226286],[120.53474950028495,23.286027684008353],[120.53508219309168,23.287023006180874],[120.53447614938304,23.287953403476543],[120.53454227388454,23.28929926738867],[120.53537284360847,23.290337083995542],[120.53839870545843,23.291875168325873]],[[120.54075321409246,23.28003060236461],[120.54035594982417,23.280229867965335]],[[120.54515363481701,23.291267171200396],[120.54529949774657,23.292718574762382]],[[120.54348896456848,23.2790840643058],[120.54075321409246,23.28003060236461]],[[120.54515363481701,23.291267171200396],[120.5443404972014,23.292390392975378]],[[120.54276057375597,23.27781550200838],[120.54348896456848,23.2790840643058]],[[120.54361555981855,23.275436028984718],[120.54230187841297,23.2763604943851],[120.541425757922,23.275909578246022],[120.5385641704544,23.27585982629666],[120.53833078851851,23.274610692995513],[120.53654137685324,23.272417125998558]],[[120.54034977542636,23.27990634118211],[120.53734647071538,23.280293997673475],[120.52784406655913,23.287058400587462],[120.52681055720167,23.286872197703733]],[[120.54075321409246,23.28003060236461],[120.54038894978667,23.27990536145578]],[[120.54348896456848,23.2790840643058],[120.54296274872532,23.280110908297118],[120.54179180599601,23.280667985015224],[120.54202865886776,23.28167941744941],[120.54308938701932,23.282749090488927],[120.5429641765219,23.283548221323745],[120.54392187969385,23.286092280598005],[120.54515851712863,23.28757067250704],[120.54515363481701,23.291267171200396]]]}},{"type":"Feature","properties":{"NAME":"水底寮溪","FROM":""},"geometry":{"type":"MultiLineString","coordinates":[[[120.58209572467351,23.529567879957305],[120.5817611923715,23.53167669130658],[120.58232364218127,23.53400922554018]],[[120.58259543179594,23.53053597454771],[120.58352077460593,23.531368267802456],[120.58451575938113,23.531134355858168],[120.58616709089002,23.531598892651143]],[[120.57411862792908,23.529134253112012],[120.57544995645777,23.5285279997294],[120.57592873035351,23.52777876860396],[120.57765179736771,23.52708487658577],[120.57808526713771,23.52755590256173],[120.57934554609305,23.52727291486626],[120.58044879948918,23.526514259254565],[120.58176064140538,23.526919546561754],[120.58209572467351,23.529567879957305]],[[120.58209572467351,23.529567879957305],[120.5825480665463,23.53052323446527]]]}},{"type":"Feature","properties":{"NAME":"水流東坑","FROM":""},"geometry":{"type":"MultiLineString","coordinates":[[[120.40716504638557,23.217013569355462],[120.40755479099201,23.21676446560895]],[[120.40716504638557,23.217013569355462],[120.4073698123503,23.217540214644668],[120.40654709298458,23.219724182918767],[120.40712006587367,23.223132009341064]],[[120.40755479099201,23.21676446560895],[120.40946415604489,23.21699034612155],[120.4104704987829,23.216070797388724],[120.41112386268979,23.216179207990894]],[[120.40712006587367,23.223132009341064],[120.4065518308764,23.223477529988383]],[[120.40712006587367,23.223132009341064],[120.40814745250651,23.224085945119608]]]}},{"type":"Feature","properties":{"NAME":"水流東坑第二支線","FROM":""},"geometry":{"type":"MultiLineString","coordinates":[[[120.41126944026668,23.21622712500468],[120.41085134643474,23.217002069510247],[120.41236951873546,23.21876345680526],[120.41202206676037,23.219003711627714],[120.41236994783172,23.22010864546162],[120.41384423995369,23.22032613127823],[120.41367423306592,23.2210319851024],[120.41474613609383,23.2237263503758],[120.41696315465985,23.22575583783708]],[[120.41698490377003,23.2258129642142],[120.41759016687278,23.226269163378348]]]}},{"type":"Feature","properties":{"NAME":"水笨流溪","FROM":""},"geometry":{"type":"MultiLineString","coordinates":[[[120.63991905654292,23.38880444621775],[120.64090186274132,23.391952176485912]],[[120.64100822453871,23.393846356840413],[120.64096221013644,23.39609269767114],[120.64164654699026,23.39778383321439]],[[120.64092565542441,23.393494147292742],[120.64100822453871,23.393846356840413]],[[120.63612698836523,23.387334300060424],[120.6371815715285,23.3870854267534],[120.63991905654292,23.38880444621775]],[[120.63991905654292,23.38880444621775],[120.64237225834836,23.389389646085196]],[[120.64164654699026,23.39778383321439],[120.64357457859634,23.398664708144896]],[[120.64100822453871,23.393846356840413],[120.64395968121534,23.395069338700118]],[[120.64164654699026,23.39778383321439],[120.64153423219508,23.39885200193433]],[[120.64092565542441,23.393494147292742],[120.63887911732682,23.395218967305087]],[[120.64090186274132,23.391952176485912],[120.6439199373772,23.39164878016628]],[[120.64090186274132,23.391952176485912],[120.64092565542441,23.393494147292742]]]}},{"type":"Feature","properties":{"NAME":"火燒寮坑","FROM":""},"geometry":{"type":"MultiLineString","coordinates":[[[120.57167793152622,23.239726538583408],[120.57337597568652,23.239648475596812],[120.57521484914949,23.238181302415686],[120.57792724686077,23.23706877508674],[120.57970845712853,23.23733890751238]],[[120.56560803699107,23.239999066697198],[120.5662523072647,23.240436348329855],[120.5675295925579,23.239837489215986],[120.5685038769708,23.240331974666436],[120.57160475492579,23.2397274962572]],[[120.57970845712853,23.23733890751238],[120.58282298928331,23.238006209817527],[120.58353194570854,23.237496866247323],[120.58656996491516,23.23720307268584]],[[120.57970845712853,23.23733890751238],[120.5811726342632,23.23816619183773]]]}},{"type":"Feature","properties":{"NAME":"牛山溪","FROM":""},"geometry":{"type":"MultiLineString","coordinates":[[[120.61247198809221,23.380606498418846],[120.61139800758077,23.381465666954306]],[[120.61136283561486,23.38147796496821],[120.60909079168509,23.382647823450895]],[[120.61069495194401,23.389898216334977],[120.60770348667624,23.392858106328656],[120.60566343970676,23.39295269645053]],[[120.61069495194401,23.389898216334977],[120.6120427589105,23.39181744267075],[120.61266197475275,23.39421743913792],[120.61404765723496,23.39564084595241],[120.61496487045669,23.398130521654924]],[[120.61149849366112,23.386522110675656],[120.61163430824064,23.388502967106202],[120.61086588549695,23.388991671923005],[120.61069495194401,23.389898216334977]]]}},{"type":"Feature","properties":{"NAME":"牛挑灣溪","FROM":""},"geometry":{"type":"MultiLineString","coordinates":[[[120.24394269753721,23.618703716721967],[120.24397394734342,23.618689656320036]],[[120.24759828648591,23.624352543113556],[120.24768937961177,23.624579816029087]],[[120.24380180029549,23.622913533999533],[120.2428122733083,23.619507961577643],[120.24385740972706,23.61874209202774]],[[120.24665623922037,23.622054418839056],[120.24730767417171,23.623788854161134]],[[120.23447107624644,23.62144370372137],[120.23311988457507,23.61722225984463]],[[120.23298932135496,23.613808708520818],[120.23348331763384,23.61069026500543],[120.23244776176276,23.609953625945565],[120.23196998249314,23.608562843152377]],[[120.2291131170132,23.608078981665265],[120.23289526950545,23.60819724251443],[120.23342755616498,23.60858368720244]],[[120.23299503818117,23.613877770753703],[120.23299340017694,23.61385798282016]],[[120.23299503818117,23.613877770753703],[120.2345362181979,23.614776888616227]],[[120.23307633402437,23.617093647270302],[120.23262552666196,23.61493698068328],[120.23299503818117,23.613877770753703]],[[120.23840373629596,23.619402260855068],[120.23756215564717,23.616528514260125]],[[120.24813604691734,23.621024736698132],[120.24647513050033,23.617902845998056]],[[120.23466087327364,23.614758813792072],[120.23520085779487,23.61466992891444],[120.23559271125396,23.615904766424073],[120.23686881652452,23.616100589784235]],[[120.24730767417171,23.623788854161134],[120.24759828648591,23.624352543113556]],[[120.24397394734342,23.618689656320036],[120.24543959809228,23.619586584826244],[120.24672059168195,23.621936519845487]],[[120.24770311146418,23.624614076293266],[120.24848918948656,23.62647047899043]],[[120.24595513423611,23.625220417398786],[120.2453821766376,23.625294315713806],[120.24383368216482,23.622938454275044]],[[120.23693975547253,23.616124818238717],[120.23756215564717,23.616528514260125]],[[120.23756215564717,23.616528514260125],[120.23801102745767,23.617318690316047]],[[120.24397394734342,23.618689656320036],[120.24491542744235,23.617477409998802]]]}},{"type":"Feature","properties":{"NAME":"牛埔子溪","FROM":""},"geometry":{"type":"MultiLineString","coordinates":[[[120.58759516735633,23.713924058291706],[120.58801397118455,23.713940414138545],[120.5880114739445,23.714767733337123],[120.58940457398444,23.714759569509454]],[[120.57586618197053,23.72096444970494],[120.57822987919256,23.721886620347902]],[[120.57830306728228,23.721919279791976],[120.58261625382004,23.72256532289531]]]}},{"type":"Feature","properties":{"NAME":"牛稠埔坑","FROM":""},"geometry":{"type":"MultiLineString","coordinates":[[[120.44864953043745,23.410952806997464],[120.4480427432503,23.411054906439404]],[[120.4476617305198,23.41123771866173],[120.4441501615883,23.41160040244493]],[[120.42111661412041,23.406532077857353],[120.42122935698488,23.406193496808584]],[[120.4226289160135,23.40750027700181],[120.42235258970413,23.409148366417885],[120.42279816691637,23.409281302973323],[120.42298080906987,23.411211801335913]],[[120.47014904656868,23.402703387554784],[120.47081704814649,23.402728257862965]],[[120.47084768118425,23.402724172883566],[120.47298054033371,23.40223647289375],[120.47461019822545,23.401098452898218],[120.47644994795597,23.400966949263772],[120.47696455539858,23.401367464530026]],[[120.47386869881338,23.40576608624708],[120.47423351689808,23.40622849713516]],[[120.44223328846952,23.396697680765026],[120.44320535760457,23.396308355546193],[120.44326552387288,23.395062443133867],[120.44578824687855,23.393985523502497]],[[120.4755209264662,23.404991477115885],[120.47642074501242,23.404650770720536]],[[120.47644470344402,23.404636144754832],[120.48137388081278,23.404691905634493]],[[120.47424843666047,23.40625602208429],[120.47569146585253,23.407369303561474]],[[120.44188891464213,23.39690413873699],[120.4418103609321,23.397330521346426]],[[120.47301145653357,23.399575681286965],[120.47333317802848,23.399334633867813]],[[120.47035823033234,23.40213614672902],[120.47096285762983,23.400265586683673],[120.47390880339395,23.399358333097112]],[[120.46172420636358,23.406561197304736],[120.46129744725425,23.40744585057452],[120.46030377575826,23.40767896071073],[120.45908973581163,23.406101492624437],[120.45688764202681,23.4065386820352]],[[120.46954196408254,23.404859831986464],[120.46959970166222,23.40332970769121],[120.47014904656868,23.402703387554784]],[[120.47386869881338,23.40576608624708],[120.4755209264662,23.404991477115885]],[[120.46962179418944,23.40533967387753],[120.4704234269554,23.405574506802626],[120.47193462318803,23.404605860545633],[120.47386869881338,23.40576608624708]],[[120.42333298543943,23.40480562321299],[120.42469319346937,23.404614263588304],[120.4254392559659,23.40401201658115]],[[120.42251219013859,23.407657850590205],[120.42349651230255,23.40767522924292],[120.42464416051668,23.40881959560053],[120.42640627840201,23.408926286917627],[120.4260629110074,23.410485230735443],[120.42804305814482,23.41115877239264],[120.42841389135309,23.411966212156756]],[[120.42316793414496,23.40413002035086],[120.42333298543943,23.40480562321299]],[[120.4458941125818,23.39388673470613],[120.44849480377835,23.393144129015713],[120.44895209581189,23.39421804582737]],[[120.46451388763131,23.401903603457427],[120.46199860222134,23.404140307859002],[120.46172420636358,23.406561197304736]],[[120.42250743064439,23.40721144403707],[120.4226289160135,23.40750027700181]],[[120.46172420636358,23.406561197304736],[120.46175671873196,23.40658999050431]],[[120.4749066408679,23.411485898701073],[120.47685448825825,23.412161838357086]],[[120.44895209581189,23.39421804582737],[120.45069174185268,23.39461472972309],[120.45141639088014,23.394235769218035],[120.4529914393997,23.395320376970407],[120.45305572205734,23.395851108422764],[120.45383884119504,23.395894489519183],[120.45532964454839,23.39717517895613],[120.45603911989012,23.396879670928318],[120.45614135172858,23.395710657169577],[120.45687881141086,23.395189495525063],[120.4585898802551,23.39621809209474],[120.46013729600226,23.39597514610714]],[[120.44536126545069,23.41381738815371],[120.44600026902022,23.41418195771964]],[[120.44383413064824,23.412967168390658],[120.44536126545069,23.41381738815371],[120.44743594701374,23.413971302223484]],[[120.44857838776815,23.410872702443598],[120.44806569361523,23.410228592570228],[120.4474472387424,23.410580534152686],[120.44724285727983,23.40997917569876]],[[120.44895209581189,23.39421804582737],[120.44929404528325,23.395422487823087],[120.45360872113785,23.396530289814198],[120.45472696969624,23.39796092876246],[120.45635571143775,23.39864837680125]],[[120.4422075589526,23.396708876282503],[120.44188891464213,23.39690413873699]],[[120.44188891464213,23.39690413873699],[120.44124401522627,23.397035024599898]],[[120.47014904656868,23.402703387554784],[120.47035433863115,23.402166291192994]],[[120.4226289160135,23.40750027700181],[120.42426815537345,23.407334624640338]],[[120.42333298543943,23.40480562321299],[120.42123002631692,23.40619295266673]],[[120.4755209264662,23.404991477115885],[120.47551320858223,23.404917933354255]],[[120.47550333742547,23.40489169704312],[120.47549032488085,23.403607360402603],[120.4764820203664,23.402741060580727]],[[120.4768895090613,23.412154583009734],[120.47884272876328,23.413039616258988],[120.4787665921179,23.414423103345346]],[[120.46178485821828,23.406614911032243],[120.46237849745374,23.407241299725282],[120.46325177082001,23.4066923968493],[120.4650763646506,23.406629050103728],[120.46628459441203,23.40398210468144]]]}},{"type":"Feature","properties":{"NAME":"牛稠溪","FROM":"朴子溪"},"geometry":{"type":"MultiLineString","coordinates":[[[120.4002727686307,23.51558755185181],[120.40025959321322,23.51730917191057]],[[120.49406537642328,23.490339024704056],[120.49419352059752,23.490244134517905]],[[120.49374453749087,23.49090152324549],[120.49378654744261,23.492580220656855],[120.4942667280319,23.49279248700588]],[[120.49438438101876,23.495847768211103],[120.49499155560082,23.49762023741648],[120.49472504082071,23.499803489715724],[120.49342895014138,23.500569084181993],[120.49277960006732,23.502795308562213]],[[120.524428420858,23.50254992104019],[120.52393442137772,23.50203862304939]],[[120.49445474154423,23.492921659300304],[120.49440274155326,23.493252551254137]],[[120.49435463946324,23.493558631309554],[120.49510505807639,23.494785400022977]],[[120.49433887123087,23.495366153963026],[120.49428855194287,23.49568048673027]],[[120.49515798381192,23.49028155433707],[120.49512390838605,23.490289717492054]],[[120.494869894252,23.490350569243414],[120.49419352059752,23.490244134517905]],[[120.49517108458507,23.49490813017208],[120.49448749880119,23.495207889831036]],[[120.62503724932301,23.497080114103632],[120.62680863546892,23.495658468067422]],[[120.62410413351273,23.49824610588821],[120.62365641769881,23.496446677413175]],[[120.62362878183212,23.496415520342346],[120.62258388152316,23.49545539603021]],[[120.41105670529168,23.51132681009892],[120.41081655522278,23.511433417417667]],[[120.61305951130461,23.544686950445023],[120.61371207445035,23.54579301346941],[120.61547841136725,23.54644447949554]],[[120.43140270517904,23.510188579938163],[120.43007258233999,23.508959406187508]],[[120.60864116198474,23.543784420060824],[120.60805943346705,23.54358255702886]],[[120.41930151703465,23.507638836931687],[120.41892158234926,23.507696975403373],[120.41880226611318,23.506274855239027],[120.41808598510292,23.50561717071873]],[[120.60864116198474,23.543784420060824],[120.61182009916627,23.542253197912427]],[[120.62476434927756,23.498153991668726],[120.62647726116282,23.496951803847146],[120.62921598444129,23.496532769472328]],[[120.39023201523587,23.515794609561382],[120.39034968224834,23.51617260189357]],[[120.40414341668166,23.51557644022843],[120.40401729457976,23.514773881757527]],[[120.40386835950862,23.513985974383907],[120.40353283828833,23.512515557064777]],[[120.62364168193146,23.53120861354322],[120.62521414717351,23.53037267229981]],[[120.40401729457976,23.514773881757527],[120.40387520209961,23.51401818495402]],[[120.6241925768893,23.498185288163704],[120.62501522799629,23.497104612634477]],[[120.6241925768893,23.498185288163704],[120.62471599946737,23.49816364501136]],[[120.6307598814559,23.531191907412584],[120.63207901895291,23.530720520253503]],[[120.62577528520083,23.5336017898047],[120.62790463852893,23.532226417496354],[120.63071434947464,23.53122279949986]],[[120.39036270383583,23.516228373794117],[120.3918296461336,23.516020784382853],[120.39196588443058,23.51674286322202]],[[120.62048816527806,23.534333709315135],[120.62096293565251,23.53524882355834],[120.62056339253824,23.53576106817609],[120.6206692426438,23.537791896501105]],[[120.4041635054558,23.515737072140887],[120.40414341668166,23.51557644022843]],[[120.62364168193146,23.53120861354322],[120.6236810399893,23.52983570518317]],[[120.61206219460263,23.54274743145184],[120.61183617396046,23.544568174195046],[120.61072697549116,23.545719052061003],[120.61016066679171,23.54750684319636]],[[120.6125367689125,23.546270513311054],[120.61292019711948,23.54711616569315],[120.6143378542244,23.547087201648218]],[[120.40020725262102,23.517345589917163],[120.3994271915406,23.51811826628734],[120.39795725509738,23.51766409161766],[120.3963735678496,23.51835250055009]],[[120.38722513666806,23.50575414380056],[120.38684124011047,23.504149636966652]],[[120.4021828646791,23.51390921803433],[120.40178392018056,23.515633643555766]],[[120.4002727686307,23.51558755185181],[120.40001982863184,23.51371386722953]],[[120.41070979130295,23.511467676159445],[120.40922175133889,23.511820039395968],[120.40818228164339,23.511413768171987]],[[120.41122590970953,23.500638526762774],[120.41263970715144,23.499920858082152]],[[120.50476196113961,23.498565081362884],[120.50520212324214,23.498710528021068]],[[120.61670234650234,23.53929694976256],[120.61742353581826,23.540127908962372],[120.61754790396844,23.541820347809992]],[[120.61602574553254,23.540954409382515],[120.61670234650234,23.53929694976256]],[[120.41684116356353,23.510912451977998],[120.41502503268329,23.511229684277435]],[[120.6124336023144,23.546636063382444],[120.61229905394458,23.547662372564805],[120.61159688505876,23.548249098680692]],[[120.39442160552865,23.511125232454447],[120.39504055065444,23.5104533789095]],[[120.62577528520083,23.5336017898047],[120.6267526076907,23.532813214133654]],[[120.41950373703114,23.50843249794256],[120.41932134715881,23.50766611104403]],[[120.60755644584707,23.541798600918458],[120.60990350885616,23.539536849317216],[120.6113370378801,23.539002739103942]],[[120.60522910272171,23.545780870265254],[120.60314452176867,23.543426580308584]],[[120.41221681314207,23.511292166568342],[120.41105670529168,23.51132681009892]],[[120.62256984798206,23.524308966016456],[120.6244318042935,23.52510461913884]],[[120.49083907264306,23.50306102867797],[120.49023147174859,23.50227066314566],[120.49050997717111,23.501381590406016],[120.48967801707526,23.501455540439185],[120.48928892327275,23.50072012868101],[120.4873116849473,23.499578886355827]],[[120.62256984798206,23.524308966016456],[120.62297247277304,23.525649518363227]],[[120.52552757891942,23.502291003834944],[120.52512497343353,23.502406960914854]],[[120.52552757891942,23.502291003834944],[120.52655109909162,23.50463362014259]],[[120.48727989926584,23.499590104026854],[120.48670692901304,23.499512455829244],[120.48545675507863,23.497500038991067],[120.48592250876803,23.495658783627363]],[[120.40273620014821,23.51140869534736],[120.40218761086246,23.513881267867497]],[[120.5396774304785,23.519248980136013],[120.53939608338622,23.519377505893946]],[[120.64046825062532,23.50815906566247],[120.64296347504127,23.506231359098624]],[[120.41081655522278,23.511433417417667],[120.4107523485668,23.511454020262363]],[[120.39170377954798,23.510602180776438],[120.39362708947006,23.51144828224223],[120.39439913433267,23.511167897673648]],[[120.49124438222526,23.50323688951306],[120.49094799474406,23.503102320553268]],[[120.5396774304785,23.519248980136013],[120.53989215695907,23.51967950143272],[120.53808647696098,23.521160156020283],[120.53837828141009,23.522076282565685]],[[120.63986784696826,23.503576295607836],[120.64349907317896,23.500238170969396],[120.64416591592858,23.498531801749746]],[[120.60310337965942,23.543389029966313],[120.60238219379896,23.542708242857838],[120.60225742522502,23.54171080923226],[120.60343055700253,23.538472664724022],[120.6046527563589,23.537070876058703],[120.60419406059567,23.531399039927795],[120.60604617164432,23.528925421694403]],[[120.60605562401064,23.528892489444672],[120.60633666630184,23.527822683477748],[120.60708035808955,23.527534526866294]],[[120.49176332950033,23.50328513099597],[120.4913871089455,23.503302036701115]],[[120.49277490654687,23.502926571566174],[120.4917447243562,23.503502662140214]],[[120.53991421231129,23.514561961774096],[120.53910098317758,23.515402490810583],[120.53998189724294,23.516688585612304]],[[120.62823138321262,23.52149675213162],[120.63268127210169,23.52341927536818]],[[120.63986784696826,23.503576295607836],[120.63949769254303,23.501921304244554],[120.63829691262481,23.50001067802724]],[[120.39504055065444,23.5104533789095],[120.39566935667416,23.510506631897254]],[[120.40815188948966,23.511400364114373],[120.40687915040824,23.51113304738962]],[[120.40004095753781,23.513684475499588],[120.40019261149654,23.512876505297058],[120.40157990517042,23.512366645579363],[120.40175308165512,23.511270767387817]],[[120.39048932784009,23.514817260908362],[120.39060637295438,23.51478500496597]],[[120.39504055065444,23.5104533789095],[120.39393674204105,23.510267992000202],[120.39373397337344,23.51059491723055]],[[120.48594614671343,23.508199119503857],[120.48513696508728,23.507560392156368],[120.48502948532615,23.506037298670204]],[[120.61996336297074,23.533369047835983],[120.6209478688419,23.532404845866267],[120.62364168193146,23.53120861354322]],[[120.62088807775164,23.534314233090775],[120.62309545307055,23.53460364168817],[120.62577528520083,23.5336017898047]],[[120.62248099167546,23.523799175918278],[120.62256984798206,23.524308966016456]],[[120.62068616342631,23.506845536270923],[120.62079418051212,23.505939597969526],[120.62335159976317,23.504260912034372],[120.62433198580167,23.501019728696086]],[[120.62137699116205,23.522600521335992],[120.62161693653177,23.52250714755096]],[[120.62248099167546,23.523799175918278],[120.62137699116205,23.522600521335992]],[[120.628206140244,23.521478375110316],[120.6293117217132,23.519452611107855]],[[120.52111877409826,23.499112612534322],[120.52552757891942,23.502291003834944]],[[120.48708437805712,23.509062923587965],[120.48597774466592,23.508226059633035]],[[120.48738944223155,23.509255039381948],[120.48717616733408,23.509116382554225]],[[120.62936113990614,23.51941311833737],[120.63013479367714,23.51896485941151]],[[120.42991097836502,23.50869993107428],[120.43007257428107,23.50895932661931]],[[120.41264342662141,23.499920178276135],[120.4129490816405,23.499701611713498]],[[120.48768923923774,23.509470003113023],[120.4875294271167,23.50934827840356]],[[120.49393765095047,23.510200264354527],[120.49211877997696,23.509193063032036],[120.48994811754433,23.509881387657632],[120.487791936397,23.509515087205834]],[[120.6382708502664,23.49997447183963],[120.63695827802265,23.49856856971928],[120.63639088383832,23.496217226167367],[120.63575746920598,23.49557525719993]],[[120.54640926803921,23.52447449011961],[120.54571731427804,23.52305845999722],[120.54557207283264,23.51947797318371]],[[120.50640996648282,23.498978393900096],[120.50812418096353,23.49897515397753]],[[120.49856529468954,23.49972615798471],[120.49813655664559,23.499011373891246]],[[120.49414799453037,23.510458144488492],[120.49409763709193,23.510396406658124]],[[120.49374309437187,23.490902961551992],[120.49406537505074,23.49033902805648]],[[120.49404911046989,23.510336913318884],[120.49393765095047,23.510200264354527]],[[120.61804115669219,23.51777102564654],[120.61841371186273,23.518688887472987],[120.61804834077874,23.520335983708346]],[[120.61804834077874,23.520335983708346],[120.61763586295203,23.518226277707246]],[[120.49429939407094,23.490149422104306],[120.49537348541833,23.487819020137092]],[[120.47266702065707,23.493993122429238],[120.4695698681992,23.494911060607787]],[[120.62161693653177,23.52250714755096],[120.62291032375765,23.52270559069929],[120.62466561009619,23.521442628924245],[120.62703054097324,23.520961561614364],[120.62823138321262,23.52149675213162]],[[120.46955496683921,23.494965147411058],[120.4692600178904,23.495131347832825]],[[120.62410413351273,23.49824610588821],[120.6241925768893,23.498185288163704]],[[120.46919158585003,23.495135039200484],[120.46866518953841,23.49613995555216],[120.46803765074793,23.496331954166834],[120.46831356704581,23.49680698818257],[120.4671651725132,23.497137163788953],[120.46705264410681,23.49868318583173]],[[120.47027568509382,23.500269973224285],[120.47223392752326,23.500385014988023],[120.47368854835332,23.503618157782597],[120.47474886559084,23.504136452248304],[120.47531627625808,23.503711057734282]],[[120.47537721817066,23.503664417484643],[120.47539135598046,23.503653274729988]],[[120.42660038758565,23.50602506453789],[120.43029858131064,23.506986858887196]],[[120.43034321483805,23.506997435650824],[120.4305859819432,23.50710285599874]],[[120.4451328297286,23.5141424903689],[120.44580785124491,23.51227343551751],[120.44472961318561,23.51206864906842]],[[120.3806601832893,23.514491086523645],[120.3811270640961,23.514559297510388]],[[120.3811270640961,23.514559297510388],[120.38337676146749,23.51515337032086]],[[120.5137707151521,23.486826303837447],[120.51345217379013,23.48619312915048],[120.51497936107262,23.48598398400883],[120.51483832709148,23.484719896118232],[120.51585910402326,23.482862445061585]],[[120.51099141346586,23.490209976601403],[120.51130923650942,23.489503659195744],[120.51237729319826,23.489562796466306],[120.51325902686159,23.488669939626153],[120.51376056826629,23.486891880762148]],[[120.51028451945558,23.49179860511002],[120.51095972822345,23.490294195547097]],[[120.5053048404677,23.498699108607674],[120.50640996648282,23.498978393900096]],[[120.54664520998436,23.524922711824058],[120.54645294733656,23.52466304937982]],[[120.5383655225316,23.5222472314864],[120.53820966814475,23.522860468853555]],[[120.60156386406766,23.505339584411548],[120.60167243343342,23.503997306433483]],[[120.39060637295438,23.51478500496597],[120.39095766316332,23.51291679664982],[120.39062378304772,23.51120434213894],[120.39170377954798,23.510602180776438]],[[120.61726372172828,23.522570206123405],[120.61804834077874,23.520335983708346]],[[120.61401609044758,23.536622065483],[120.61510705455831,23.537068273317022],[120.61583423577645,23.538602583590443],[120.61670234650234,23.53929694976256]],[[120.60804555103199,23.54476868919808],[120.60864116198474,23.543784420060824]],[[120.60798344240902,23.54482251036771],[120.60801097168704,23.544798654463357]],[[120.40353283828833,23.512515557064777],[120.40320565456678,23.511491869167802]],[[120.59271439561653,23.542739925561996],[120.59320814458485,23.5436724384746]],[[120.63554153950241,23.50857495528779],[120.6362104500118,23.510382219235133],[120.63752147098381,23.510795631078178],[120.64164543929502,23.514934308455274]],[[120.63371727883337,23.507422793224723],[120.63554153950241,23.50857495528779]],[[120.63554153950241,23.50857495528779],[120.63892936165831,23.508626705859392],[120.64046825062532,23.50815906566247]],[[120.63349556476082,23.507285902423966],[120.63622705966348,23.50622929743511],[120.63986784696826,23.503576295607836]],[[120.59253552560145,23.5424785263535],[120.59269107789497,23.54270218924422]],[[120.62433198580167,23.501019728696086],[120.62364322706746,23.499049485375966]],[[120.59201554816065,23.540737690227864],[120.59251699771815,23.54245188573191]],[[120.62161693653177,23.52250714755096],[120.62365566689823,23.520751459596713],[120.62774410165436,23.519182899307605]],[[120.62185064687067,23.526803820239103],[120.62035355788501,23.52621008930307],[120.61956213196261,23.52463732138122],[120.61758679864491,23.522644414393532]],[[120.62383903944574,23.509425690477407],[120.62594783701101,23.51206002114291],[120.63315757486438,23.515823231818707],[120.63460658230595,23.51607804941119]],[[120.49419352059752,23.490244134517905],[120.4942988680744,23.490149592418973]],[[120.62622824188459,23.50691529719978],[120.6270567904119,23.50535517605004],[120.6296654520973,23.503950988825665]],[[120.62364322706746,23.499049485375966],[120.62352736075475,23.49904596713165]],[[120.62348149922266,23.499044574536484],[120.62208503614815,23.498975518137613]],[[120.59269789883814,23.5343089283756],[120.59171696223859,23.53740614661603],[120.59156371314303,23.539233090957204],[120.59201365633939,23.54068946860124]],[[120.59296730997964,23.53266717208014],[120.59270796715775,23.53426646151116]],[[120.59280004865619,23.53218672777076],[120.59295302414759,23.53262380411268]],[[120.59268018654033,23.531829367797926],[120.59278123794698,23.532137785353328]],[[120.59261456700902,23.53166389639994],[120.59266440093369,23.531789561609223]],[[120.5919090435548,23.530770381056037],[120.59258957444682,23.531600873049506]],[[120.62364322706746,23.499049485375966],[120.62362616276044,23.49891154454874]],[[120.62363110757046,23.498871513004616],[120.62410413351273,23.49824610588821]],[[120.62433198580167,23.501019728696086],[120.62562301351333,23.50114491868361]],[[120.53999477829663,23.516750950429252],[120.53919683525217,23.517519188703073],[120.53934554005261,23.51846503227987]],[[120.62568423325907,23.50114292506511],[120.62805903683898,23.500880365026326],[120.62936280611491,23.5001364270238]],[[120.37997521230928,23.514490278145097],[120.3806601832893,23.514491086523645]],[[120.39060637295438,23.51478500496597],[120.39279401723918,23.514167734476118],[120.39497250981634,23.51218146239225]],[[120.61820235571412,23.506933691028415],[120.61826883657041,23.505102859767348],[120.61716880465555,23.503594116838354]],[[120.39170377954798,23.510602180776438],[120.39131375991313,23.509915048723606],[120.38965571944249,23.51015003130002]],[[120.53935806500826,23.51849185004681],[120.5396774304785,23.519248980136013]],[[120.61714525997094,23.50355410874628],[120.61640745515946,23.503018447316357]],[[120.63274176856183,23.52343800557058],[120.63517692356258,23.5238166942801]],[[120.64164543929502,23.514934308455274],[120.6407056880373,23.520694269792397],[120.64141491123583,23.522433120734487]],[[120.62248099167546,23.523799175918278],[120.62811286136827,23.5248012019197],[120.62925937690558,23.525538800430414]],[[120.61634987090419,23.50295369299387],[120.61555324848106,23.501816183592783]],[[120.615522910668,23.50176776135532],[120.61509047683403,23.49892529051757]],[[120.61463691689895,23.507907046415617],[120.61306614252484,23.506032265458927],[120.61307106449344,23.503809902893614]],[[120.61306243200518,23.503772670027736],[120.61281423409864,23.502565962149912]],[[120.60889221676503,23.510680652890365],[120.60942054250363,23.509647090564208],[120.60873708561333,23.508333548878333],[120.60927114117324,23.50686486547318]],[[120.50527880973479,23.498699025716125],[120.5053048404677,23.498699108607674]],[[120.59028276588543,23.52959331820375],[120.5908777126919,23.529595928277534],[120.59188271640696,23.530742712646006]],[[120.582817669344,23.521926142968237],[120.58367070097205,23.52335302911345],[120.58577942610054,23.524106864882093],[120.58626280041072,23.525358165594753],[120.59022361378547,23.52958620427037]],[[120.5819644328549,23.51952202041832],[120.58247897681761,23.519931828392405],[120.58280498336491,23.521861979211348]],[[120.58613504750099,23.517615000675953],[120.58617474540664,23.51680977558498],[120.58702350366535,23.51638118962845],[120.58967908428703,23.516367383776558],[120.59085854247394,23.514498789258674],[120.59057747788671,23.51326393857027],[120.59099432141684,23.512184772237188],[120.59186651769654,23.511326289482778]],[[120.5835456842457,23.51941699821301],[120.58609982584993,23.517679420036046]],[[120.42256264910559,23.507722853908824],[120.42259647079243,23.50673324327904],[120.42095433240323,23.50689030109634],[120.41880226611318,23.506274855239027]],[[120.41502503268329,23.511229684277435],[120.41221681314207,23.511292166568342]],[[120.59428123898091,23.52360613173992],[120.59521742394628,23.52471361630488],[120.59568693969268,23.52653198909378],[120.59494987090518,23.531456835436046],[120.59433022239295,23.532728879997507],[120.59513105644056,23.534703839175855],[120.59517232038716,23.537488735087052],[120.59605413150948,23.539031957184434],[120.59674647735605,23.539392147607753]],[[120.59097569714997,23.52115825038876],[120.59124764966967,23.52184989229466],[120.59277339344729,23.522051342607806],[120.59418397781195,23.523526850295507]],[[120.60372291525739,23.521934073571323],[120.60463565436687,23.52132867581226],[120.60561500840231,23.51963532896979],[120.60749537718739,23.519252056725666]],[[120.59308165750183,23.518382963494687],[120.59364613688251,23.516566144724724],[120.59444337420256,23.516182322430996],[120.59582732739118,23.51405859489491],[120.59567082873343,23.51050454609858]],[[120.60101796144602,23.511754567334382],[120.60131932293609,23.510583678410832],[120.60054517868598,23.509117221006868]],[[120.60053971346866,23.50905832184313],[120.60024251158062,23.507521928857543],[120.60079907944525,23.506955451169887],[120.6008826810641,23.50585003657819],[120.60153969725945,23.50537624821758]],[[120.59319047494365,23.519150024273866],[120.59314245545765,23.518430407198565]],[[120.61435903394414,23.51652039033613],[120.61674540094529,23.515636194216363]],[[120.61319740262921,23.516597542338726],[120.61429789965156,23.516525204530225]],[[120.59808316433393,23.515810198318537],[120.60113496943649,23.513690052616337],[120.60404825800273,23.51454488236477],[120.60719075643404,23.51383977009107],[120.61065406538754,23.514231265625746],[120.61315066709605,23.516552720999627]],[[120.60322081779334,23.508204496827933],[120.60371354804094,23.50684681468725]],[[120.6030332724379,23.508519542546715],[120.6031772691939,23.508239695151325]],[[120.64164543929502,23.514934308455274],[120.64831321748267,23.514889156509394]],[[120.64046825062532,23.50815906566247],[120.6423547245589,23.50875544710985],[120.64558247039527,23.507505116510764],[120.64769341081764,23.50763907214353],[120.65029525470905,23.506051600735724],[120.65255384520113,23.5035967909097]],[[120.60323338230044,23.511477690934004],[120.60344977761893,23.509615313567114],[120.60309336981469,23.508536287170788]],[[120.40178392018056,23.515633643555766],[120.40159727658943,23.516071639737774],[120.4002727686307,23.51558755185181]]]}},{"type":"Feature","properties":{"NAME":"他里霧埤","FROM":""},"geometry":{"type":"LineString","coordinates":[[120.49269057235419,23.671472071980624],[120.4950427752124,23.671794659721765]]}},{"type":"Feature","properties":{"NAME":"出水溪","FROM":""},"geometry":{"type":"MultiLineString","coordinates":[[[120.60963597762586,23.560182324563332],[120.60975926324704,23.560229402915574]],[[120.61861665272916,23.552475059492465],[120.61599447510713,23.554258037940826]],[[120.61983761261084,23.55219133792028],[120.61900773599325,23.55201001992956],[120.61862600698993,23.552415863565123]],[[120.62452677536886,23.55926983717539],[120.62656643076075,23.557708428664103]],[[120.61688910871247,23.56847134877544],[120.61640823344885,23.56739257243425],[120.61684651679998,23.566287565834408]],[[120.62298503476562,23.555196438698086],[120.6226294599981,23.556264651279886],[120.6218026262556,23.55657660601458]],[[120.6237318429248,23.549158456153517],[120.62652491857885,23.554136938638457]],[[120.62545018573289,23.5543659243879],[120.62445772751147,23.55431641667516],[120.62268421479709,23.552775612241444]],[[120.62516400873314,23.565029933970102],[120.62338657135122,23.566415026497815]],[[120.60963597762586,23.560182324563332],[120.6079752583298,23.55988176963308],[120.60639684916255,23.55796339969835],[120.60457719568028,23.55730244987977]],[[120.61619675907757,23.56198201064106],[120.6173071561278,23.561717509680957]],[[120.62545018573289,23.5543659243879],[120.62370849796888,23.554904691045298]],[[120.62652491857885,23.554136938638457],[120.62545018573289,23.5543659243879]],[[120.63322534335661,23.560279774830505],[120.63201767306965,23.55957697492007],[120.63068987225232,23.55960248445484],[120.62943027141128,23.560670167382305],[120.62790008796577,23.561073699458596],[120.62665815340311,23.562949110367917]],[[120.63493256169647,23.560960944597937],[120.6358724058151,23.562097351045438],[120.63787794315792,23.561648721568897],[120.6395884462536,23.562265979878262]],[[120.60963597762586,23.560182324563332],[120.60879617348628,23.55910510958144]],[[120.61183392746155,23.562444363462095],[120.61029164442311,23.563544285698253],[120.61178952629682,23.566479134993788]],[[120.61240671277348,23.5621910523703],[120.61190116386668,23.56240147851245]],[[120.61619675907757,23.56198201064106],[120.61556545696739,23.5633196415829]],[[120.62095955864886,23.565661508218813],[120.62080121918008,23.566709388664876]],[[120.62370849796888,23.554904691045298],[120.6212000437289,23.553729877622445],[120.61983761261084,23.55219133792028]],[[120.62664728341794,23.56297607382867],[120.6252072517884,23.56499167617932]],[[120.62158854808212,23.56374216258977],[120.62097201926083,23.56561696733724]],[[120.62656643076075,23.557708428664103],[120.6233273002222,23.55764642986894]],[[120.62656643076075,23.557708428664103],[120.62817406417284,23.558124213089286],[120.63009594835087,23.556376334853926]],[[120.61726226499114,23.568894921821023],[120.61854223681475,23.568920336929107]],[[120.61240671277348,23.5621910523703],[120.6135994570025,23.561677871882416],[120.61619675907757,23.56198201064106]],[[120.63009594835087,23.556376334853926],[120.62892865183281,23.55622113688129],[120.62652491857885,23.554136938638457]],[[120.62370849796888,23.554904691045298],[120.62298503476562,23.555196438698086]],[[120.61695775299356,23.565504975280927],[120.61732531103391,23.565767260194846]],[[120.63493256169647,23.560960944597937],[120.63322534335661,23.560279774830505]],[[120.61695775299356,23.565504975280927],[120.61718132097005,23.563460362389634],[120.61677272881933,23.562769772265412],[120.6173071561278,23.561717509680957]],[[120.61840704807618,23.564170607676182],[120.61840232150372,23.56419825495588]],[[120.61915412927875,23.561080230765054],[120.61842371933163,23.564073091905527]],[[120.62769750484308,23.565920458266696],[120.62562878650216,23.566045788456318],[120.62470067052271,23.56731928019544]],[[120.62962060570705,23.565236071073457],[120.62773864259007,23.5658970958557]],[[120.62787798998464,23.566798298092387],[120.62891834166622,23.566405337438287],[120.62962060570705,23.565236071073457]],[[120.63139753625288,23.556766409930958],[120.63009594835087,23.556376334853926]],[[120.61726226499114,23.568894921821023],[120.61688910871247,23.56847134877544]],[[120.62452677536886,23.55926983717539],[120.62328508074374,23.560136238727644],[120.62275391861131,23.562116837892106],[120.62159414309473,23.563658248197555]],[[120.61686643411826,23.566191519984486],[120.61695775299356,23.565504975280927]],[[120.61688910871247,23.56847134877544],[120.61627463631638,23.570115918018047]],[[120.62539414201508,23.568433577585495],[120.62783498989779,23.566808089965892]],[[120.62368520542054,23.569080797263386],[120.6253415723609,23.568474793707516]],[[120.63046716148722,23.56227893457846],[120.63322534335661,23.560279774830505]],[[120.62962060570705,23.565236071073457],[120.63024023861713,23.564306912669498],[120.63046307225271,23.56231548002687]],[[120.63209678476332,23.556943638990518],[120.63315383549065,23.557651007923894],[120.63493256169647,23.560960944597937]],[[120.61834504634147,23.557230879396155],[120.61484400029596,23.55707614673077]],[[120.62298503476562,23.555196438698086],[120.62095722699624,23.556000571958382],[120.6204223009083,23.556690146928325],[120.61840241679937,23.557228565992453]],[[120.61924424076857,23.55163931724564],[120.6171149993453,23.549851965332014],[120.61650785987045,23.548413778155624]],[[120.60982361946472,23.56027087931275],[120.61240671277348,23.5621910523703]],[[120.61983761261084,23.55219133792028],[120.61927544329524,23.551690258316537]],[[120.61915412927875,23.561080230765054],[120.62058077786985,23.55980640275181],[120.62337466459317,23.55902152161842],[120.62452677536886,23.55926983717539]],[[120.6173071561278,23.561717509680957],[120.61915412927875,23.561080230765054]]]}},{"type":"Feature","properties":{"NAME":"加正坑圳","FROM":""},"geometry":{"type":"LineString","coordinates":[[120.6850520211946,23.75],[120.68570353843985,23.74969114180101]]}},{"type":"Feature","properties":{"NAME":"加走寮溪","FROM":""},"geometry":{"type":"MultiLineString","coordinates":[[[120.74118303569226,23.66852730279458],[120.74342893014067,23.66844732818921],[120.74435214816052,23.669173568495797],[120.7460703826963,23.669343313265426]],[[120.74155540030625,23.673335090188626],[120.74272266644938,23.670916383572344],[120.74209933259554,23.669190329068762],[120.74118303569226,23.66852730279458]],[[120.74909499452905,23.675895893333347],[120.74682758111331,23.672841993828285],[120.7460703826963,23.669343313265426]],[[120.6986817636984,23.66133773792924],[120.69908224151285,23.65968554954994],[120.70308466071411,23.65804754464371],[120.7054487802129,23.65774781704066]],[[120.70549578838235,23.657752865454157],[120.70903830368106,23.657625530302173]],[[120.67433081363583,23.668313112591267],[120.6740915364523,23.667987506951743],[120.67048926709278,23.668733770773855],[120.66824727258691,23.667609235951215],[120.66649234165361,23.66774273056449]],[[120.71821232546033,23.670119219159652],[120.71809624763893,23.668841841604827],[120.71893520724714,23.667943508140187],[120.71896561725086,23.665948768262755],[120.71803992720535,23.663903709400728],[120.71824458184017,23.66221068838592],[120.71703223669502,23.660353104568483],[120.71771026913123,23.657919869035577],[120.71873916792951,23.65645415715692],[120.71826439321006,23.654669669708948]],[[120.70978186679048,23.638832505262197],[120.70458070106292,23.64027581392329],[120.70353508540772,23.639973501797762]],[[120.66640853579555,23.66781250665369],[120.6654868884145,23.668203810816337],[120.66459469657765,23.667355302950817],[120.66420923332446,23.66831392577484]],[[120.74032305045803,23.622956435727442],[120.73930043712295,23.624736416595784],[120.73936458545529,23.625516384024976],[120.74097811948369,23.627432314556298],[120.74112212185237,23.628894599472414],[120.74186610263057,23.629427091619952],[120.74132457377368,23.630527250081098],[120.74258418283644,23.6328740591395],[120.74172009796042,23.633522430962497],[120.74307612358241,23.63670146956768],[120.74421043530509,23.638236778632855],[120.75,23.63872355527253]],[[120.75,23.63970817572326],[120.74917571922795,23.64052443122773],[120.74847684522811,23.64261471506757]],[[120.69770704192034,23.648234699925304],[120.6989367376555,23.64715648297604]],[[120.69895362066691,23.647103076889213],[120.70245348681446,23.642582578687847],[120.70353508540772,23.639973501797762]],[[120.7388062145507,23.64821078944716],[120.74548261458341,23.64523758840264],[120.747671677178,23.64390541388655],[120.74844887424435,23.642621143061252]],[[120.74844887424435,23.642621143061252],[120.75,23.64280517165546]],[[120.69644037080863,23.631419333922594],[120.69959552601296,23.63309014322731],[120.70340883332406,23.636344566609857],[120.70414870766612,23.63910802736241],[120.70353508540772,23.639973501797762]],[[120.69612157970322,23.652360688151376],[120.6963335201811,23.65085751730532],[120.69770704192034,23.648234699925304]],[[120.75,23.676593287022698],[120.74909499452905,23.675895893333347]],[[120.74803446492588,23.638346254083935],[120.74788222413258,23.63612585966293],[120.75,23.635397411976523]],[[120.73567081287281,23.618326946034696],[120.73788939709054,23.617494416619284],[120.73953484129429,23.617986981191713],[120.74040823195953,23.619821527130128],[120.74011282668785,23.620711821173177]],[[120.73681097357878,23.65310961048415],[120.73712974484636,23.652556715955505],[120.73908224074808,23.652055391963305],[120.74318283468499,23.652796006467728],[120.74822437351762,23.656903031557416],[120.75,23.657363909283617]],[[120.73439729140291,23.661854041236158],[120.7340309335371,23.662482399574646],[120.73438908156619,23.66328223148024],[120.73672370800205,23.665526027558062],[120.73710673081004,23.667123495901752],[120.7391545835393,23.666947999813164],[120.73978035673528,23.668328611010587],[120.74118303569226,23.66852730279458]],[[120.70003259700563,23.651745338281508],[120.69784897928108,23.65152426023024],[120.69612157970322,23.652360688151376]],[[120.74432031988111,23.65386275902166],[120.74909530893636,23.653266604938256]],[[120.69471961066651,23.66258309884555],[120.69495915629282,23.659469145393153],[120.69407640931277,23.65714958491142],[120.69432088889201,23.6557277611418]],[[120.68875657690073,23.655572038522855],[120.69432088889201,23.6557277611418]],[[120.69432088889201,23.6557277611418],[120.69612157970322,23.652360688151376]],[[120.74011282668785,23.620711821173177],[120.74080528192643,23.61963646855375],[120.74029561463193,23.617061628618114]],[[120.74689527783332,23.615486468323688],[120.74270335050997,23.61889763762958],[120.74268222184767,23.619637646414528],[120.74032305045803,23.622956435727442]],[[120.74880668689549,23.679853815609768],[120.74909499452905,23.675895893333347]],[[120.74032305045803,23.622956435727442],[120.73969839111233,23.621418370410613],[120.74011282668785,23.620711821173177]],[[120.70815618817917,23.649175901478333],[120.70516244390176,23.64977977065567],[120.70009415313551,23.651723895726235]],[[120.71407908827547,23.665334623018545],[120.71623336024193,23.6681316985363],[120.716267800684,23.670897342928008]],[[120.69018385998561,23.66334542446736],[120.68883887685749,23.663165962381978]],[[120.7460703826963,23.669343313265426],[120.75,23.66796713494611]]]}},{"type":"Feature","properties":{"NAME":"北坑圳","FROM":""},"geometry":{"type":"MultiLineString","coordinates":[[[120.55325192592777,23.46679891975921],[120.55245423737331,23.46651965832044],[120.55189512612232,23.4655221195822]],[[120.55189512612232,23.4655221195822],[120.55268751615199,23.464971139659795],[120.55334515424254,23.465246576239114]],[[120.54357926060787,23.470792930329733],[120.54482662817442,23.46980274531241],[120.54598105772622,23.469597456523122],[120.54576610085631,23.468654069159083],[120.54705779320143,23.467685283412468],[120.54785153668237,23.467944664694443],[120.55054467671629,23.465722678696373],[120.55189512612232,23.4655221195822]]]}},{"type":"Feature","properties":{"NAME":"北港溪","FROM":"烏溪"},"geometry":{"type":"MultiLineString","coordinates":[[[120.24467594522578,23.520451703987757],[120.24496786664047,23.520933939798567]],[[120.24496786664047,23.520933939798567],[120.2450992154548,23.520354421001212]],[[120.30766407471805,23.57560280950051],[120.30810968998445,23.57511737448569],[120.3094039290644,23.575344391513905]],[[120.30752091240436,23.563757720727008],[120.3075956060534,23.56516896289614],[120.30797887795076,23.565224853740645]],[[120.30659259313445,23.56288056268174],[120.30658543910673,23.562909600837337]],[[120.30670628107453,23.562911187421562],[120.30658543910673,23.562909600837337]],[[120.30658543910673,23.562909600837337],[120.30645454646451,23.563409821387385]],[[120.27915627415814,23.546719620619445],[120.27885866154219,23.545257440531245]],[[120.27915308598898,23.54678224768404],[120.27915350906794,23.54677393690147]],[[120.30914476593254,23.563759071924903],[120.30797887795076,23.565224853740645]],[[120.27914799072651,23.54688735952611],[120.27914845421031,23.546873232278553]],[[120.35059106300886,23.595853238601464],[120.35027148132339,23.594312277082132],[120.34906795585181,23.592927883799554]],[[120.23124640353414,23.506108443673703],[120.23204880331056,23.506649640277733]],[[120.30948959859857,23.563906868972488],[120.30828841051651,23.563068559960133],[120.30670605507599,23.562911126543213]],[[120.30946269016017,23.563338591636033],[120.30914463294205,23.563759014924326]],[[120.3067981603081,23.561963168971076],[120.30659269941968,23.562880591312418]],[[120.27877770013369,23.544730947127864],[120.27885757784244,23.545256872984552]],[[120.2453578281592,23.527227128664936],[120.24621233259255,23.527086951087593]],[[120.36119809202947,23.595007151509872],[120.36118683219117,23.595032743390274]],[[120.36117406832666,23.595061753677758],[120.36020020841258,23.59605647354931]],[[120.30831994470921,23.568425219488894],[120.30981431459276,23.566294051384297],[120.30948950412635,23.563906828481297]],[[120.36006231103151,23.596114123179024],[120.36020071264483,23.59605706204785]],[[120.24211215353009,23.532423847843834],[120.24164218597042,23.531261262766392],[120.24212585031626,23.53080309859269],[120.24242497670608,23.531847469302146],[120.24360436407636,23.53220198903315]],[[120.24402925205523,23.5274397555566],[120.24472329938726,23.52592613500009]],[[120.2444855099176,23.522730761156232],[120.24473305875448,23.521815450982395],[120.24530294007909,23.521576658836967]],[[120.24512981025234,23.521335591039755],[120.24496786664047,23.520933939798567]],[[120.30797887795076,23.565224853740645],[120.30737371202461,23.5687167794559],[120.30793623351224,23.568687631964647]]]}},{"type":"Feature","properties":{"NAME":"北勢坑","FROM":""},"geometry":{"type":"MultiLineString","coordinates":[[[120.4285146838524,23.23272326484611],[120.429209733569,23.23363763583753],[120.42907543952278,23.234248850694758],[120.43058000343756,23.23543470256552]],[[120.43001072056953,23.231988234319548],[120.4311061459294,23.23292207754267]],[[120.43004584195052,23.23313274554809],[120.43067186469622,23.233498373619344]],[[120.42562920885797,23.222291666125024],[120.42765627465253,23.222644235357315],[120.42849094669505,23.223838983595325],[120.4284394883775,23.224678464860112]],[[120.62780516238767,23.700952610509216],[120.62865427407911,23.70480825372753],[120.62979528617494,23.706101142958225],[120.63023378245495,23.708109049194963],[120.63103315187675,23.708168116287084]],[[120.63468729496066,23.704230507907194],[120.63823888904206,23.70478762833678],[120.63945254688986,23.704384236416693]],[[120.63468729496066,23.704230507907194],[120.63618251276317,23.707672145393758],[120.63600775702524,23.709107439597936]],[[120.63108138640135,23.708196669843407],[120.63151524066816,23.70928042729597],[120.63308780443757,23.709716648197645],[120.63381522447828,23.71179071517457],[120.63530553367643,23.712697286771554]],[[120.42717077675918,23.226066612579732],[120.4271903342918,23.226053576595767]],[[120.42725124156767,23.22601297909176],[120.42706564217731,23.224908316958814],[120.4284394883775,23.224678464860112]],[[120.4284394883775,23.224678464860112],[120.42993090347619,23.22497492552242],[120.42970618955951,23.227278696810863],[120.43059649876973,23.227597855246618],[120.43075792675428,23.228309250259304]],[[120.42956407930146,23.227901171497184],[120.4303909669644,23.228307609166503]],[[120.43042871792176,23.22835944198865],[120.43232220835667,23.231795537996444]],[[120.43074724723286,23.22838463535528],[120.43187782681665,23.22860683082742],[120.43289676475989,23.231291960321975],[120.43376245514929,23.23180062790137]],[[120.43044536668663,23.235777314516184],[120.43088739179224,23.235977516409932]],[[120.43044536668663,23.235777314516184],[120.43058727242618,23.237181781793247],[120.43113134400015,23.23789021180054],[120.43175935873333,23.23784278417505]],[[120.62864978672702,23.701206028330223],[120.62946026575497,23.701509267073426],[120.62980514323633,23.700607034289852],[120.63105580161113,23.70050526350859],[120.63158099535185,23.701617176234507],[120.632682324162,23.702191867943785]],[[120.42806499299287,23.232708116698067],[120.4277761077934,23.231160926082996],[120.42636353195407,23.230982072814747],[120.42519117914725,23.231715959735194],[120.42449243901434,23.23081961836759],[120.42458783450975,23.22927155709117],[120.42717077675918,23.226066612579732]],[[120.42717077675918,23.226066612579732],[120.42726334905004,23.226302242206806]],[[120.62792050814856,23.700920164140186],[120.62859011491321,23.701209960997872]],[[120.42729671002742,23.226387157646528],[120.42770868736426,23.227226453206477],[120.42956407930146,23.227901171497184]],[[120.63271382797028,23.702256784933805],[120.63468743507562,23.70427734778407]],[[120.42956407930146,23.227901171497184],[120.42930115934793,23.229753373106096],[120.43001072056953,23.231988234319548]],[[120.43232220835667,23.231795537996444],[120.43354745362129,23.232370935551902]],[[120.43232220835667,23.231795537996444],[120.43217565523804,23.232386400557782],[120.43383630963154,23.232823393526772],[120.43387375181806,23.233584197102]],[[120.43058000343756,23.23543470256552],[120.43044536668663,23.235777314516184]],[[120.43058000343756,23.23543470256552],[120.43114478786022,23.235633082300005]],[[120.43001072056953,23.231988234319548],[120.43004584195052,23.23313274554809]],[[120.43004584195052,23.23313274554809],[120.43083911983801,23.234106147187887]]]}},{"type":"Feature","properties":{"NAME":"北寮溪","FROM":""},"geometry":{"type":"MultiLineString","coordinates":[[[120.50665314382937,23.290550638089595],[120.50700702209329,23.289969447378105],[120.50821775492153,23.290018375178835]],[[120.51389210439977,23.29323004117694],[120.51511392843526,23.293743906734854],[120.51523908779454,23.29450051799581],[120.5158338411162,23.294628726213624],[120.51755792540212,23.29739323433175]],[[120.50821775492153,23.290018375178835],[120.50829415138665,23.28924884101275],[120.50927455980069,23.288409883926846]],[[120.50927455980069,23.288409883926846],[120.50997358277353,23.288868051225755],[120.51002386359721,23.288457360434652],[120.51056634013338,23.288429697764162]],[[120.50651684876277,23.29057741218061],[120.50655251429069,23.290570405981857]],[[120.51066236067383,23.292597164399993],[120.51111013522905,23.29305906456454]],[[120.50821775492153,23.290018375178835],[120.50881574058499,23.29001572385136],[120.50926129448568,23.291057774121292],[120.50985750674909,23.290960302606514],[120.51066236067383,23.292597164399993]],[[120.51389210439977,23.29323004117694],[120.51731644612732,23.29235552572357],[120.51909490300595,23.29290274435984],[120.51999863901855,23.29245853068072],[120.5209890914123,23.292806930303215]],[[120.52104644389668,23.29277658789658],[120.52150759764781,23.292451830010883],[120.52120800087391,23.291685655276673],[120.52228482496851,23.291524125116318]],[[120.51066236067383,23.292597164399993],[120.51245353392238,23.292519115487295],[120.51389210439977,23.29323004117694]],[[120.51111013522905,23.29305906456454],[120.51141924872881,23.29290650698693],[120.51261893674067,23.29410206065566]],[[120.51111013522905,23.29305906456454],[120.51263587583817,23.295280480495563]],[[120.4928667261593,23.2836097254161],[120.4957996935456,23.2816719912152],[120.4966082025477,23.279807716053256],[120.49598622735428,23.278336185788472],[120.49649220680496,23.277360352157263],[120.49728824122145,23.277116829397517]],[[120.51759945431466,23.297434492975405],[120.51904791107015,23.298546161850886],[120.5206091894361,23.298898570868193]],[[120.5068939890967,23.287890033925944],[120.50927455980069,23.288409883926846]],[[120.49011535616461,23.285845704535976],[120.49275819295438,23.283651399038728]]]}},{"type":"Feature","properties":{"NAME":"半嶺溪","FROM":""},"geometry":{"type":"MultiLineString","coordinates":[[[120.61664392262175,23.37975320223964],[120.6151049293509,23.383896668125338]],[[120.61683283926764,23.387188951394876],[120.61639277377894,23.38740658474695]],[[120.61919660957051,23.38633865190552],[120.61990178819053,23.387720383312544],[120.61998226435314,23.390675228243207]],[[120.61743384010747,23.388143203999007],[120.61627499724605,23.388810291871295]],[[120.62601527674515,23.38606074431768],[120.6261798035249,23.386534332660172]],[[120.61996838565643,23.3907263700827],[120.62015416462086,23.39428857043484]],[[120.62730979995891,23.388039308651276],[120.62516483978006,23.39010136024754]],[[120.62516483978006,23.39010136024754],[120.62470898708845,23.39104309816859],[120.62530143033825,23.392037900218448]],[[120.6280194234742,23.381495026330317],[120.62793782089732,23.38299368286944],[120.62657674297822,23.385222646052807]],[[120.62657674297822,23.385222646052807],[120.62601527674515,23.38606074431768]],[[120.6261798035249,23.386534332660172],[120.62709721659806,23.38723303008534],[120.62730979995891,23.388039308651276]],[[120.62731747876666,23.38020084429424],[120.6288886260861,23.379570529973424],[120.62962310302055,23.37786551073112],[120.6313802017284,23.376940158659334]],[[120.61919660957051,23.38633865190552],[120.61878694120476,23.38668740370935]],[[120.61671665412015,23.379596076923274],[120.61664392262175,23.37975320223964]],[[120.61664392262175,23.37975320223964],[120.61701657455215,23.381159124330082],[120.61860778992863,23.382463142490316],[120.61919660957051,23.38633865190552]],[[120.61997376963879,23.390706530561886],[120.61996838565643,23.3907263700827]],[[120.61878694120476,23.38668740370935],[120.61687426535302,23.38717881479436]],[[120.6281009971431,23.381545360044868],[120.63123304765877,23.38360897209858],[120.63262814413771,23.38384089715163],[120.63612698836523,23.387334300060424]],[[120.62730979995891,23.388039308651276],[120.62932517118895,23.388622353167882],[120.63141483739209,23.390519138027656],[120.63352585389934,23.39338327901331],[120.63395526251686,23.39473162929243]],[[120.61878694120476,23.38668740370935],[120.6174705754756,23.38812965336189]],[[120.63612698836523,23.387334300060424],[120.63690527479537,23.388275151698316],[120.63679506576801,23.389772250174392]],[[120.62516483978006,23.39010136024754],[120.62798393989144,23.393569309942198],[120.6294773703835,23.397567848544533]],[[120.62530143033825,23.392037900218448],[120.62501227850578,23.395148299485513],[120.62411449783666,23.39686877601312]],[[120.61996838565643,23.3907263700827],[120.6169191170898,23.39328425242028],[120.61700883658224,23.395272383360624]],[[120.6241051532609,23.396901643680316],[120.62374651337394,23.398176221804665]],[[120.62530143033825,23.392037900218448],[120.62609166501451,23.393609762275705],[120.62614670849075,23.398292681040505]],[[120.62614079408917,23.39832662836028],[120.62572920948898,23.39905127101623]],[[120.6261798035249,23.386534332660172],[120.62404168295825,23.388833771190274]],[[120.62657674297822,23.385222646052807],[120.62326474084055,23.38531818904678]],[[120.62601527674515,23.38606074431768],[120.6242796516611,23.386928251011646]],[[120.6313802017284,23.376940158659334],[120.63216014434838,23.375559471120265],[120.63429700119403,23.37457770573819]],[[120.6313802017284,23.376940158659334],[120.6324507093591,23.376982304922034],[120.6341641386587,23.379437561983472]]]}},{"type":"Feature","properties":{"NAME":"古老埤","FROM":""},"geometry":{"type":"MultiLineString","coordinates":[[[120.57167494510387,23.647556853326826],[120.5722126026128,23.648857235277237]],[[120.56497076451491,23.64931568800867],[120.56727768609178,23.648906852830805],[120.5693732416178,23.64918815489551],[120.56995118088622,23.647873719990795],[120.57167494510387,23.647556853326826]],[[120.5815656613226,23.648061646307376],[120.58227011326296,23.64803422031083],[120.58262215276955,23.647239144679475]],[[120.58263675430645,23.647201270764402],[120.58348308448949,23.644584076370954]],[[120.57167494510387,23.647556853326826],[120.57278206699493,23.647652367769417]],[[120.5732417387515,23.64770248844611],[120.5815656613226,23.648061646307376]],[[120.56350932710032,23.649284356934515],[120.56325168636728,23.64892187181593]],[[120.56493536914346,23.649320102413096],[120.56360781907611,23.649294359750105]]]}},{"type":"Feature","properties":{"NAME":"外湖溪","FROM":""},"geometry":{"type":"MultiLineString","coordinates":[[[120.61050521636844,23.7176282833141],[120.613555772133,23.71775061361703]],[[120.62333329772785,23.715482397287854],[120.62522084388574,23.715888355224426]],[[120.62166231629678,23.715289191396533],[120.62316487292335,23.71542814115694]],[[120.62158909800482,23.715240774066043],[120.62267618403567,23.713394294396153],[120.62446054700567,23.712796650202332],[120.62558428647272,23.71178166196828]],[[120.61422399666537,23.718305826513284],[120.61595005259552,23.71903247185762],[120.61803295721346,23.717468121262556],[120.61904512259183,23.71743482664596],[120.61897213368349,23.71565714877794],[120.62000692978313,23.715889082599116],[120.62158533029712,23.715241710789755]],[[120.62158909800482,23.715240774066043],[120.62160347604322,23.715250281882902]],[[120.62532358360625,23.715923776895725],[120.62748464815186,23.715432309609763]],[[120.613555772133,23.71775061361703],[120.61368369413104,23.71767284997743]],[[120.613555772133,23.71775061361703],[120.61378873687177,23.71850712626196],[120.61419361561025,23.718368141591668]],[[120.61375134260152,23.717631726461363],[120.61489312637055,23.715525030012383],[120.61648276873865,23.714371164120745]]]}},{"type":"Feature","properties":{"NAME":"平坑","FROM":""},"geometry":{"type":"MultiLineString","coordinates":[[[120.62265382147069,23.202911377444405],[120.6267975113957,23.20113147464618],[120.62809512156534,23.199333037106452]],[[120.62588636756627,23.210981835553458],[120.6249762569037,23.213530707398373]],[[120.62173010596312,23.209443606781406],[120.62485871134774,23.20831989740129]],[[120.62307306612222,23.20424482395111],[120.62340014029618,23.20418701111648]],[[120.61606355536188,23.20509491368309],[120.61619939765384,23.203424621003354],[120.61774670176456,23.200529721477427]],[[120.62536497452164,23.18915203422701],[120.62731773777404,23.189100369509827],[120.62816043141034,23.18988342287192],[120.62933957825207,23.189701153017623],[120.63595397262999,23.186888114747582]],[[120.62047025919452,23.191583019680156],[120.62065937499759,23.1909987702959],[120.62177740008582,23.190902114572758],[120.62323608317105,23.18916502743525],[120.62534726616788,23.18914732198473]],[[120.61774670176456,23.200529721477427],[120.61817661044617,23.19910854721108],[120.61806322057679,23.196491868635356],[120.62002266475046,23.195749359510938]],[[120.62830197983041,23.216033132177753],[120.62804469622243,23.214876666167367],[120.62902868313921,23.213802127073404]],[[120.62830197983041,23.216033132177753],[120.62898503766712,23.21438898603054],[120.62967691081597,23.2139210386653]],[[120.62956036777048,23.223677863996652],[120.62884996469916,23.221357702909955],[120.62877029019162,23.218136003416838],[120.62802244627922,23.21721768520603],[120.62830197983041,23.216033132177753]],[[120.63663580179649,23.216752338795494],[120.63773767588336,23.21605728546361]],[[120.6249762569037,23.213530707398373],[120.625379334847,23.214141197395655],[120.62513338682994,23.21499848039757]],[[120.63773767588336,23.21605728546361],[120.63770136480517,23.21742527420306]],[[120.62183181190588,23.19240279369854],[120.62047025919452,23.191583019680156]],[[120.63661720553114,23.194066245190385],[120.63204541089438,23.19441207166505],[120.63067291021925,23.194284670402297],[120.6298523721579,23.193657401023682],[120.62916080589875,23.194294625236264],[120.62604463314871,23.19312916094599],[120.62297523894452,23.193173800833897],[120.62185465328845,23.192427694647343]],[[120.64480314782823,23.221057988069482],[120.64549384417684,23.219043547639657],[120.64536535973113,23.217621002967284],[120.6461973304846,23.21613062700895]],[[120.63770136480517,23.21742527420306],[120.63753328889047,23.219190289885244],[120.6384220713216,23.220099859324797],[120.63844797198857,23.22089006035072]],[[120.6437786543945,23.212127071343186],[120.64439810020713,23.212670278543253],[120.6453448809272,23.215548525831455],[120.6461973304846,23.21613062700895]],[[120.6249762569037,23.213530707398373],[120.62405288868537,23.214262218627322]],[[120.61878061560711,23.19239303048447],[120.61983499996157,23.192340027935117],[120.62047025919452,23.191583019680156]],[[120.62405288868537,23.214262218627322],[120.62348633231652,23.21503295015232],[120.6236225774639,23.21616430070601]],[[120.64817080207708,23.21739023085504],[120.64894078815475,23.21822272175747],[120.65034507603107,23.218521574310007]],[[120.6461973304846,23.21613062700895],[120.64817080207708,23.21739023085504]],[[120.62967691081597,23.2139210386653],[120.63001504067424,23.21407082800968]],[[120.62405288868537,23.214262218627322],[120.62425593173172,23.215739130632002]],[[120.65286352898214,23.22417101007324],[120.65231564207348,23.22153524182155],[120.65034507603107,23.218521574310007]],[[120.63441483414496,23.219754268294537],[120.6351698594265,23.220123992363597]],[[120.63416147497112,23.219796575479084],[120.63441483414496,23.219754268294537]],[[120.62956717248909,23.21789405774329],[120.63020876300877,23.214870451614917]],[[120.623437981702,23.2041609016138],[120.62417773375017,23.203963003646805]],[[120.6246635907912,23.220589293074795],[120.62436677282238,23.219175367886212],[120.6246869081376,23.2162052059051],[120.62652825730927,23.214015231196324],[120.6278935594221,23.213275713177122]],[[120.65034507603107,23.218521574310007],[120.64957804174395,23.217038921944848],[120.64943261249188,23.21440403712591],[120.64968176903342,23.213018452720338],[120.65060177165543,23.21225517881329]],[[120.61857616413715,23.192567268793233],[120.618753292058,23.192412221405508]],[[120.63441483414496,23.219754268294537],[120.63513532234367,23.222595923408534]],[[120.63310595610261,23.21989346134127],[120.63416147497112,23.219796575479084]],[[120.63416147497112,23.219796575479084],[120.63513532234367,23.222595923408534]],[[120.6351652670084,23.2220406367777],[120.6351698594265,23.220123992363597]],[[120.6351698594265,23.220123992363597],[120.63590261554133,23.220270164789525]],[[120.62656560516022,23.218029226527516],[120.62816978076634,23.213463737997355]],[[120.6351652670084,23.2220406367777],[120.63590261554133,23.220270164789525]],[[120.63590261554133,23.220270164789525],[120.63788507675723,23.221800820708697]],[[120.63844797198857,23.22089006035072],[120.63788507675723,23.221800820708697]],[[120.64480314782823,23.221057988069482],[120.64176855398031,23.221432662868963],[120.63844797198857,23.22089006035072]],[[120.6437786543945,23.212127071343186],[120.64373432985408,23.212093108169256]],[[120.6461973304846,23.21613062700895],[120.6464896910172,23.215038626668054]],[[120.64689762852905,23.225523597013165],[120.64632158575712,23.22465089503467],[120.64644040103143,23.223445631126623],[120.645652673207,23.221380467420012],[120.64480314782823,23.221057988069482]],[[120.63788507675723,23.221800820708697],[120.63858787596497,23.22317953288474],[120.6381439459541,23.224399847198566],[120.63692836170026,23.224844051467002]],[[120.61147814347616,23.188365951696323],[120.61174171465115,23.18995447516156],[120.6110883666088,23.191889836941492]],[[120.61147592304751,23.187994278208794],[120.6114732927367,23.188332306674948]],[[120.63516265409484,23.222647910034333],[120.6351652670084,23.2220406367777]],[[120.6200269767244,23.20981879662727],[120.62173010596312,23.209443606781406]],[[120.64076972598923,23.2053879709337],[120.64219472325966,23.204063878418616]],[[120.63770136480517,23.21742527420306],[120.63957555035158,23.215203618152525],[120.64230097993656,23.21463413205664],[120.64373432985408,23.212093108169256]],[[120.64076972598923,23.2053879709337],[120.64169445638338,23.20892339719528],[120.64276261824944,23.209648245342883],[120.6437786543945,23.212127071343186]],[[120.6295944569046,23.20546808699427],[120.6320177205583,23.20771579180983],[120.63343133055363,23.20809613569688],[120.63408549655311,23.209386861275476],[120.63492958540056,23.209869667725496]],[[120.6295944569046,23.20546808699427],[120.62994326488825,23.207785459979604],[120.63166631110964,23.209959178638314]],[[120.64219472325966,23.204063878418616],[120.64328513897783,23.203594638258426]],[[120.63943202001978,23.203524511024973],[120.63959559367768,23.203716793377062]],[[120.63959559367768,23.203716793377062],[120.63789031287563,23.204322313639512],[120.63870880374249,23.201690497485746]],[[120.63773767588336,23.21605728546361],[120.6390458975181,23.21409621250827],[120.63676434434268,23.21235944995767],[120.63669029931418,23.211104082970063]],[[120.63869381860584,23.2016491112678],[120.63857053878733,23.201361153947992]],[[120.63513532234367,23.222595923408534],[120.63516265409484,23.222647910034333]],[[120.63516265409484,23.222647910034333],[120.63566922650796,23.22398780169941]],[[120.63854796813806,23.201326198854698],[120.63800833616085,23.200234179745635],[120.63691528820468,23.19996305734246],[120.63671199734121,23.199192859913857],[120.63710654567414,23.198530144396795],[120.6363805743503,23.197465263643355]],[[120.63959559367768,23.203716793377062],[120.64076972598923,23.2053879709337]],[[120.62959607718275,23.205424657502217],[120.6295944569046,23.20546808699427]],[[120.64219472325966,23.204063878418616],[120.64316222123827,23.20309768714166]],[[120.61123395881367,23.187050031714424],[120.61200644408541,23.186038295323364],[120.61143776812808,23.185596677691265]],[[120.64670458693864,23.210079266144792],[120.64791464893435,23.208183365713793]],[[120.62417773375017,23.203963003646805],[120.62543933383823,23.204426521511007],[120.6277524147958,23.203585392908575],[120.62876763409402,23.203795464099542],[120.62959802466476,23.20537245769254]],[[120.61821364416421,23.20352656786357],[120.61865968635695,23.202175393345794],[120.61774670176456,23.200529721477427]],[[120.62248982963595,23.205473893985936],[120.6208815365927,23.20622642879179],[120.62056976371473,23.207580393238036]],[[120.64373432985408,23.212093108169256],[120.64094741706306,23.211120574320052],[120.63817922857189,23.207754839640735],[120.63504396668445,23.205704288034923]],[[120.62417773375017,23.203963003646805],[120.6247178000467,23.203117712787975],[120.62633267039836,23.20280772535154],[120.62696404693092,23.20315461146312],[120.62998184335136,23.202306078436497]],[[120.62242139441118,23.202778143174378],[120.62260765204486,23.202884584490413]],[[120.60497371044167,23.17401983575453],[120.60476903801174,23.172730269265774],[120.60534243892724,23.171239458835917],[120.60688392007116,23.170737596572465],[120.6071397985085,23.169180524347617],[120.60809354145981,23.168909721323185],[120.60888722162314,23.167067269914956],[120.61018993132349,23.16669582593392]],[[120.6464896910172,23.215038626668054],[120.64670458693864,23.210079266144792]],[[120.60497371044167,23.17401983575453],[120.60686435576363,23.173166666118036],[120.60772360821,23.171351470053406],[120.60821333082215,23.171384285974952]],[[120.61168739867063,23.18300563542515],[120.61353259232258,23.182481894258352]],[[120.62173073094095,23.214374077618317],[120.62318721465911,23.212007133744944],[120.62499450161302,23.210218934212186],[120.62569114256408,23.210234127251002]],[[120.60500464798325,23.17874720269226],[120.6053201308288,23.17546552383137],[120.60497371044167,23.17401983575453]],[[120.64817080207708,23.21739023085504],[120.6483534522918,23.213042593760026],[120.64946678481942,23.211679247640554],[120.64959149595283,23.208638601722413]],[[120.62173010596312,23.209443606781406],[120.62237409507138,23.20819206899845],[120.62435609188884,23.206801432848312]],[[120.6464896910172,23.215038626668054],[120.64584013272233,23.211969160244287],[120.64626853780963,23.210295015977135],[120.64670458693864,23.210079266144792]]]}},{"type":"Feature","properties":{"NAME":"白水溪","FROM":""},"geometry":{"type":"MultiLineString","coordinates":[[[120.53107813189439,23.328900383683024],[120.53198105469997,23.32769986491723],[120.5334888652941,23.326923286121474]],[[120.52640358641624,23.332581824097105],[120.52624784465388,23.33054740379354],[120.52653695351772,23.329410527270866],[120.52751370648684,23.328368267559473],[120.52725190810068,23.32771959911185]],[[120.52640358641624,23.332581824097105],[120.53029528723371,23.330148669761826],[120.53023802110766,23.329466753300103],[120.53107813189439,23.328900383683024]],[[120.53107813189439,23.328900383683024],[120.53253501421584,23.328437433568894],[120.53402225447228,23.329893360786432],[120.53384318197789,23.329299132738566],[120.53461761524623,23.329533936617842],[120.53484502530172,23.328712915391442],[120.5355610064151,23.32905589894992],[120.53651824127925,23.328803671000813]],[[120.45556292193324,23.359564445493728],[120.45835739670356,23.359450006048426],[120.46127761716649,23.357640592803733]],[[120.49368448498554,23.350525337933107],[120.4942987159262,23.351019427251934]],[[120.45332287673669,23.355064319101366],[120.45443588417282,23.354547446592868]],[[120.49222158587582,23.350326498892414],[120.49368448498554,23.350525337933107]],[[120.4624570409714,23.363896142959245],[120.4637134108992,23.363929162796847]],[[120.42061095729801,23.35060060333745],[120.42065528117918,23.351172942003295]],[[120.43874392358711,23.352674877195724],[120.43851647206726,23.35346088575492]],[[120.43914356533503,23.349652605380175],[120.43902363112629,23.35123311819645]],[[120.44340282159263,23.349453378029533],[120.44345342402754,23.34941292464068]],[[120.43965757545675,23.34963653423993],[120.44129492854805,23.349188502471705],[120.44340282159263,23.349453378029533]],[[120.4528388707766,23.36597731295432],[120.45285596689092,23.365990536555195]],[[120.45098897157222,23.366302668364025],[120.45175123790276,23.366682333218805],[120.4528388707766,23.36597731295432]],[[120.45319172131904,23.366170433921454],[120.45495536808619,23.36571383777297]],[[120.43914356533503,23.349652605380175],[120.43923184862973,23.349657154903472]],[[120.44345342402754,23.34941292464068],[120.44353614515238,23.349151356105622]],[[120.45453560157715,23.354530379420844],[120.45612592304892,23.35397701830177]],[[120.4300466179045,23.34908459471588],[120.43068982534312,23.34936460531734]],[[120.42002569718088,23.3489775962984],[120.42116366389868,23.34919854482685],[120.4213554918794,23.349808761298245],[120.42309433811809,23.349756523467008]],[[120.44345342402754,23.34941292464068],[120.44364978448607,23.349844797775912],[120.44475415266938,23.34981938708644],[120.44616657609762,23.34915395432844],[120.4474163871533,23.349783695289123],[120.44867101741059,23.349280220637038]],[[120.48424451656159,23.349634390211317],[120.48576965264137,23.349009592389482],[120.48809327842883,23.34914959141266]],[[120.45339154955333,23.35363335043839],[120.45229265723034,23.35423899737724],[120.45332287673669,23.355064319101366]],[[120.45551883987923,23.368248669109942],[120.45600524173275,23.367020051466476],[120.45813958790205,23.3644878501275],[120.45951867026298,23.364801887176434],[120.46115355612366,23.363723953217256],[120.46240652285027,23.363903588725755]],[[120.4318419619714,23.34991510006204],[120.43144772162158,23.34931319118527],[120.43388599127758,23.347880095233]],[[120.4378959345404,23.34746972253183],[120.43840534943179,23.348828253237706]],[[120.4382575650418,23.34723382983576],[120.43834099363133,23.347238156652228]],[[120.43656606009218,23.356799344868723],[120.43656256504146,23.35569996604981],[120.43604360241058,23.35505697726502],[120.43672771623189,23.35482919763405]],[[120.45013765299844,23.36344853387609],[120.44930988143244,23.364109310262382],[120.44924075220003,23.36513394415936],[120.44979180904487,23.365907926667663],[120.45098897157222,23.366302668364025]],[[120.49368448498554,23.350525337933107],[120.49513873276119,23.349887986979034]],[[120.43421405385772,23.346993522695247],[120.43432963743612,23.34740262543408],[120.43493625690472,23.347136198192054],[120.43510378204655,23.348075887505686],[120.4364946159424,23.34732695703565],[120.43682551297078,23.347808982365144],[120.4378959345404,23.34746972253183]],[[120.43416296635377,23.34693473617194],[120.4341762791632,23.346948435654564]],[[120.43387075807352,23.34775891209442],[120.43416296635377,23.34693473617194]],[[120.52344409262716,23.340285973635904],[120.52343854123286,23.34022587499661]],[[120.43334050537135,23.34641028186315],[120.43384995454643,23.346348929043224],[120.43416296635377,23.34693473617194]],[[120.45332287673669,23.355064319101366],[120.45413992486239,23.356252332724086],[120.45388396867126,23.356937693916525],[120.4542642116849,23.35743804498757]],[[120.45429060732664,23.357489589250793],[120.45542373544272,23.358907022553375]],[[120.45556292193324,23.359564445493728],[120.45674771502365,23.361525774193822],[120.45852473843536,23.36224302991558],[120.45990381760846,23.3617421302628]],[[120.48822735931161,23.34924185646137],[120.49097251511911,23.350787484392693],[120.49222158587582,23.350326498892414]],[[120.44315246929465,23.346432539394026],[120.4437323439436,23.346122608504174]],[[120.44290887536003,23.347118380034804],[120.44306748624231,23.34653064545532]],[[120.50482749328158,23.346297912411465],[120.50590858973277,23.347058704952808],[120.50951733288524,23.347250329186373],[120.51038745809464,23.346486062853202],[120.51113229015132,23.346561684661776]],[[120.45543123189023,23.35904886647924],[120.45556292193324,23.359564445493728]],[[120.45612592304892,23.35397701830177],[120.45792607121275,23.353741734971173]],[[120.44353614515238,23.349151356105622],[120.4427759077841,23.348252438861216],[120.44300156155406,23.34724073372812]],[[120.43672771623189,23.35482919763405],[120.43701450009904,23.35325455229547]],[[120.42065196857894,23.351256696657767],[120.4208187864731,23.352183827483298]],[[120.52645990311738,23.345206354625244],[120.52786286513586,23.34567613624245]],[[120.43264011294382,23.347328753237505],[120.43262349721253,23.345920070242244]],[[120.44514500921132,23.34739017375214],[120.44561269556613,23.34673655445851],[120.4478707350247,23.345970283100318]],[[120.43840534943179,23.348828253237706],[120.43914356533503,23.349652605380175]],[[120.43840534943179,23.348828253237706],[120.4376579452864,23.349672100306215],[120.43770210163575,23.350769364125856],[120.43588961368125,23.350390330712415],[120.43591637574485,23.351020247019957],[120.43529982477352,23.35072003169319],[120.43539024091167,23.350239530033026],[120.4345748629036,23.35057518181432],[120.43394215246096,23.347844384819826]],[[120.45013765299844,23.36344853387609],[120.44995258182999,23.364605949739595],[120.45044130994955,23.365083986451797]],[[120.49158863691865,23.34931385604201],[120.49039602417272,23.349372445554888],[120.48974608983431,23.347869126389124],[120.49034350183152,23.347261579011864],[120.48932462137556,23.34640267513378],[120.48801616855454,23.346285505820028],[120.48708164483389,23.347013834243818],[120.48598233820182,23.346590337571268],[120.48515562735199,23.34535958541176],[120.48436438770543,23.345510486057012],[120.48364921520373,23.344749639284124]],[[120.49222158587582,23.350326498892414],[120.49229282397978,23.34953888468662],[120.49168541399467,23.349285213687505]],[[120.50252068283511,23.342476292581466],[120.50324114938765,23.342991025552138],[120.50307510833974,23.342414822629962],[120.50373407608835,23.34222499992761]],[[120.50827501632597,23.342639205954967],[120.50834783329748,23.342072440791167]],[[120.52121946734647,23.347104875006863],[120.52397594430786,23.349526617798272],[120.52611555430472,23.35035244842723]],[[120.5082458684892,23.343011216158608],[120.50826514562787,23.34269930785509]],[[120.50834783329748,23.342072440791167],[120.51002774484137,23.341831647666957],[120.51229285251159,23.342403194852487],[120.51283531421176,23.341966988847282]],[[120.45463589189475,23.352852127688127],[120.45537430615856,23.35300144269995],[120.45612592304892,23.35397701830177]],[[120.51283531421176,23.341966988847282],[120.51226309573887,23.341091526139095],[120.5126617116376,23.340625513197338]],[[120.45013765299844,23.36344853387609],[120.4510894808242,23.363086170139955],[120.45082424889509,23.36263149424591]],[[120.50736613356972,23.34032660886917],[120.50981016055826,23.34158716260406],[120.51070485498401,23.341334871140866],[120.5107673633933,23.340926469432507]],[[120.53385593196573,23.33689916548473],[120.53433768772041,23.33803238369988],[120.53540721916313,23.338501184411456],[120.53642532566562,23.337909417335204],[120.53833801015007,23.338329799695707],[120.54154147411974,23.340147512306938],[120.54359000346172,23.339609674158428]],[[120.50834783329748,23.342072440791167],[120.50736613356972,23.34032660886917]],[[120.5107673633933,23.340926469432507],[120.51187724802485,23.34068169174997],[120.51092737842637,23.340107517778616]],[[120.49351337330341,23.340950257121712],[120.49301843109231,23.339525019783327]],[[120.49345050505377,23.342510722618037],[120.49347731751199,23.341027999132347]],[[120.48575235499617,23.34154002250044],[120.48542879186041,23.341102993085453],[120.48686802931708,23.3392160022332]],[[120.48215798227909,23.345085584610565],[120.48232161980779,23.344289261454026],[120.48491380773415,23.3430336509625],[120.48675748820375,23.34305324911361],[120.48581043071766,23.34161771143276]],[[120.48686802931708,23.3392160022332],[120.48715628447559,23.338654855326872]],[[120.49301843109231,23.339525019783327],[120.49152631367346,23.338278648313555]],[[120.5234385801682,23.340225851446768],[120.52357158589223,23.338070085468157]],[[120.52990473100407,23.337908605867682],[120.53063152237276,23.33787732848055]],[[120.5227502378678,23.34000312271616],[120.52293354776037,23.337476704554533]],[[120.53383876194837,23.336876412487932],[120.53408230032788,23.335857847521176],[120.53652550332795,23.333817015805536],[120.53764103328905,23.331483992264648],[120.53852244046682,23.3306653774908]],[[120.46127761716649,23.357640592803733],[120.46291008597622,23.35642268864887],[120.46441518960542,23.355992181777],[120.4647926466059,23.356738428648224]],[[120.53063089292499,23.33787777905667],[120.53073874470826,23.33788809068591]],[[120.45745810334249,23.35671540058713],[120.46127761716649,23.357640592803733]],[[120.52253716210866,23.346328923153926],[120.52322167434053,23.345392422104275],[120.52645990311738,23.345206354625244]],[[120.52452777607435,23.35227025166196],[120.5228634191464,23.35080978088814],[120.5219345668859,23.347788958621667],[120.5209905002461,23.34705224641139]],[[120.46414742219658,23.360596420791907],[120.46429896213414,23.358274042681618],[120.46743821539742,23.356880673635022]],[[120.43665822167426,23.357610094080677],[120.43656606009218,23.356799344868723]],[[120.45495536808619,23.36571383777297],[120.45747749278169,23.365153759139986],[120.45828595860468,23.364314533864246],[120.45812004085874,23.363749599495286],[120.45962798138139,23.36243646807298]],[[120.43656606009218,23.356799344868723],[120.43689264592304,23.356906625820034]],[[120.44188438661885,23.355976561831092],[120.44216506435392,23.355934579974303]],[[120.46399449355215,23.363255154477287],[120.46473026294906,23.362948411804528],[120.46485076127986,23.36192846312287],[120.46436630140524,23.361294719283784]],[[120.46821818112883,23.36014306518949],[120.4685268383661,23.360256254630702]],[[120.52279104794968,23.340591960820216],[120.52273671848195,23.340063359907063]],[[120.52707404075386,23.337687889936305],[120.52990473100407,23.337908605867682]],[[120.5256640261498,23.337270525228128],[120.52707404075386,23.337687889936305]],[[120.52357158589223,23.338070085468157],[120.5256640261498,23.337270525228128]],[[120.4102978886618,23.339708208996942],[120.41207932780966,23.336613322144753]],[[120.5256640261498,23.337270525228128],[120.52632899776616,23.336936180070673]],[[120.43665822167426,23.357610094080677],[120.43689264592304,23.356906625820034]],[[120.52357158589223,23.338070085468157],[120.52369629194685,23.336734073197945]],[[120.45378871894788,23.364703298389657],[120.45453261467621,23.364877105648667],[120.45495536808619,23.36571383777297]],[[120.52645990311738,23.345206354625244],[120.5271400317731,23.34416269175826],[120.52710449022602,23.34293583745022]],[[120.52293354776037,23.337476704554533],[120.52369629194685,23.336734073197945]],[[120.43689264592304,23.356906625820034],[120.43698602824117,23.356940825034037]],[[120.5258245097955,23.34675725736044],[120.52514825423951,23.34647401541597]],[[120.452283126578,23.364785689928897],[120.453713714516,23.364691027272592]],[[120.43845423681584,23.357720421418502],[120.43980807588653,23.35777044129898],[120.44180564276972,23.35598632322121]],[[120.49301843109231,23.339525019783327],[120.4919255131503,23.338451487884246],[120.49067290472493,23.336000386761572]],[[120.52293354776037,23.337476704554533],[120.52083243615974,23.335741108566406],[120.51854900534865,23.337038903559808]],[[120.48686802931708,23.3392160022332],[120.48610735441169,23.337570106379616],[120.48513532177546,23.33708834512853],[120.48451572651312,23.33539776398321]],[[120.49067290472493,23.336000386761572],[120.48979118033374,23.33435403696119],[120.4887652076725,23.33501666421469],[120.48709251949109,23.33453937103936],[120.485662686392,23.335882359486625],[120.48451572651312,23.33539776398321]],[[120.48223186808647,23.334150319031398],[120.48218769061432,23.33490475177409],[120.48055342000572,23.335084421510885]],[[120.48451572651312,23.33539776398321],[120.48338810568944,23.335276667690405],[120.4823187989236,23.334144440135702]],[[120.52707404075386,23.337687889936305],[120.52708267529239,23.337247718869133],[120.52815424686848,23.336573714246533],[120.52638059407239,23.336238795611774],[120.52725657225537,23.335525828602577],[120.527750850021,23.3341457596424]],[[120.44353614515238,23.349151356105622],[120.44425130723602,23.347905554591446],[120.44506382715727,23.34749511417421]],[[120.45044130994955,23.365083986451797],[120.45175151635075,23.365163077746946],[120.4528388707766,23.36597731295432]],[[120.52990473100407,23.337908605867682],[120.52902186981237,23.33656051529491],[120.52948680003612,23.334588897903835],[120.52852321109349,23.33297194733464]],[[120.41821941519248,23.34572469943492],[120.41788263818272,23.34681150955846],[120.4186188437242,23.347509544843643]],[[120.51283531421176,23.341966988847282],[120.51192853974463,23.341995687487845],[120.5107673633933,23.340926469432507]],[[120.49067290472493,23.336000386761572],[120.49102989615706,23.334613176937246],[120.489871044694,23.332485018595992]],[[120.52369629194685,23.336734073197945],[120.52484557348554,23.335207033628283],[120.52621733386717,23.335423378986427],[120.52573669321941,23.333322515099628],[120.52640358641624,23.332581824097105]],[[120.45291452275816,23.366035828651658],[120.45319172131904,23.366170433921454]],[[120.51576345202099,23.33211812359823],[120.51647305802251,23.333377724512232]],[[120.50736613356972,23.34032660886917],[120.50775622578607,23.3397250992222],[120.50978654648678,23.339264180549254],[120.51004995525211,23.338702902126922],[120.51293886039728,23.33917712437547],[120.51432746780911,23.33751106334466],[120.51460930994189,23.33619136401478],[120.51289513803792,23.333449863373],[120.51352529331457,23.332684355833017],[120.51576345202099,23.33211812359823]],[[120.51576345202099,23.33211812359823],[120.51597017776284,23.33204202879392]],[[120.43698602824117,23.356940825034037],[120.43754760324138,23.35705465111065]],[[120.43794077529807,23.357094046629552],[120.43845423681584,23.357720421418502]],[[120.45319172131904,23.366170433921454],[120.45428884153388,23.36692149529048],[120.4545524378372,23.367958596837447],[120.45551883987923,23.368248669109942]],[[120.45551883987923,23.368248669109942],[120.45593274018358,23.367877631878407],[120.45725832955947,23.36823666562295],[120.45881991294054,23.367009506683022],[120.45935340164552,23.367171628490258]],[[120.51597017776284,23.33204202879392],[120.51685005108044,23.332297577402585],[120.51734042421462,23.333179487867408]],[[120.49892237679995,23.332834438007787],[120.49845835646549,23.331451417120864],[120.49700043615555,23.331570933711106],[120.49569966280727,23.330523838051803],[120.49258789430586,23.331182041645228]],[[120.45650469434916,23.36941017647123],[120.45551883987923,23.368248669109942]],[[120.49915484784277,23.333051889408367],[120.50057465900758,23.332873539193226],[120.50071840839445,23.33232543900672],[120.50142946062138,23.332214822457363],[120.50155740256355,23.331048141009436],[120.50239202237053,23.331023722050148],[120.50276264023223,23.33035896499539]],[[120.52280081805455,23.34665855649833],[120.52420484534606,23.34714836516191],[120.52427202514336,23.346519633856513],[120.5264396618085,23.34608358191743]],[[120.4372461067248,23.358065852566007],[120.43681905416528,23.358127628146125],[120.43665822167426,23.357610094080677]],[[120.4378959345404,23.34746972253183],[120.43794588694722,23.347431194357938]],[[120.45098897157222,23.366302668364025],[120.45044130994955,23.365083986451797]],[[120.49522040089985,23.349893664474802],[120.49641892263917,23.348572381036306],[120.49631134559004,23.347195004213475]],[[120.43698602824117,23.356940825034037],[120.43672771623189,23.35482919763405]],[[120.52280067867568,23.34066664066505],[120.5227910015271,23.340591932471757]],[[120.46858518870825,23.36024815809127],[120.47090402678296,23.360581113053158]],[[120.46414742219658,23.360596420791907],[120.46682286808486,23.3596574684202]],[[120.50373300403359,23.329893961141554],[120.50276264023223,23.33035896499539]],[[120.50673619879325,23.32886814481666],[120.50382174912424,23.329854526781475]],[[120.51597017776284,23.33204202879392],[120.51827325406241,23.330252212405323],[120.52146065015775,23.32890074860873]],[[120.50276264023223,23.33035896499539],[120.50189915950068,23.328765547932186]],[[120.50187429052228,23.32869016469278],[120.50009693038136,23.326648302972195],[120.49924941113386,23.326407525011476]],[[120.43845423681584,23.357720421418502],[120.43772440383476,23.357832048262377]],[[120.49915008832113,23.32636164242202],[120.49803402263156,23.32614286758692],[120.49666288618675,23.324942071808266],[120.49523491055135,23.322366291498685]],[[120.53107813189439,23.328900383683024],[120.53023366888003,23.325069269700535]]]}},{"type":"Feature","properties":{"NAME":"石子坑溪","FROM":""},"geometry":{"type":"MultiLineString","coordinates":[[[120.62963343945218,23.649482119402094],[120.6329632995614,23.650810686766103]],[[120.62973506861881,23.649401088713514],[120.63269325374762,23.648071583862716]],[[120.62914952287456,23.649074609926338],[120.63072418357099,23.64779604041642]],[[120.6080009334205,23.661758875665353],[120.60739824900969,23.662037422076793]],[[120.61793937995644,23.657246603304408],[120.61811267950695,23.658486387296474],[120.61702629801245,23.66000975177411],[120.61291285024988,23.660385526126404],[120.61039500885974,23.66144243194238],[120.60860408592032,23.66152141333428],[120.60848112936074,23.662215357068092],[120.60802516239585,23.66181082784902]],[[120.60735712072153,23.662064607117063],[120.60657637845331,23.661662972262864],[120.60593783626611,23.661911910851863],[120.60567025476925,23.66148646011152]],[[120.5966650927618,23.67295816378915],[120.59663214075584,23.672669129002028]],[[120.58866027194999,23.673658045769017],[120.58971485892357,23.67368373743074]],[[120.60561545140591,23.661406710584814],[120.60534166097334,23.661253470786768]],[[120.58976308643675,23.673690170658038],[120.59098574624566,23.67401537197757],[120.59309375544343,23.67362708638779]],[[120.58699427055193,23.675923463871406],[120.58832208774989,23.673747995287467]],[[120.5931764115005,23.6736247848767],[120.59322685155801,23.67362338043339]]]}},{"type":"Feature","properties":{"NAME":"石牛溪","FROM":"虎尾溪"},"geometry":{"type":"MultiLineString","coordinates":[[[120.56696184026977,23.654815813111714],[120.56905729132292,23.653758481049657]],[[120.59298011297591,23.645294038339685],[120.59466934670023,23.644719597294376]],[[120.61540813235098,23.617919119308702],[120.6153381739957,23.616493953345135]],[[120.61540813235098,23.617919119308702],[120.61716919027812,23.617071828301846]],[[120.47089891681094,23.683255660493028],[120.4713773178634,23.682464260274767]],[[120.51034021933755,23.66709925563441],[120.51302071402091,23.665617961005783],[120.51298650312597,23.664788332629104]],[[120.59132711872472,23.64721199998615],[120.59131720920902,23.648340661927406],[120.58984716275734,23.64900268691929]],[[120.59051367433864,23.634347157220517],[120.5895106225847,23.633910159528206]],[[120.58948151144605,23.633883935590884],[120.58796597455712,23.63288666233922]],[[120.59208730275289,23.645410359303366],[120.59294073847987,23.64529528461954]],[[120.58055686541353,23.64907921692855],[120.5815656613226,23.648061646307376]],[[120.47140269750437,23.682283117077695],[120.47144203834017,23.682002324742104]],[[120.56490926303078,23.655548174794948],[120.56507641878186,23.65539514598419]],[[120.57299017754171,23.651505792639735],[120.57367757813113,23.650814419062094],[120.57549778912359,23.65055515497871]],[[120.46891864610414,23.68348360352893],[120.46888414827504,23.68214250035799],[120.46838365874343,23.68207529637411]],[[120.51303423737274,23.664776921865997],[120.515401418616,23.664083495689503]],[[120.61500845338787,23.61903973503616],[120.6148848186425,23.618219922033575],[120.61540813235098,23.617919119308702]],[[120.61093057465592,23.62200522198116],[120.61031798140009,23.62048433321608],[120.60853936754259,23.61970552041131]],[[120.55920625402713,23.65680959823356],[120.55977688330015,23.656661980053475]],[[120.55987737684617,23.656637817952042],[120.56490926303078,23.655548174794948]]]}},{"type":"Feature","properties":{"NAME":"石哢溪","FROM":""},"geometry":{"type":"MultiLineString","coordinates":[[[120.52650970701471,23.41740683201469],[120.52976168608086,23.417493609573008],[120.53181930817918,23.416725037089023]],[[120.55115205967904,23.403457574161],[120.55161833276873,23.40309945688131]],[[120.55563577701508,23.401050182034815],[120.5555041033632,23.39849230490533],[120.55687095373837,23.397944184455593],[120.55783033944155,23.39581199649978]],[[120.55096797966299,23.4031814303402],[120.55016371669761,23.400617472660716]],[[120.50720346182032,23.41495030034457],[120.50811922514491,23.414715802810512]],[[120.55529647303523,23.401326877734682],[120.55563577701508,23.401050182034815]],[[120.55352332686702,23.404384088075005],[120.55385342390282,23.40411896045772]],[[120.55115205967904,23.403457574161],[120.55099415934728,23.403213817964183]],[[120.56366051804943,23.405421427690055],[120.56614651886196,23.406410211672732],[120.56664738831286,23.4073557448992],[120.5681613897402,23.407469526865693],[120.56945940862077,23.406914402430598],[120.57242680816017,23.406722489343544],[120.57470844528582,23.405579271539263],[120.57574482725795,23.40557975730323]],[[120.55162750515058,23.403060627938434],[120.55161701847607,23.401317465949003]],[[120.55106494832661,23.403828134224575],[120.55115205967904,23.403457574161]],[[120.55388527520005,23.40409064301584],[120.55460515520946,23.403683406012934],[120.55453531893279,23.402596016598427],[120.55529647303523,23.401326877734682]],[[120.50639920103069,23.415318040300964],[120.50715571012668,23.41497704767117]],[[120.55529647303523,23.401326877734682],[120.55487589397426,23.399775123448997]],[[120.55563577701508,23.401050182034815],[120.55622605678231,23.400987207315918]],[[120.54760112136061,23.409480891999262],[120.54744524242875,23.40822839718624],[120.54867595131938,23.40636803198134]],[[120.51778822988766,23.41701201686883],[120.52309154482855,23.41653930441797],[120.5264554377169,23.417395452220003]]]}},{"type":"Feature","properties":{"NAME":"石雅溪","FROM":""},"geometry":{"type":"MultiLineString","coordinates":[[[120.47822496588284,23.30271668512114],[120.47814537673895,23.30252905874774]],[[120.50682978420089,23.303585549938873],[120.50908317110638,23.302479693960944],[120.51093300935682,23.302566720473646],[120.51329300090931,23.304350511674365],[120.51555360066244,23.304668894541447],[120.5168667815745,23.305826450757696],[120.5184033966997,23.305652828649322],[120.51853247106324,23.306228867345876],[120.51957551014935,23.306760295950504],[120.51929207854614,23.307312498749262],[120.51971258095803,23.30868178508126],[120.52110988486216,23.309175911753194],[120.52189358022063,23.310079012270773]],[[120.47617476789935,23.30468504761094],[120.47561629033801,23.30351838270344],[120.47735191133577,23.302354855598075],[120.47814537673895,23.30252905874774]],[[120.4781499049814,23.30237790512726],[120.47884595713555,23.301233402588267],[120.47840852605496,23.300654062156564],[120.47934683755986,23.300022858814167],[120.47969517963973,23.29845514444006],[120.48103942857634,23.298139049421643],[120.48176544866173,23.29848005321287]],[[120.47814537673895,23.30252905874774],[120.47814752189807,23.30245745297854]]]}},{"type":"Feature","properties":{"NAME":"石鼓盤溪","FROM":""},"geometry":{"type":"MultiLineString","coordinates":[[[120.74451441839413,23.569937816570494],[120.74611244859179,23.569588181128257]],[[120.74537574194659,23.57137664434663],[120.74854141203224,23.56961689695775],[120.7496051903975,23.567995352186074]],[[120.74246347925866,23.56888860437764],[120.7461557372191,23.56803176386407],[120.74694099880242,23.56464135375737],[120.74769070537326,23.564042904489625],[120.74921799960546,23.559948884542468],[120.74996788279378,23.559332376171536]],[[120.7496051903975,23.567995352186074],[120.75,23.567207489232402]],[[120.7406583622877,23.607272727696785],[120.74129460451462,23.601407652288508],[120.74317997578424,23.60059497719633],[120.74365550073546,23.599585065820246],[120.74546532699537,23.599176143496866],[120.74415212072154,23.594901479763863],[120.74431931264499,23.59203912401938],[120.74522954417401,23.59066097755003],[120.7461963245511,23.590792354510885]],[[120.74611244859179,23.569588181128257],[120.74451441839413,23.569937816570494]],[[120.75,23.6006544150207],[120.74763177378462,23.598123087095495],[120.74748466009132,23.595527163353047],[120.74581530251514,23.5920963041545],[120.7461963245511,23.590792354510885]],[[120.7496051903975,23.567995352186074],[120.74611244859179,23.569588181128257]],[[120.74426888334835,23.570101645300355],[120.74451441839413,23.569937816570494]],[[120.7461963245511,23.590792354510885],[120.74832691443,23.585070061527777],[120.74553867937283,23.58091047663384],[120.7453737029022,23.576604176385313],[120.74570656273517,23.5755842139087],[120.7443694359328,23.572592125445794],[120.74462044230096,23.571122681747756]]]}},{"type":"Feature","properties":{"NAME":"石榴班溪","FROM":""},"geometry":{"type":"MultiLineString","coordinates":[[[120.58355790546118,23.734986102829467],[120.58167690053466,23.733001199842075],[120.58090104358551,23.730900150929237]],[[120.57340291874733,23.727418383611564],[120.5705348667876,23.72896124845695],[120.56949750408505,23.72817952997423]],[[120.57340291874733,23.727418383611564],[120.57418042755631,23.726835862293125],[120.57489631454175,23.72727265350625]],[[120.56828069980558,23.725688833326327],[120.56908240781186,23.726546244949468]],[[120.56908240781186,23.726546244949468],[120.57035122742062,23.726315026459954],[120.57257194567394,23.72450625044146]],[[120.57499956702937,23.727359235736024],[120.57596081226795,23.72829004972153]],[[120.58106163294381,23.725955029593063],[120.58002160978938,23.725979019002967]],[[120.58479254919845,23.720482420847105],[120.58622022417465,23.720305170980886]],[[120.56908240781186,23.726546244949468],[120.57158811312436,23.726099510674356],[120.57254375583122,23.726840351793964],[120.57294920932152,23.726672172529618],[120.57340291874733,23.727418383611564]],[[120.58613527060182,23.72033690057527],[120.58600636925422,23.722122652696935],[120.58646211870877,23.72310179997746]],[[120.58624488229998,23.72314002628014],[120.58607258738297,23.723170344138587]],[[120.57257194567394,23.72450625044146],[120.57319400197395,23.7227810566474]]]}},{"type":"Feature","properties":{"NAME":"圣子坑","FROM":""},"geometry":{"type":"MultiLineString","coordinates":[[[120.6321428787495,23.644722314643108],[120.632961708187,23.64520284510735]],[[120.62761244038518,23.63755286703248],[120.6278895719938,23.63725553036334]],[[120.6284639214927,23.640133017029466],[120.6301489081822,23.64019120028155]],[[120.63206680631194,23.642213988380995],[120.63241150477464,23.64245184461468]],[[120.62599271235635,23.640867607839585],[120.6284639214927,23.640133017029466]],[[120.6284639214927,23.640133017029466],[120.62888549999039,23.639562859880396]]]}},{"type":"Feature","properties":{"NAME":"吊崙坑","FROM":""},"geometry":{"type":"MultiLineString","coordinates":[[[120.68812271173577,23.675245994364598],[120.68944392979802,23.676718036258304]],[[120.68487887957771,23.66798089609178],[120.68476563951037,23.671087424798746]],[[120.68947759250665,23.676761728161654],[120.6910035888472,23.678010739690055],[120.69242334199346,23.678327585360453],[120.69249194229248,23.679494953211133],[120.69313610402666,23.68016405339171]],[[120.68480684187149,23.671207850572724],[120.68473249858468,23.67248449032611],[120.68806729923865,23.67520341939976]],[[120.69317710439506,23.680192906143134],[120.69683549776842,23.684024394284876],[120.69857016077393,23.684701063810103]],[[120.69857016077393,23.684701063810103],[120.69983146601746,23.686559910983615],[120.70254020493606,23.68790713701072]],[[120.69857016077393,23.684701063810103],[120.70140852949835,23.68452886300087]]]}},{"type":"Feature","properties":{"NAME":"吊橋坑","FROM":""},"geometry":{"type":"MultiLineString","coordinates":[[[120.55973553621129,23.335278331759483],[120.55991046489594,23.336776121268517]],[[120.56390610254913,23.32810292615864],[120.56149400149218,23.330787652534063]],[[120.55973553621129,23.335278331759483],[120.55819351212585,23.33687571601427]],[[120.56149400149218,23.330787652534063],[120.5623957533591,23.333882275995634]],[[120.56149400149218,23.330787652534063],[120.56083152338186,23.331474230981854],[120.56110029914657,23.332162297416506],[120.56054262604357,23.33287192423145],[120.56053098716953,23.33425852982417],[120.55973553621129,23.335278331759483]]]}},{"type":"Feature","properties":{"NAME":"圳頭坑溪","FROM":""},"geometry":{"type":"MultiLineString","coordinates":[[[120.62991951173451,23.662912729643352],[120.6284589647193,23.661622452879623]],[[120.6221429538598,23.66371784672774],[120.62293331988283,23.662062796835325],[120.62115158229895,23.661146412864223]],[[120.59970400808918,23.678639216250552],[120.60050656505284,23.679121916047837]],[[120.59669185833737,23.680134517866374],[120.59960947538553,23.678582356457344]],[[120.6284589647193,23.661622452879623],[120.6255757412526,23.66056349654557]],[[120.63387528489508,23.66129453888555],[120.6284589647193,23.661622452879623]],[[120.60942523506048,23.66933934157193],[120.60940082110734,23.669342392918757]],[[120.60931836294313,23.669352698817395],[120.60927064211307,23.66935866310607]],[[120.63173299608508,23.656508049206643],[120.63307772883623,23.655463757537085],[120.6335820590876,23.65338801105156]],[[120.60055735798542,23.67915246497173],[120.60061588925504,23.679187667985897]],[[120.63057205290616,23.659031211165626],[120.63188159712274,23.659456700381366],[120.63370437380058,23.659323333344627]],[[120.61312536468638,23.66901401761759],[120.61160576561103,23.669980879025026],[120.60942523506048,23.66933934157193]],[[120.60942523506048,23.66933934157193],[120.6101486640098,23.66846018054421],[120.61412003922806,23.668122566551485]],[[120.63043004338603,23.658943034475822],[120.63052789205007,23.65900379079985]]]}},{"type":"Feature","properties":{"NAME":"在來溪谷","FROM":""},"geometry":{"type":"MultiLineString","coordinates":[[[120.48024405295739,23.431061441511694],[120.48074951143953,23.431663380108457],[120.48157330451888,23.43145804286871],[120.48134628631723,23.43059467408449],[120.48202319829434,23.42958900963434],[120.48077262138509,23.429506856049382],[120.48043892153542,23.430698390546553]],[[120.48037506662972,23.430673821707554],[120.47906646365756,23.42965148315333],[120.47779668704433,23.429660216134828],[120.47621417617724,23.42890706814032]],[[120.46996531024675,23.43374254507651],[120.46851600024614,23.432762312378184]],[[120.47614933652702,23.428926317636183],[120.47493238038349,23.429060293899607],[120.47358668801844,23.430740777586045]],[[120.46794848022508,23.431649172283244],[120.46841345481764,23.431947704091733],[120.46841508130763,23.432998499717186],[120.46617784872873,23.431890056667395],[120.46486044210282,23.4321672037888],[120.46476732371325,23.431610511335915]],[[120.4762434514115,23.431382805769807],[120.47698285331917,23.43037626561394],[120.4781010338125,23.42997033429938],[120.47962318169127,23.430361257736887],[120.48019467774785,23.431010234111206]],[[120.48605950150103,23.431036696931464],[120.48395718281901,23.431758765492592],[120.48318237521976,23.43130370203577],[120.48177296436977,23.43155663765816]],[[120.4865963860931,23.429247067084237],[120.48622138998547,23.428118939886073]],[[120.48664619058147,23.429381228496904],[120.48663703188794,23.429408499520374]],[[120.4816434651195,23.427588241450902],[120.48169488484895,23.428834461480193],[120.48226901355639,23.429438581004295]],[[120.48662455307131,23.429445656546033],[120.48605950150103,23.431036696931464]],[[120.48227829676169,23.429534341831857],[120.48206120250973,23.43095746087168]],[[120.4715805879964,23.427738598377697],[120.47253490054297,23.426693541712297]],[[120.48664619058147,23.429381228496904],[120.48662674962613,23.42929918620958]],[[120.48226901355639,23.429438581004295],[120.48227416688353,23.42949174010598]]]}},{"type":"Feature","properties":{"NAME":"好收圳幹線","FROM":""},"geometry":{"type":"MultiLineString","coordinates":[[[120.49271462671223,23.562588840510987],[120.49288681688832,23.562373846883506]],[[120.49268273413983,23.562628055156324],[120.49271462671223,23.562588840510987]],[[120.4889507170095,23.56331007573414],[120.49006192311707,23.56375012248771],[120.49264691861883,23.562672093367794]],[[120.49769387462183,23.560925179588672],[120.4995747321024,23.56003735750425]],[[120.49961551142715,23.560018588783084],[120.49963433068524,23.56000992719672]],[[120.49293365275965,23.562304444809623],[120.49486529901478,23.56222999864273],[120.49766103216078,23.56094060951514]]]}},{"type":"Feature","properties":{"NAME":"宅後溝","FROM":""},"geometry":{"type":"MultiLineString","coordinates":[[[120.52649455369244,23.42716329014274],[120.52814800449694,23.426398401593868]],[[120.52341141065006,23.428673111100622],[120.524569579246,23.428227192880474]],[[120.5128614800713,23.429656628111907],[120.51531567725107,23.431096306656706]],[[120.52765375338087,23.427417079369448],[120.52850322222926,23.427449412019442],[120.52865130358971,23.427983250873584],[120.53121164584505,23.42738952224563]],[[120.52818028060511,23.42641160720104],[120.52905078064202,23.42675927324969],[120.5312048290794,23.426323648925315],[120.53387040328354,23.424453017453985]],[[120.51899836769381,23.42971348816234],[120.52104430262344,23.42901549948025],[120.52174639856713,23.429671524925123],[120.52251368100265,23.429577153091483]],[[120.52162959735072,23.43049806924722],[120.52212392753354,23.429772638521094]],[[120.52216850098009,23.4297196040816],[120.52251368100265,23.429577153091483]],[[120.52649455369244,23.42716329014274],[120.52761766018428,23.427412629281008]],[[120.524569579246,23.428227192880474],[120.52649455369244,23.42716329014274]],[[120.51224096000492,23.42893449170616],[120.5128299424271,23.42963748263674]],[[120.52251368100265,23.429577153091483],[120.52333065461461,23.428723613731805]],[[120.51536924543885,23.431103701284915],[120.51823597480305,23.430779118809657],[120.51897337440117,23.42973861076261]]]}},{"type":"Feature","properties":{"NAME":"尖山坑溪","FROM":""},"geometry":{"type":"MultiLineString","coordinates":[[[120.59366097334856,23.657999439866586],[120.59341662885625,23.6603171392891],[120.59224098027363,23.660517179523456],[120.59171420492979,23.66114611901347]],[[120.60736753874164,23.64820019322319],[120.60957541425522,23.647406937421444],[120.61015296635637,23.64593761984699],[120.61151087240953,23.644855175051482],[120.61089787135916,23.64253520919388]],[[120.61089787135916,23.64253520919388],[120.60944961477108,23.642224561043758]],[[120.60533371801299,23.65691241117656],[120.60630599440218,23.65641374817879]],[[120.59155279688225,23.66197136959244],[120.5905931386934,23.661916887010015]],[[120.63127241459276,23.62118695153002],[120.63157508048198,23.6198877546154],[120.63331743318581,23.61823252242937]],[[120.59057834492943,23.66478496770229],[120.59063861557298,23.664120236469103],[120.59196163500734,23.662814470470845],[120.59389828775015,23.663009148967625]],[[120.59048640853906,23.662340994056663],[120.5904726257396,23.662279301574067]],[[120.59155279688225,23.66197136959244],[120.59159080589028,23.66167575108673]],[[120.5905931386934,23.661916887010015],[120.59036546812193,23.661320322867553],[120.58917173179903,23.660759544445238]],[[120.59104984775291,23.660927367987206],[120.59034764805553,23.66028638581204]],[[120.5904567631633,23.662208299856488],[120.5905931386934,23.661916887010015]],[[120.59159080589028,23.66167575108673],[120.59109514888905,23.660972000278996]],[[120.59034764805553,23.66028638581204],[120.58959009194334,23.65992091798717]],[[120.5892087448395,23.660701042794024],[120.58917173179903,23.660759544445238]],[[120.58959009194334,23.65992091798717],[120.5892332967301,23.660662236822475]],[[120.58903562016593,23.66069822903464],[120.58797612177071,23.660638946343795],[120.5862518886125,23.65906542326065]],[[120.59150818761485,23.662271485308327],[120.59151254298344,23.66222162233242]],[[120.59105363540468,23.65902679048598],[120.593161206664,23.657912336022495]],[[120.59151883396444,23.66214959920376],[120.59155279688225,23.66197136959244]],[[120.58588852322687,23.671791679329015],[120.58603752002468,23.671742829473203]],[[120.58615618283068,23.67170392471968],[120.5865507060752,23.671234670541136],[120.58784256486682,23.671173645836536],[120.58829244779136,23.66998546062892],[120.58944384176486,23.669388079482797],[120.5905636959765,23.664835433719684]],[[120.61089787135916,23.64253520919388],[120.61148438434599,23.64136950554134],[120.6146569054204,23.638648072235984],[120.6179827695786,23.63739875409194]],[[120.59395421278523,23.6629717517681],[120.59408309486116,23.66288556788336]],[[120.59034764805553,23.66028638581204],[120.59096618774963,23.66001715293277],[120.59100085728484,23.65907892680493]],[[120.59366097334856,23.657999439866586],[120.59493119611892,23.657865093069184],[120.59455597966918,23.655130397057352]],[[120.59031292473456,23.658193285941593],[120.58959009194334,23.65992091798717]],[[120.59124626557761,23.657045227684087],[120.59034492164477,23.658128279257813]],[[120.59455597966918,23.655130397057352],[120.59284876446364,23.65538097064035],[120.59128069935909,23.657004063946868]],[[120.59323833989059,23.655114439257215],[120.59467105857436,23.655062978586802]],[[120.58903562016593,23.66069822903464],[120.59016524715284,23.65809171760959],[120.59311021268518,23.655152623458363]],[[120.59467105857436,23.655062978586802],[120.59500137166775,23.654594310910856]],[[120.59500137166775,23.654594310910856],[120.59503722855614,23.653917187534354]],[[120.59500137166775,23.654594310910856],[120.59945469746224,23.65271198985183],[120.60121384918499,23.650556191971393]],[[120.5917032513396,23.661252392793447],[120.59159080589028,23.66167575108673]]]}},{"type":"Feature","properties":{"NAME":"尖山溪","FROM":""},"geometry":{"type":"MultiLineString","coordinates":[[[120.52303511656923,23.39875279166907],[120.52342452813346,23.39896322424393]],[[120.54784554556578,23.395275457971856],[120.55090272372505,23.39856819311851]],[[120.54768867177803,23.395093732257134],[120.54762873040984,23.39493265203394]],[[120.54641253266601,23.391396436809238],[120.54729826839652,23.390602172295225],[120.54873846057333,23.390787714639032],[120.5498178658596,23.390131761465675]],[[120.51909502593124,23.402526422624533],[120.5192065011313,23.402729972689635]],[[120.55234142550201,23.39549618384369],[120.55411792359061,23.39630284586048]],[[120.52347100870189,23.39897082209075],[120.5249066508942,23.3985536367808],[120.52690881357283,23.399510911316383],[120.5264417951457,23.40239317554808],[120.52739497768097,23.403589387609234]],[[120.55294500259902,23.395263942032543],[120.55532246213173,23.393447764502422]],[[120.51919155221644,23.40276484023888],[120.51988801395628,23.403936126212464],[120.52102763099147,23.404365178549032]],[[120.51909502593124,23.402526422624533],[120.5225305161301,23.40281687746322],[120.52371851565837,23.4043614577497],[120.5250859387409,23.40412015494435]],[[120.54641253266601,23.391396436809238],[120.54692305369613,23.388578542003373]],[[120.5502015456087,23.39520749323102],[120.5513772889912,23.393327173231302],[120.55321321835736,23.39238854474278],[120.55447916229934,23.3923211080716],[120.55621163346444,23.39123851492493],[120.55721317497883,23.391268731686925]],[[120.54548915420474,23.398651712964835],[120.54499492478926,23.39988072674924]],[[120.53650866358262,23.400177530773338],[120.53673644342027,23.401370380709725],[120.53798083423968,23.402006921038836]],[[120.54768867177803,23.395093732257134],[120.54784554556578,23.395275457971856]],[[120.5475009077236,23.394984434067368],[120.54768867177803,23.395093732257134]],[[120.5502015456087,23.39520749323102],[120.55135524531774,23.395033116587946],[120.55234142550201,23.39549618384369]],[[120.55234142550201,23.39549618384369],[120.55294500259902,23.395263942032543]],[[120.54731957930126,23.394939780149972],[120.5475009077236,23.394984434067368]],[[120.54784554556578,23.395275457971856],[120.54768867177803,23.395093732257134]],[[120.53436545423162,23.39167673318874],[120.53616411432724,23.391375517333664],[120.53723307518479,23.390619203880224]],[[120.53439158879232,23.399528817516924],[120.5343171290546,23.400969392357283],[120.53540426985434,23.402528729677833]],[[120.54762873040984,23.39493265203394],[120.54844858524002,23.394484844499175],[120.5502015456087,23.39520749323102]],[[120.5475009077236,23.394984434067368],[120.54762873040984,23.39493265203394]],[[120.53003113222854,23.395747966922034],[120.53123621279306,23.39537841080699],[120.5307631981966,23.39301988841725],[120.5311747530615,23.391963303191467],[120.53000633384167,23.390873019724275],[120.53086138053057,23.39019214713718],[120.53155908022167,23.388131692322876],[120.53285275743507,23.386662897793194]],[[120.54548915420474,23.398651712964835],[120.54854714710459,23.39908936833662]],[[120.54425895516441,23.396357049929296],[120.5448322394946,23.39675244368574],[120.54468618429038,23.398062541739762],[120.54548915420474,23.398651712964835]],[[120.54354327100633,23.396412422584493],[120.54423538056199,23.396327878071126]],[[120.53433038863552,23.392735845133263],[120.53436545423162,23.39167673318874]],[[120.53596386177078,23.399520696480685],[120.53650866358262,23.400177530773338]],[[120.53322618606191,23.396022191049376],[120.53309712894449,23.394954770225432],[120.53433038863552,23.392735845133263]],[[120.5355683420398,23.38932684881782],[120.53586677985811,23.38825949800607],[120.53799922758152,23.38748844406075]],[[120.53596386177078,23.399520696480685],[120.5372974949081,23.39940000480818]],[[120.5297905935418,23.397363946094874],[120.5298450676546,23.397465215090886]],[[120.546288048614,23.393886044548996],[120.54628300650275,23.39194989468548]],[[120.53203065829945,23.39691498281199],[120.53295362565267,23.398279286420973]],[[120.53704178567027,23.394178060454262],[120.5378391493828,23.393262254162448],[120.53918297727634,23.392807749089425],[120.54002151277916,23.39096396255249],[120.54138288803044,23.389605333931392]],[[120.53199569920817,23.39683364355025],[120.5320120312686,23.396871643344458]],[[120.53285275743507,23.386662897793194],[120.53292234720763,23.385092373629575]],[[120.53285275743507,23.386662897793194],[120.53356857253571,23.386593840645595],[120.53400480902464,23.38582317867717],[120.53511554046041,23.385800651177703]],[[120.54628300650275,23.39194989468548],[120.54641253266601,23.391396436809238]],[[120.53650866358262,23.400177530773338],[120.5380071025228,23.400456848412155]],[[120.53436545423162,23.39167673318874],[120.53473102622999,23.38942239239193],[120.5355683420398,23.38932684881782]],[[120.53902790952692,23.396311924655453],[120.53901520404415,23.39784444845455],[120.53969622632845,23.398643090750834],[120.5394891205777,23.399387956308143],[120.54084218584211,23.401288667756585]],[[120.53993864232687,23.395875206752535],[120.53905682204956,23.3962896947556]],[[120.53295362565267,23.398279286420973],[120.53439158879232,23.399528817516924]],[[120.52986416932292,23.39750072561999],[120.52997614091946,23.397618902380966]],[[120.53439158879232,23.399528817516924],[120.53596386177078,23.399520696480685]],[[120.53221879748322,23.39870052872823],[120.53295362565267,23.398279286420973]],[[120.51898498234048,23.40245676139849],[120.51909502593124,23.402526422624533]],[[120.51775908839934,23.401291886598596],[120.5189487889891,23.40243384977945]],[[120.53433038863552,23.392735845133263],[120.53593171655544,23.392220730104448]],[[120.5355683420398,23.38932684881782],[120.53658218476484,23.389310332926772]],[[120.54138288803044,23.389605333931392],[120.54102988994842,23.38751781907077]],[[120.54138288803044,23.389605333931392],[120.54352015466064,23.389267651594924]],[[120.5368047549177,23.395765870883558],[120.53748104819265,23.396067815776618]],[[120.53510479166259,23.395373479896886],[120.53676466390152,23.395748745404568]],[[120.54628300650275,23.39194989468548],[120.54837984218955,23.391695514979652],[120.55057058071954,23.39077407403368]],[[120.55294500259902,23.395263942032543],[120.55561025317948,23.39512974364836]],[[120.52123523322281,23.399354275900386],[120.52130434657428,23.398566648076258]],[[120.52129614872683,23.398539082826574],[120.5206912348657,23.396822635843954],[120.52183467167552,23.395952355480624],[120.52192478615714,23.395374227493914],[120.52343820285864,23.39447852182623],[120.52423093964707,23.39225130365677],[120.52397373129936,23.391444097469293],[120.52797312468317,23.390028921534196]]]}},{"type":"Feature","properties":{"NAME":"尖仔坑溪","FROM":""},"geometry":{"type":"MultiLineString","coordinates":[[[120.5141224430794,23.31406897428542],[120.5112296867486,23.314843472965666],[120.50892144804325,23.31388816365382],[120.50741148552868,23.31380668421682]],[[120.5141224430794,23.31406897428542],[120.51548000660108,23.314693890155038],[120.51614763682103,23.314476950170835],[120.51553433364762,23.312912944646087],[120.51424752676884,23.311757753424747],[120.51633970358006,23.312994410911635],[120.51705344210164,23.3114344682933],[120.51774798721785,23.312149949176735]],[[120.48349309178796,23.310795230788024],[120.48789514847563,23.311267900096873],[120.4898664656307,23.310971814513383],[120.49261139431279,23.30961585112678]],[[120.49272453011017,23.30960908854209],[120.49508103462456,23.30826846799109],[120.49713676802519,23.308591089484988]],[[120.50438616381396,23.315061308755066],[120.50481828035699,23.314678914185954],[120.50675192986354,23.314741441403584],[120.50951496729216,23.316140662180583],[120.51194096272907,23.316543227938226],[120.5141224430794,23.31406897428542]],[[120.49713676802519,23.308591089484988],[120.49718143606897,23.307751479024393]],[[120.49713676802519,23.308591089484988],[120.50337410715896,23.307818586708454],[120.50515106709189,23.308438217154887],[120.5070873477139,23.31047146696758]],[[120.504462802934,23.315154104836548],[120.50749181299457,23.315899559113962],[120.5111129098391,23.31752717367056],[120.51271976403966,23.317071586532805],[120.51371473241977,23.317566754046705],[120.51647428807232,23.316717326129407],[120.51960967607633,23.314839741431843]]]}},{"type":"Feature","properties":{"NAME":"托亞奇伊溪","FROM":""},"geometry":{"type":"MultiLineString","coordinates":[[[120.679334383775,23.280506531301157],[120.67965742884815,23.2791639437243]],[[120.67194343563258,23.29008005388014],[120.6739771922466,23.290975967967526],[120.6760203218845,23.289961934144074],[120.67612471755788,23.288506012142317],[120.67710133693528,23.28780589323227],[120.67882452290783,23.28869201708641],[120.68221651859854,23.287352962357573]],[[120.65847782660454,23.29581049752709],[120.65950496812164,23.2946365319611],[120.66182554564419,23.294935006191835],[120.66180294317746,23.29416062187622],[120.66268755407887,23.29334754459639],[120.66363106546552,23.293803324144374],[120.66542159906443,23.293021506300995],[120.66583804560665,23.29401119143648],[120.66695507868793,23.294106111877362],[120.66831114425334,23.29177241258892],[120.66957487116053,23.292138527455364],[120.67052621218808,23.290266743287408],[120.67194343563258,23.29008005388014]],[[120.679334383775,23.280506531301157],[120.68013568985224,23.280955154514583],[120.68212464333375,23.28079663317901],[120.68448965307064,23.279568886845166]],[[120.67893718742863,23.28062085817481],[120.679334383775,23.280506531301157]],[[120.6774244289558,23.282347180714236],[120.67751184645599,23.281186852026032],[120.67893718742863,23.28062085817481]],[[120.67194343563258,23.29008005388014],[120.67551052950037,23.28741209417644],[120.67631041478852,23.285386347483986],[120.6772318086181,23.28481244419475],[120.6774244289558,23.282347180714236]],[[120.6774244289558,23.282347180714236],[120.67893718742863,23.28062085817481]],[[120.68221651859854,23.287352962357573],[120.68279071968756,23.286457744708223]],[[120.67965742884815,23.2791639437243],[120.67940796626436,23.27805949323969],[120.67987035578466,23.27662236966983],[120.68140007365469,23.274665905787334],[120.68161018114435,23.27060723910229],[120.68039028871657,23.26936536997576],[120.68022969714933,23.268392034676907],[120.67872741876982,23.267305349622497]],[[120.68221651859854,23.287352962357573],[120.68547210937312,23.28663482916525]],[[120.67965742884815,23.2791639437243],[120.68093214241509,23.27860439635286],[120.68280590451651,23.278542735375755]]]}},{"type":"Feature","properties":{"NAME":"朴子溪","FROM":""},"geometry":{"type":"MultiLineString","coordinates":[[[120.36052729281954,23.508392503160604],[120.36051972255552,23.50843652255997]],[[120.36050963372233,23.50849518681699],[120.3605071815204,23.508538187218143]],[[120.36388151100132,23.51440632401362],[120.36514091326094,23.514261613974085]],[[120.3577487087959,23.513758746147538],[120.35775996408309,23.51445671814312],[120.35962042390518,23.514553719892444],[120.35983380514418,23.515032377989122],[120.36004513027913,23.514131900691172]],[[120.35216434706872,23.51093399174436],[120.35261645181419,23.509115148069977],[120.35154196033155,23.506179922398992]],[[120.36660377620609,23.509488765880857],[120.36539829200008,23.508107544730592],[120.36582488187051,23.506474877581866]],[[120.3605236404048,23.510739588117463],[120.36052633633388,23.510784074649784]],[[120.36615021280522,23.513238276464723],[120.3674025199099,23.51101815311699]],[[120.36052946837701,23.510820655657387],[120.3601357969141,23.513657331090442]],[[120.35152790509979,23.50613860742443],[120.35152441726065,23.506128355010713]],[[120.32559985540031,23.508814696407956],[120.32492416758132,23.506598558764935],[120.32409394186732,23.505730169660517]],[[120.29081573129717,23.481802367180507],[120.2911755259134,23.481324377135444],[120.29029088248014,23.478338788445726]],[[120.16579690606694,23.45238926011277],[120.16688747251285,23.453490412276274]],[[120.30418042745463,23.49781401804538],[120.30465669023458,23.498433488286217],[120.30436644008965,23.499783881447417]],[[120.30369711365805,23.497228584581617],[120.30413422124779,23.49775804924373]],[[120.367523563436,23.510105978753593],[120.36693234621491,23.51027763946484],[120.36664053093301,23.509517669012823]],[[120.31915061995008,23.50918409322488],[120.31862811064991,23.507938820055017]],[[120.3681769479097,23.5084049443881],[120.36978742966146,23.50870202868323]],[[120.30514632201248,23.487058380489042],[120.30358592228676,23.48682168915495],[120.30258331001167,23.487798345753987],[120.30263945810368,23.489383400617495],[120.30118045790594,23.48973777837343]],[[120.29873825167147,23.483681786092546],[120.30076355502497,23.484023525956214],[120.30208847399858,23.485272767646297]],[[120.30118045790594,23.48973777837343],[120.30042603133327,23.489963319238807],[120.29973567058542,23.48906872031053],[120.29820368070922,23.490128068649646]],[[120.19618769792842,23.468075027629173],[120.19731138541688,23.467638134320346],[120.19652697615746,23.468554101688405],[120.19686119743197,23.469449795338342],[120.20010507713684,23.472084073244226]],[[120.2127788931897,23.48720277223574],[120.21318556458112,23.489673348291923]],[[120.3605071815204,23.508538187218143],[120.3605236404048,23.510739588117463]],[[120.22544695689457,23.477750932996784],[120.22726305480502,23.477664352921177]],[[120.22486541065389,23.479419249474564],[120.22514254069677,23.479652956694384]],[[120.36615021280522,23.513238276464723],[120.36514091326094,23.514261613974085]],[[120.21687799167799,23.485072623632472],[120.21686197098349,23.48570606967092],[120.21899349338366,23.48728781881221]],[[120.34716262171256,23.505535230796845],[120.34857144839134,23.5049559404616],[120.35087836079269,23.50483557922708]],[[120.17736627575144,23.46716214701611],[120.17809173204577,23.46691852492843],[120.17832555885833,23.466125153637044]],[[120.17670353976018,23.46739349483018],[120.17732086166669,23.46717800028294]],[[120.35091713186112,23.50483421045562],[120.3509313871796,23.50483370718426]],[[120.36047719793278,23.506492655894675],[120.36052729281954,23.508392503160604]],[[120.20044818530268,23.47229239194642],[120.20220268876126,23.473138572870795]]]}},{"type":"Feature","properties":{"NAME":"江某溪","FROM":""},"geometry":{"type":"MultiLineString","coordinates":[[[120.6565198720713,23.44170977403511],[120.65662486623789,23.44128215154538]],[[120.6397962378537,23.452793863030752],[120.64302752094429,23.45304508808296],[120.64559652500132,23.45420642882117]],[[120.65488491285637,23.444915297776458],[120.65612684952336,23.44553740134193],[120.65808519435981,23.445664577664314]],[[120.65488491285637,23.444915297776458],[120.65614216272469,23.443963728836298]],[[120.64530975930018,23.44424839249185],[120.64457576780516,23.44687065340506],[120.64480847690871,23.44882222895181],[120.6453429048301,23.449508050724397]],[[120.65027477924306,23.4478764099001],[120.654154635915,23.444961720162652]],[[120.654154635915,23.444961720162652],[120.65488491285637,23.444915297776458]],[[120.65027477924306,23.4478764099001],[120.65111155419766,23.448555469549127],[120.65205373868432,23.448175373509713],[120.65346682358903,23.44924161941575],[120.65405578252086,23.4491354764434]],[[120.63691648806439,23.448314125671377],[120.63720593358002,23.449575574914334],[120.6362564543467,23.450404870306116]],[[120.65179510429863,23.446492001756546],[120.64920011697886,23.441267018646347]],[[120.63691648806439,23.448314125671377],[120.63688258011378,23.44726255384121],[120.63864282644444,23.445375364017305],[120.63850062258521,23.444484087399672],[120.63931561117698,23.44321447493751],[120.64160730407792,23.44218859917212]],[[120.64655104756902,23.44887635892337],[120.6473349011836,23.4482336126803]],[[120.6473349011836,23.4482336126803],[120.64719064203723,23.446345091954573],[120.64767641481053,23.445577575122627]],[[120.64919329990511,23.448244967853356],[120.65027477924306,23.4478764099001]],[[120.62846035824295,23.45605515313106],[120.6279515833413,23.4545128878075],[120.62986981294354,23.449182623227355]],[[120.64559652500132,23.45420642882117],[120.64738890784038,23.455349964162814]],[[120.64559652500132,23.45420642882117],[120.64721427330487,23.453974577603883]],[[120.65614216272469,23.443963728836298],[120.65768886419828,23.44263940726605]],[[120.63689790390771,23.45275370889961],[120.6362564543467,23.450404870306116],[120.63542808995383,23.44959035510093]],[[120.65405578252086,23.4491354764434],[120.65716990680558,23.44864645896769]],[[120.65405578252086,23.4491354764434],[120.65632410077936,23.449926218703954],[120.65808483421854,23.449368349425065]],[[120.654154635915,23.444961720162652],[120.65454524389443,23.444207285770666],[120.65407971834692,23.442744819913635],[120.65448201589007,23.441713431817305]],[[120.6544946075859,23.441678905296303],[120.65514197583812,23.440368421030115],[120.65486683669621,23.438943923978705]],[[120.65614216272469,23.443963728836298],[120.65572098575817,23.443096902740418],[120.65652201258933,23.441751234292273]]]}},{"type":"Feature","properties":{"NAME":"竹仔坑溪","FROM":""},"geometry":{"type":"LineString","coordinates":[[120.657693820934,23.55402390588636],[120.65733637895482,23.55288657425315],[120.65813464112988,23.55014891227401]]}},{"type":"Feature","properties":{"NAME":"竹坑","FROM":""},"geometry":{"type":"MultiLineString","coordinates":[[[120.55624806198594,23.29354133228662],[120.55778201964732,23.29479025954162],[120.56203197412154,23.294836294827185]],[[120.54557061460334,23.310964330290187],[120.54674965099034,23.31259235620857]],[[120.54557061460334,23.310964330290187],[120.54451341747716,23.311472558846376],[120.54542388244354,23.31297556058694]],[[120.54286149701895,23.307958005223448],[120.5425415009392,23.309838349899167],[120.54170168513028,23.310448164845194],[120.54192606668536,23.311756798635823],[120.54137879442257,23.31314111186423],[120.54160510477874,23.313904282437463],[120.54291509054704,23.314982288310496],[120.54329538044412,23.316519563373184]],[[120.5395598297401,23.30774243378835],[120.53865201524935,23.308117919607934]],[[120.54634103536164,23.30631387955563],[120.54554210125069,23.308766239076267],[120.54572099504489,23.310864421874633]],[[120.54572099504489,23.310864421874633],[120.54557061460334,23.310964330290187]],[[120.55550577099008,23.302555308152346],[120.55402739936534,23.301706945652423],[120.54946424472246,23.304304081743016],[120.5479435342915,23.30369522574783],[120.5477187734678,23.304358758744026],[120.54691080949114,23.30462879126155],[120.54634103536164,23.30631387955563]],[[120.54634103536164,23.30631387955563],[120.54470065920113,23.307629359405638],[120.54286149701895,23.307958005223448]],[[120.54286149701895,23.307958005223448],[120.54101348516305,23.30737936380603],[120.5395598297401,23.30774243378835]],[[120.54572099504489,23.310864421874633],[120.54605484224442,23.311558238665896],[120.5468358315818,23.311617835787818]],[[120.54760464846541,23.30405491305257],[120.54690333401417,23.30380690522515],[120.5460347077664,23.302194142113866],[120.54363272524142,23.300440591587833]]]}},{"type":"Feature","properties":{"NAME":"竹坑溪","FROM":""},"geometry":{"type":"MultiLineString","coordinates":[[[120.56614493397304,23.164888508821495],[120.56653657502683,23.166968776523664],[120.56747986042848,23.168267169751886]],[[120.5776872033155,23.150367261013457],[120.57754628441678,23.15]],[[120.5750407351559,23.15590929747794],[120.57604379075437,23.15534758150463],[120.57801672097536,23.155601154268346],[120.57834511606247,23.155069240629686],[120.57741398595333,23.15401926531967],[120.57873197628535,23.15443363350137],[120.57915593142292,23.154168362961286],[120.5772082936967,23.151865008552026],[120.5780557680397,23.15113580857337],[120.5776872033155,23.150367261013457]],[[120.5776872033155,23.150367261013457],[120.57727512220649,23.15]],[[120.56614493397304,23.164888508821495],[120.56597520528467,23.161239840388873],[120.56701597030234,23.160558628215487],[120.56710989190478,23.159983206235403],[120.5692987356193,23.1597475696613],[120.57138569614254,23.158111940123852],[120.57175103421326,23.157169260990305],[120.57290982440443,23.157194937821128],[120.5750407351559,23.15590929747794]],[[120.56336607876169,23.167082048967576],[120.56354975420007,23.166048592467625],[120.56614493397304,23.164888508821495]]]}},{"type":"Feature","properties":{"NAME":"竹圍溪","FROM":""},"geometry":{"type":"MultiLineString","coordinates":[[[120.49611869210985,23.150360439939483],[120.49545123117645,23.15]],[[120.50201845509943,23.15303801194012],[120.5013284587752,23.152227710268996],[120.50027266369698,23.15236221077754],[120.49821935717686,23.15101947282167],[120.49819924701474,23.15]],[[120.49746679236482,23.15],[120.49734305045297,23.150418539448665],[120.49619550904228,23.150354256036582]],[[120.50655612331325,23.158962043183806],[120.50682705368136,23.15779570675623]],[[120.50682705368136,23.15779570675623],[120.50976643440268,23.157170184185077],[120.51079694708571,23.15760220945981],[120.51289751110055,23.15543905289797]],[[120.50542690390931,23.15649804086528],[120.50387360859091,23.15583173263231],[120.50316487606285,23.153915174471674],[120.50201845509943,23.15303801194012]],[[120.50682705368136,23.15779570675623],[120.50544765640302,23.156549306456103]],[[120.50346788044591,23.152134876586846],[120.50600118731022,23.154752291909006]],[[120.5023174570259,23.152678794513488],[120.50346788044591,23.152134876586846]],[[120.50201845509943,23.15303801194012],[120.5022716682058,23.152748376775865]],[[120.50346788044591,23.152134876586846],[120.50392070619638,23.151901463021485]],[[120.51289751110055,23.15543905289797],[120.51293775017163,23.152330433174583],[120.5135434082145,23.15159178559187]],[[120.51289751110055,23.15543905289797],[120.51054868332787,23.15380196672601],[120.51004973637158,23.152427839072395],[120.51051816657089,23.15151263584485]]]}},{"type":"Feature","properties":{"NAME":"竹湖溪","FROM":""},"geometry":{"type":"MultiLineString","coordinates":[[[120.44615128995677,23.155574880284444],[120.44482918912959,23.152739130452694],[120.44519533645085,23.151783200113044],[120.44479109979599,23.151188162882555],[120.44561449990401,23.150547523379302],[120.44526361048376,23.15]],[[120.4482412472678,23.15881153730268],[120.44680104551378,23.157156621209662],[120.44623006703138,23.155577721490054]]]}},{"type":"Feature","properties":{"NAME":"老人北溪","FROM":""},"geometry":{"type":"MultiLineString","coordinates":[[[120.72830414068342,23.196237942288676],[120.73030160497393,23.195509860446084]],[[120.72810831510465,23.196244381486668],[120.72830414068342,23.196237942288676]],[[120.72810831510465,23.196244381486668],[120.72973439836541,23.1938337490459]],[[120.71016931325728,23.196606982016128],[120.71548578878662,23.192573328653097],[120.71754050355001,23.188942045455843],[120.7191411942359,23.187217817994483]],[[120.72830414068342,23.196237942288676],[120.73042159744061,23.197061058248945]],[[120.69106303121372,23.20836249232334],[120.69256719235544,23.209227893110675],[120.6936115152608,23.208460029023325],[120.6956830108128,23.20805991596678],[120.69679414368288,23.20603683549448],[120.69880457645674,23.205803989659273],[120.70173665112073,23.203462072023758],[120.70306682914568,23.199921422269547],[120.7045502644358,23.198470299167848],[120.70491740192229,23.19745506276809],[120.70666126437901,23.197695343487513],[120.71016931325728,23.196606982016128]],[[120.71016931325728,23.196606982016128],[120.71017901938153,23.197909867035452],[120.7119729647683,23.1977010629553],[120.71222145096894,23.198417379006465],[120.71364708939986,23.199043281139005],[120.715600731026,23.19871048966677],[120.71784977963998,23.19914124606323],[120.71858749353177,23.197715727811513],[120.71955115995425,23.197119145993145],[120.7228216844413,23.197901446106698]],[[120.7228216844413,23.197901446106698],[120.72460284481807,23.201765050690568],[120.72657323619734,23.202786617545158]],[[120.68593560516518,23.2090815612782],[120.68669821566944,23.20914862131474],[120.68725276718638,23.21006185046028],[120.69106303121372,23.20836249232334]],[[120.7228216844413,23.197901446106698],[120.72434778393789,23.196836220302924],[120.72810831510465,23.196244381486668]]]}},{"type":"Feature","properties":{"NAME":"老人南溪","FROM":""},"geometry":{"type":"MultiLineString","coordinates":[[[120.69436232653825,23.180455563053066],[120.6949657307555,23.1794498398171],[120.69499519780544,23.177481286657912],[120.69474226200111,23.176218817098423],[120.69374546418786,23.1748984803237]],[[120.69436232653825,23.180455563053066],[120.69263788392166,23.177799588600934],[120.69152236126475,23.177510715559375]],[[120.69183668221115,23.196194872297998],[120.69087384636279,23.192804347438823],[120.69198735613716,23.19070020203354],[120.69165561333409,23.19004034343701],[120.69200308223714,23.187322894682197],[120.69270513826834,23.185468580546818],[120.69243639499112,23.183793006005967],[120.69436232653825,23.180455563053066]],[[120.69106303121372,23.20836249232334],[120.69172306552649,23.207779006404838],[120.69247293299394,23.20547977648271],[120.69188646290281,23.204365582759962],[120.69529362262303,23.20104902711895],[120.69551300673483,23.20015768780696],[120.69486097591542,23.198869542451085],[120.69286837408042,23.19958134817546],[120.69166935966659,23.199280931556714],[120.69183668221115,23.196194872297998]],[[120.69183668221115,23.196194872297998],[120.69279890715694,23.195027320874214],[120.69249141754703,23.194548094882503],[120.69408491096948,23.192959635990942],[120.69608907029658,23.19363862164694],[120.69674555553695,23.192761632671065],[120.69788163465411,23.19284061758352],[120.70004964376955,23.19139768263153],[120.70154277526605,23.18851295153206]]]}},{"type":"Feature","properties":{"NAME":"老藤湖坑","FROM":""},"geometry":{"type":"MultiLineString","coordinates":[[[120.59438653941899,23.212261071614492],[120.59349479758102,23.21469231437821],[120.59208352435871,23.216381735507735]],[[120.60011624144094,23.206028576301698],[120.59892493643115,23.2073464152881],[120.59917004646778,23.208719811223364]],[[120.58916467955434,23.219947798457838],[120.5895896340706,23.21758528260798]],[[120.5885098976662,23.22044952519203],[120.5895896340706,23.21758528260798]],[[120.58714472744398,23.22309629121694],[120.58666900155757,23.219029277892403],[120.58716641803689,23.215059607436768]],[[120.58604271499799,23.216864734814386],[120.58666423849037,23.215196008526217],[120.58716641803689,23.215059607436768]],[[120.5858561095837,23.21733759036238],[120.5860069383494,23.2169493116461]],[[120.58567795832442,23.21956849318936],[120.58583681354536,23.21744383154216]],[[120.5895896340706,23.21758528260798],[120.59232177604974,23.212476944867557]],[[120.5929910795305,23.212320662487468],[120.59246255816953,23.213116176673594]],[[120.59232177604974,23.212476944867557],[120.5929910795305,23.212320662487468]],[[120.60011624144094,23.206028576301698],[120.59906974154111,23.20522891119749],[120.59859500154946,23.20579669070206]],[[120.59859500154946,23.20579669070206],[120.59818853777466,23.206181755509743]],[[120.59758431212309,23.209460848085055],[120.59859500154946,23.20579669070206]],[[120.60071471543738,23.20608201463888],[120.60011624144094,23.206028576301698]],[[120.59606925756454,23.214087177455163],[120.59568825592883,23.2122711704364]],[[120.59818853777466,23.206181755509743],[120.59713329752073,23.206926431150023],[120.59640681014763,23.208218339487505]],[[120.59917004646778,23.208719811223364],[120.60140941223773,23.206332126433516]],[[120.59640681014763,23.208218339487505],[120.59703473407617,23.20805736880474],[120.59696956581692,23.208872290792556],[120.59758431212309,23.209460848085055]],[[120.59640681014763,23.208218339487505],[120.59633156729824,23.21051870715887]],[[120.59917004646778,23.208719811223364],[120.59826086170605,23.210029201295207]],[[120.59758431212309,23.209460848085055],[120.59725815669985,23.211523403308455]],[[120.59047874913013,23.209697761425314],[120.59266968473648,23.210753136091988],[120.59396969516081,23.2120229530005]],[[120.59633156729824,23.21051870715887],[120.59560332726683,23.210966102332094],[120.59573239966397,23.211573706386528]],[[120.59633156729824,23.21051870715887],[120.59707314813755,23.213202535585506]],[[120.58716641803689,23.215059607436768],[120.58902973190767,23.21089718941673],[120.59140886691515,23.212422643263174],[120.59232177604974,23.212476944867557]],[[120.59573239966397,23.211573706386528],[120.59508872571497,23.212016799281425]],[[120.59568825592883,23.2122711704364],[120.59573239966397,23.211573706386528]],[[120.59396969516081,23.2120229530005],[120.59325443065133,23.21172311040728],[120.5929910795305,23.212320662487468]],[[120.59508872571497,23.212016799281425],[120.59438653941899,23.212261071614492]],[[120.59508872571497,23.212016799281425],[120.59477274928932,23.212806128126434]],[[120.59396969516081,23.2120229530005],[120.59336822958576,23.21274153663147]],[[120.59438653941899,23.212261071614492],[120.59396969516081,23.2120229530005]]]}},{"type":"Feature","properties":{"NAME":"西港坑","FROM":""},"geometry":{"type":"MultiLineString","coordinates":[[[120.42306512153749,23.224465086148008],[120.4236892708472,23.22499329870639]],[[120.4226927241776,23.22295829947401],[120.42302864746297,23.224376242035703]],[[120.42342693989704,23.22393844939535],[120.42412922989294,23.224681133412776]],[[120.42340264350713,23.222629044174322],[120.42387775558198,23.22337786053561],[120.4233927548622,23.223884016900474]],[[120.42340264350713,23.222629044174322],[120.4226927241776,23.22295829947401]],[[120.42552957004989,23.222212310116475],[120.42340264350713,23.222629044174322]],[[120.4226927241776,23.22295829947401],[120.42225877824164,23.223085399354993],[120.42228946302473,23.22073357560752]]]}},{"type":"Feature","properties":{"NAME":"坑口溪","FROM":""},"geometry":{"type":"MultiLineString","coordinates":[[[120.56409166253165,23.54808821604394],[120.56373091663599,23.547911058770765]],[[120.56409166253165,23.54808821604394],[120.5648325570934,23.547844533925225]],[[120.56409166253165,23.54808821604394],[120.56462479643929,23.548301688498093]],[[120.56368098477755,23.54790391979804],[120.5621477385304,23.548554055883365]],[[120.58060841771872,23.55148043600202],[120.5830482350452,23.550176078834923]],[[120.55941528129127,23.548417474880072],[120.55780879115244,23.549399654337126],[120.55790213598836,23.549867869524114],[120.5591967408748,23.550000056566407]],[[120.58041566244346,23.551513126101064],[120.5805356728808,23.551492773104645]],[[120.56951797599339,23.55168014469778],[120.57120251114975,23.550895419296676]],[[120.57120251114975,23.550895419296676],[120.57749108446407,23.550989811881085],[120.57876879100753,23.551913552188687],[120.58036816796526,23.551521180831624]]]}},{"type":"Feature","properties":{"NAME":"坑內溪","FROM":""},"geometry":{"type":"MultiLineString","coordinates":[[[120.48055342000572,23.335084421510885],[120.48017625465424,23.33331335862807],[120.48092070589504,23.333570931503644],[120.48161350209055,23.332993090002837],[120.48149771615351,23.33252767920214]],[[120.45288408781376,23.332265255165254],[120.45262825123476,23.33263908328012],[120.45405125687004,23.33448157821648]],[[120.47396809213882,23.32823145082921],[120.47260580604829,23.328908593361735],[120.47278648405461,23.329525470734463],[120.47213429523077,23.32999280725927],[120.46899408947381,23.330332062568083],[120.46963486937945,23.331196562864143],[120.46891823676424,23.332022592299484]],[[120.46891823676424,23.332022592299484],[120.47006165111296,23.332532131402818],[120.47076859956127,23.33358647375666],[120.47145848685895,23.333396930827504],[120.47104623365803,23.331941773247124],[120.47208998678778,23.33130194576389],[120.47318314117061,23.330946707890856],[120.47400002768401,23.331534124926772],[120.47582698075551,23.330440909700005],[120.47900872154584,23.3310069022804],[120.48147038777967,23.32958845237606]],[[120.4545804675915,23.33142467471086],[120.45459397737797,23.33209742233499],[120.45534889800818,23.33170953147249],[120.45635085221363,23.33256405964943],[120.45686764523337,23.332337863340392],[120.45694702874682,23.33293634704422],[120.45796335754112,23.333427467936524],[120.4600005773633,23.33175049331596],[120.46119984906709,23.331790741441885],[120.4641770969212,23.335983926041354]],[[120.46667994618045,23.33198562074715],[120.46891823676424,23.332022592299484]],[[120.45405125687004,23.33448157821648],[120.4557939248241,23.335099418736508]],[[120.45619385121024,23.33836049097076],[120.45639124858573,23.33920318707061]],[[120.4534336010101,23.336046043218147],[120.45361403342946,23.335545533907233]],[[120.45476039064872,23.33665792597643],[120.45361403342946,23.335545533907233]],[[120.45653634862012,23.336307455958213],[120.45476039064872,23.33665792597643]],[[120.47632519062091,23.336419352566327],[120.47733162460355,23.337261052160542],[120.47867994587908,23.33759741789845],[120.4789132879615,23.336492070957974],[120.47974703252609,23.33654904067539],[120.47961850154798,23.335643390054503],[120.48055342000572,23.335084421510885]],[[120.45361403342946,23.335545533907233],[120.45405125687004,23.33448157821648]],[[120.45639124858573,23.33920318707061],[120.45586765322365,23.34027814029844]],[[120.45639124858573,23.33920318707061],[120.45759655205246,23.340083249800866]],[[120.4534336010101,23.336046043218147],[120.45301152489118,23.336705979970944],[120.45335851969165,23.337975851659028],[120.45426457534847,23.339694643796776],[120.45492196208824,23.3400174939413]],[[120.45619385121024,23.33836049097076],[120.45731721868452,23.337824885953438]],[[120.45476039064872,23.33665792597643],[120.45378866835591,23.337322714564213],[120.45421236542138,23.338197809153442],[120.45619385121024,23.33836049097076]],[[120.47597404169488,23.336306128482615],[120.47626722920437,23.33639794598686]],[[120.46891823676424,23.332022592299484],[120.46818944678203,23.33277955016765]]]}},{"type":"Feature","properties":{"NAME":"坑仔背坑","FROM":""},"geometry":{"type":"MultiLineString","coordinates":[[[120.46487546958409,23.419298177699865],[120.46630883457237,23.419140299047523],[120.4672936436891,23.419762686298785]],[[120.44598775275674,23.41758593337663],[120.44666419282386,23.416890882953396],[120.44750576068603,23.417273429932397],[120.44906276715078,23.416237043705443]],[[120.46144133538981,23.41692716065425],[120.46190377074655,23.417930099210665],[120.463013709611,23.4185637758418],[120.46434966141315,23.418466568248864],[120.46487546958409,23.419298177699865]],[[120.4556390209655,23.413330819775695],[120.45619424897352,23.412880731392896],[120.45782051828338,23.412786218507932],[120.45879765202854,23.413702803000426],[120.45947355810607,23.413593979883583],[120.4613563449645,23.41608198691922],[120.46143975837994,23.416886077739132]],[[120.46735011420142,23.419772841300496],[120.47014719850898,23.420066563643786]],[[120.46487546958409,23.419298177699865],[120.46512739708818,23.42082366114405]],[[120.45341042459785,23.414478641744008],[120.4539360147977,23.41371364439712],[120.45532774654754,23.413449191778085]],[[120.44909943468798,23.416209065138105],[120.4505675106713,23.41519306341171],[120.45236390806197,23.41516923319375],[120.4534028629781,23.415700935950394],[120.45340493610598,23.41450651117267]]]}},{"type":"Feature","properties":{"NAME":"坑埤圳","FROM":""},"geometry":{"type":"MultiLineString","coordinates":[[[120.49233739109481,23.581056269547148],[120.49294629609656,23.581867127486497]],[[120.4891265473379,23.58468988983962],[120.49039966395324,23.583766031733095],[120.48970452231556,23.58265156074403],[120.48973167341914,23.581178494444035]],[[120.49301549946364,23.58189575704687],[120.49631727334608,23.582081499761014],[120.49736504075977,23.58114366956559],[120.49879270387613,23.581528864665103]],[[120.49302450936831,23.581011133794405],[120.49382846990963,23.580369338895647]],[[120.49295261032512,23.581036488565445],[120.49298255846749,23.581025927535865]],[[120.49011055911822,23.580153557279083],[120.49065156972057,23.580310222315724]],[[120.49188380720686,23.57666202145146],[120.49214518401355,23.576956168490486],[120.4908876464624,23.580069329783807]],[[120.49188380720686,23.57666202145146],[120.48908780820759,23.57484989452258],[120.48802792746791,23.576625413303322]],[[120.49299242109053,23.581886209486456],[120.49301549946364,23.58189575704687]],[[120.48962031656461,23.58061722517939],[120.49011055911822,23.580153557279083]],[[120.49011055911822,23.580153557279083],[120.48932727201955,23.57929759225094],[120.48573103130524,23.578476249545677]],[[120.49528515908715,23.580924875317134],[120.50023018948485,23.579325746733392],[120.50067204898777,23.57984145283651]],[[120.49301549946364,23.58189575704687],[120.4952109120894,23.5809941535096]]]}},{"type":"Feature","properties":{"NAME":"旱知溪","FROM":""},"geometry":{"type":"MultiLineString","coordinates":[[[120.44227177091594,23.61652025737871],[120.44220224376032,23.61466335425614],[120.44260754696474,23.61464075554176]],[[120.45285955686762,23.617366149500086],[120.45457660274447,23.617052940462717],[120.45549037111012,23.61867537334257]],[[120.4480275157374,23.61245879270611],[120.44753189728046,23.614432347292425]],[[120.4457192237704,23.61212452228965],[120.44608035294776,23.612039967473347]],[[120.44126180777678,23.613884079848813],[120.4454990673699,23.61222633028324]],[[120.44804136086418,23.612465497305895],[120.4480275157374,23.61245879270611]],[[120.44971593157962,23.614461301465834],[120.44970574915489,23.613459478252484],[120.44807084716706,23.61247977624683]],[[120.45271344068692,23.61737025822028],[120.45280859319433,23.617367582590873]],[[120.4462527445021,23.612036507043157],[120.4480275157374,23.61245879270611]]]}},{"type":"Feature","properties":{"NAME":"旱溪","FROM":"烏溪"},"geometry":{"type":"MultiLineString","coordinates":[[[120.54505872981767,23.588036422937105],[120.54501572716687,23.588892274070854],[120.54585114558704,23.588978300962268]],[[120.54783769938744,23.588467693162347],[120.54853995529325,23.58857711632256],[120.54947439591238,23.587941161912727]],[[120.5458899248605,23.588970178641645],[120.5476564057425,23.588437181445084]],[[120.54059023048534,23.586121994059063],[120.54162373566331,23.586745406047463]],[[120.54219983360336,23.58715337961342],[120.54162373566331,23.586745406047463]],[[120.54262588776187,23.58815576562064],[120.54218637726234,23.587186321139733]]]}},{"type":"Feature","properties":{"NAME":"芋真崙坑","FROM":""},"geometry":{"type":"MultiLineString","coordinates":[[[120.66508949332207,23.662168391187215],[120.66513773521018,23.662112169222297]],[[120.66298411312074,23.657380197909642],[120.66419751977297,23.656041837029708],[120.66401540603668,23.655100038027843],[120.66751193221565,23.654269998329212],[120.66977329810955,23.651800514200794],[120.6721814461001,23.65102677996675]],[[120.66455193598969,23.661007252064106],[120.66488431669099,23.660698644814715]],[[120.66492756276675,23.660664278683093],[120.66579979078114,23.659862808463632]],[[120.66454179556409,23.666737744818167],[120.66701214145992,23.665974129459364]],[[120.66709315994913,23.665976174772425],[120.66934658143576,23.666638579096617],[120.67012083763005,23.666136793965755]],[[120.66619733342355,23.664898024710123],[120.6655898701928,23.66453440376133]],[[120.66427577383716,23.661204979542806],[120.66451132907835,23.66104511508231]],[[120.66315922392664,23.661882695554223],[120.6642151473338,23.661242864880023]],[[120.66236733395498,23.662318388536427],[120.66405303978866,23.66299027867405]],[[120.66411082660315,23.662943679365558],[120.66504234581832,23.66220884138357]],[[120.66714947671471,23.66495288927158],[120.66645786781513,23.664638964261226]],[[120.66707828441041,23.665348515703652],[120.66619733342355,23.664898024710123]],[[120.66836429044415,23.665157778673567],[120.6679210602072,23.66522907183222]],[[120.6679210602072,23.66522907183222],[120.6671543135332,23.665350494193568]],[[120.6679210602072,23.66522907183222],[120.66719941245196,23.665011005604438]]]}},{"type":"Feature","properties":{"NAME":"角坑","FROM":""},"geometry":{"type":"MultiLineString","coordinates":[[[120.64492181647257,23.31002674929701],[120.64394563129726,23.309328438720364]],[[120.64326661882065,23.31209559300513],[120.64116626590047,23.312760597355965],[120.63991364576391,23.31259541309332]],[[120.64897668789754,23.321911054925664],[120.64848184598964,23.324779281154456],[120.64927239573942,23.326148077271792],[120.64846982873735,23.327498508841334],[120.64753533404532,23.327948147735363],[120.64985850860278,23.330222071674875],[120.65003602158333,23.331471293476373],[120.65201180976224,23.333950581400778]],[[120.64886598520118,23.314336254051558],[120.64941842245071,23.31370845203249],[120.6508853642768,23.313689796632797],[120.65396761725619,23.315522996869817],[120.65457964952493,23.316409735084367]],[[120.64835122007801,23.314120286948004],[120.64612548653729,23.316076601441704]],[[120.64704669055351,23.309666941067174],[120.64637885528572,23.310291954644374],[120.64492181647257,23.31002674929701]],[[120.64269756471107,23.31544383929373],[120.64323505255014,23.31679849269892]],[[120.64269756471107,23.31544383929373],[120.64082335580919,23.31604239566196]],[[120.64492181647257,23.31002674929701],[120.64420463281574,23.310363098473786],[120.64440012291358,23.31102759895059],[120.64326661882065,23.31209559300513]],[[120.64326661882065,23.31209559300513],[120.64351341595184,23.314517403598963],[120.64269756471107,23.31544383929373]]]}},{"type":"Feature","properties":{"NAME":"角埔溪","FROM":""},"geometry":{"type":"MultiLineString","coordinates":[[[120.64748351855451,23.1568864862142],[120.64955862895846,23.15705362497426]],[[120.63917156185613,23.157186115879252],[120.64015824312152,23.15784530420967],[120.64046459314477,23.158676776694136]],[[120.640359683138,23.15942604468611],[120.64072077997254,23.159718086831678],[120.64214698319954,23.159354543448483]],[[120.642185964731,23.15934643047092],[120.64302140478684,23.158567417536158],[120.64436636503561,23.15855463477214],[120.64572147180895,23.157618524658393]],[[120.67136364757734,23.15744115181796],[120.67427060178223,23.159302846695223],[120.6755859288956,23.161253811699417]],[[120.63894999362998,23.157418139061736],[120.64011300895041,23.159082337829005]],[[120.64975937268322,23.159216801873498],[120.65077802582188,23.15867723533054]],[[120.64572147180895,23.157618524658393],[120.64785848137828,23.159156155503922],[120.64975937268322,23.159216801873498]],[[120.64975937268322,23.159216801873498],[120.65168082726773,23.1602008101139]],[[120.64444477049048,23.151265183910365],[120.64484654523218,23.150959057021858],[120.6445089476531,23.15]],[[120.65245405212436,23.15],[120.65538390295127,23.152223932800936],[120.65641476220821,23.155571853654827],[120.6578866111652,23.15585045340944],[120.658049277052,23.157345305838923],[120.66097355551261,23.157645058573106],[120.66364242084008,23.157124725382033],[120.66731340043016,23.157148274346714],[120.66949104624933,23.157789450542197],[120.67136364757734,23.15744115181796]],[[120.64468460321405,23.151319902385506],[120.64592228868118,23.151846420567036],[120.64718599279888,23.15161670795169],[120.64766663003677,23.152348186804986]],[[120.6477139794222,23.152368206827408],[120.64928586247765,23.15320390203361]],[[120.67136364757734,23.15744115181796],[120.67367541297043,23.15505515174628],[120.67394873168553,23.15423621801549]],[[120.64748351855451,23.1568864862142],[120.64801136545836,23.156115575413402]],[[120.64572147180895,23.157618524658393],[120.64748351855451,23.1568864862142]]]}},{"type":"Feature","properties":{"NAME":"赤蘭坑","FROM":""},"geometry":{"type":"MultiLineString","coordinates":[[[120.65792627187899,23.67070217989996],[120.6566916040801,23.669663255045137]],[[120.65031196128999,23.669523057233974],[120.65085344164807,23.669685854133665]],[[120.64795626243519,23.670425510052212],[120.65012926832593,23.670330583989315],[120.65092766221686,23.66979162174513]]]}},{"type":"Feature","properties":{"NAME":"赤蘭溪","FROM":"八掌溪"},"geometry":{"type":"MultiLineString","coordinates":[[[120.59049443172472,23.428543241525144],[120.59293681990683,23.428227267213984],[120.59369040437917,23.42762119999733]],[[120.524569579246,23.428227192880474],[120.52498223159655,23.42865151865111],[120.52580807442322,23.428517793184543],[120.52666742991546,23.42935309265625]],[[120.52672191758246,23.429358688740294],[120.52836136539514,23.42925806457808],[120.5294262340589,23.429802326316683]],[[120.52944915081503,23.4298520225315],[120.53051825276555,23.42993972595844]],[[120.50748739366956,23.43158167196866],[120.50752156413657,23.431624500412376]],[[120.44066629224508,23.427982514839798],[120.44092715762045,23.428069999672967]],[[120.4398335883878,23.430264319530373],[120.44053071757244,23.428152854409777]],[[120.45606156850485,23.43210595000164],[120.45626507654084,23.432838985063402]],[[120.43310448698905,23.426408476370792],[120.43291992249969,23.42705421778522],[120.43401112383904,23.429961457517717],[120.43361170493691,23.430751732272203],[120.43174285459668,23.431651877729525]],[[120.43658617762395,23.42486617154319],[120.43603134033087,23.42607100897852],[120.43438533941801,23.425586534396537],[120.43324693124961,23.42622918233736]],[[120.4533176609272,23.42955542810697],[120.45450145916755,23.42981381119468],[120.45601788962806,23.432065225055055]],[[120.44032243093586,23.425307132447678],[120.43975096178067,23.423747770010383],[120.43772604641107,23.423650766662295]],[[120.43769028840988,23.423661622566108],[120.43690532355906,23.423910067023126],[120.43658795515452,23.424830083272102]],[[120.44126247187403,23.428182451177886],[120.44309986405747,23.42761819136542],[120.44440283906714,23.426330797561498]],[[120.4566397843927,23.427000184063644],[120.45808011727,23.42764948612402]],[[120.4533176609272,23.42955542810697],[120.45223239927287,23.42938641142006],[120.45246051089939,23.429082648026117],[120.4520701499867,23.428804972517216]],[[120.45441971889733,23.43342461280077],[120.45299277867562,23.434023780371056]],[[120.57896454643935,23.43450364620368],[120.5792127048638,23.435257067502082],[120.57999819757134,23.435315923301868]],[[120.45031707498089,23.429372461117786],[120.45034970231819,23.430524458921745]],[[120.47221873074344,23.44174610010009],[120.4692124748133,23.439268759082555],[120.46901316106828,23.43802919064385],[120.4677720988386,23.436934739105087]],[[120.480111321729,23.440813960091127],[120.47744755272717,23.441810397033574],[120.4733658852098,23.442163927005993],[120.47226475117779,23.44177781005018]],[[120.4807271627309,23.440598519286713],[120.48032645007991,23.440749386833094]],[[120.45650124976775,23.433406452222332],[120.45420475374087,23.43452757683231],[120.45299277867562,23.434023780371056]],[[120.45761279476997,23.433819113338746],[120.45734644868796,23.433521874780435]],[[120.45900620179732,23.436754059533726],[120.4576522872152,23.433870247307013]],[[120.4673035510567,23.437714852642717],[120.46385194519632,23.43677182392515],[120.46268688888793,23.43798341970904],[120.46148541485309,23.43830090286313],[120.46038097828436,23.43756427605422],[120.45995612165957,23.438020873109245],[120.45972827060743,23.436870034914975],[120.45904562876576,23.43678544807605]],[[120.4616700847326,23.429110838424574],[120.46054075573227,23.429406700675475]],[[120.46405054207428,23.427064526710613],[120.46373844171532,23.425978591428745]],[[120.46407479966115,23.42719567891351],[120.464059851299,23.427114858427988]],[[120.46640112912172,23.423528772691267],[120.46707744022338,23.422557480046468]],[[120.46561883651607,23.42514576462226],[120.46637757052277,23.423562534820473]],[[120.46615651470785,23.425920198914433],[120.46576748106088,23.425423545009505]],[[120.46636497024112,23.42637730316702],[120.46620347909084,23.426009486774696]],[[120.46639692072041,23.426781971533778],[120.4664035993543,23.426731110110868]],[[120.46585109643247,23.427569559453644],[120.46637373776335,23.426858839420575]],[[120.4695842278843,23.42453699277929],[120.47015457245001,23.424220049903937]],[[120.4693257724895,23.425006949218623],[120.46956485792658,23.424570843302593]],[[120.4678515075205,23.427161105224634],[120.46932742467573,23.425044589732902]],[[120.46722567765184,23.427312304117926],[120.46777567875235,23.42716512546874]],[[120.46474753153664,23.4307165315108],[120.46263075094393,23.428796950848373]],[[120.4649236623517,23.430820009007107],[120.46490180833018,23.430810965929684]],[[120.46584834937369,23.43046284450553],[120.46501516422394,23.430824256759312]],[[120.46654518950004,23.43012692875025],[120.46588402080161,23.430412096708313]],[[120.4661492132535,23.42963574269279],[120.46372079023361,23.427819083176356]],[[120.46630372859327,23.429771114223502],[120.46619006240158,23.429668409026334]],[[120.4664589244343,23.429980837291613],[120.46640646864873,23.4298920015808]],[[120.46654518950004,23.43012692875025],[120.46649893976624,23.43004860407395]],[[120.47160067544183,23.42977022947385],[120.47157395990031,23.42979125820157]],[[120.47215065299461,23.429612485192592],[120.47164937534507,23.429731896065476]],[[120.50397838269265,23.439576230519574],[120.50432896691224,23.44095602485702],[120.50537608488413,23.4414445595103]],[[120.49957463402926,23.43912900664865],[120.49856831394321,23.439100597386023]],[[120.4983583814308,23.442236033932364],[120.49973335302907,23.443010563392082]],[[120.4923752371853,23.44000231600611],[120.49424131655734,23.4406487792896],[120.49495929599605,23.44198493118327],[120.49752839603346,23.441799129209052],[120.49831414854296,23.4422134360943]],[[120.48915037366491,23.437451824306258],[120.49233779466344,23.439970718826178]],[[120.4890794506404,23.437379086697213],[120.48912907953944,23.437427719568646]],[[120.4878895547706,23.437831726169097],[120.4890794506404,23.437379086697213]],[[120.48997479252542,23.44205369183528],[120.4908876859508,23.444527741369615]],[[120.48769217267422,23.439492681929398],[120.48920162042717,23.440458851428424],[120.48995148064219,23.44201124350421]],[[120.48682125530183,23.438567550809765],[120.48766099552059,23.43946374355759]],[[120.4842196008784,23.439302306026807],[120.48519933900472,23.44037935833881]],[[120.50699969244334,23.437398618422694],[120.50799318548502,23.43810590160969],[120.51161298414927,23.437463190110467]],[[120.5045616747472,23.436612100801913],[120.50695220929619,23.437360608008465]],[[120.5045616747472,23.436612100801913],[120.50407370111279,23.43570350826423],[120.50322803192729,23.43586692024155],[120.50232815913593,23.435139143889366],[120.50148148794047,23.435162948520354]],[[120.50195896598817,23.434248949061793],[120.50003388720462,23.434602948460313]],[[120.51099529439122,23.437373325174182],[120.51163551591931,23.436797972469737]],[[120.44979544379001,23.43746769978692],[120.45121903774132,23.439406347663514]],[[120.44693889760056,23.433611817015464],[120.44748855066733,23.433915748768808],[120.44724940832579,23.434284080967597],[120.44800253127418,23.436405886626133],[120.4497749744337,23.437429736948655]],[[120.45121903774132,23.439406347663514],[120.45182723211992,23.44120865172958]],[[120.45366711551671,23.431405903700643],[120.4533176609272,23.42955542810697]],[[120.45408190663757,23.43254341547415],[120.4536761553952,23.431458563346887]],[[120.45441971889733,23.43342461280077],[120.45415900782889,23.432744538145535]],[[120.4578287321045,23.433133160873652],[120.45626507654084,23.432838985063402]],[[120.45537934380472,23.433123629020976],[120.45441971889733,23.43342461280077]],[[120.45626507654084,23.432838985063402],[120.45564981901389,23.43303729288803]],[[120.45294347126989,23.43401311833133],[120.45299277867562,23.434023780371056]],[[120.4517866463171,23.431914173118177],[120.45293859701846,23.43401114456917]],[[120.45156967509277,23.431139310594247],[120.4518213774354,23.43173504345695]],[[120.45037286550387,23.430584204000986],[120.45078630934387,23.430775969924557]],[[120.50754745825206,23.431656955452485],[120.50977851244804,23.433629882829525],[120.5120513218012,23.43337052453255],[120.51287587912066,23.432786252278728]],[[120.47365885694487,23.438336893018416],[120.47627102705154,23.439306919754383],[120.4779966054668,23.43901598965247]],[[120.46884632611416,23.429181265341146],[120.47157395990031,23.42979125820157]],[[120.46871072364438,23.429149307940065],[120.46880646948753,23.42917187235339]],[[120.46667328950593,23.42922684726422],[120.46697385939117,23.429506374841687],[120.46836662018849,23.42906821256705]],[[120.4660497696716,23.428475961261352],[120.46664285485632,23.429187151693547]],[[120.46506888148826,23.42774588214887],[120.4660574810594,23.428429755959254]],[[120.57301791360304,23.43481304996681],[120.57407622614812,23.43446894819765],[120.57480262503844,23.435970845003684],[120.57586752692636,23.43592470578978],[120.57554239582875,23.436576713845653]],[[120.57558200892908,23.43659522891258],[120.57671091268658,23.436878817227452],[120.57695712469979,23.43640822110468]],[[120.57700490805357,23.436416260008173],[120.57790414937642,23.435777974858393],[120.5782844236167,23.434044543233746],[120.57896454643935,23.43450364620368]],[[120.57449967718699,23.437803030869407],[120.57472447007731,23.438680045740714],[120.57578744749989,23.439213958753776]],[[120.57449967718699,23.437803030869407],[120.57629067244162,23.438540055516338]],[[120.57301791360304,23.43481304996681],[120.57208897065168,23.435513466925382],[120.57301724848519,23.43673018863652]],[[120.57300953186899,23.43677151339215],[120.57449967718699,23.437803030869407]],[[120.46786518206243,23.430180919410542],[120.46654518950004,23.43012692875025]],[[120.46942984374766,23.43042666065092],[120.46794460574223,23.430192879571656]],[[120.46968341593018,23.430338378726585],[120.4695198213552,23.430397560014697]],[[120.4708433715672,23.43023305451287],[120.46996067368393,23.43031829527076]],[[120.47157395990031,23.42979125820157],[120.47090462178669,23.430206022509143]],[[120.49644660881158,23.436977657034298],[120.49707244731887,23.43721735822905],[120.50001272149532,23.43644000181033],[120.50046954843036,23.437118006546477],[120.5024990552135,23.436977940925097],[120.50287546252535,23.437363388195067],[120.5045616747472,23.436612100801913]],[[120.5055552492779,23.43948861301062],[120.50397838269265,23.439576230519574]],[[120.50779166693863,23.43966753176828],[120.50676267412985,23.439239918876687],[120.50558797833516,23.43948724607781]],[[120.49683774279748,23.436087531185642],[120.50003388720462,23.434602948460313]],[[120.52807423430312,23.433433526264015],[120.52899383490136,23.43295467760177],[120.53046939043368,23.433008650964876]],[[120.52696811691465,23.43265727432433],[120.52760843626217,23.43350901527861],[120.52807423430312,23.433433526264015]],[[120.52807423430312,23.433433526264015],[120.52813679177798,23.433537468136368]],[[120.52816162962198,23.4335856098944],[120.52932679058218,23.43413229527535],[120.52934731252957,23.43510039441552]],[[120.50003388720462,23.434602948460313],[120.50007396148985,23.434479709460565]],[[120.55926200741796,23.437865566539013],[120.55916333168636,23.43683530032344],[120.56298090837637,23.436415496583177],[120.5628791861717,23.435580622381487],[120.5644400862433,23.43576015329849],[120.56454358465649,23.43476780508897],[120.56369291312707,23.433930603091525],[120.56460656489303,23.43336989508358],[120.56583633907981,23.4349323527138],[120.56689361119038,23.434875271094054],[120.56769449541203,23.434090117496908],[120.56839081887833,23.43458008337172]],[[120.5684277148521,23.434598524155472],[120.56891015753853,23.434615188416895],[120.56933246385002,23.433784175490725],[120.57055193666048,23.434156112983707]],[[120.57059352362025,23.43415282208549],[120.57172201459863,23.433818475425998],[120.57205176617259,23.434584167257082],[120.57256351719049,23.434354731457343],[120.57301791360304,23.43481304996681]],[[120.50009100777146,23.43442846516442],[120.50156724215944,23.433287084845574]],[[120.50007396148985,23.434479709460565],[120.50007762837167,23.434466388761543]],[[120.49032219249803,23.436677594590112],[120.4890794506404,23.437379086697213]],[[120.49088815089868,23.43734144357317],[120.49036086699473,23.436695176291476]],[[120.49369176175524,23.43722924604188],[120.49092065826018,23.437336226423078]],[[120.49481460030294,23.437396632223],[120.49373662722391,23.437203031436365]],[[120.49686415153657,23.43732721914913],[120.4948642056748,23.437395227454743]],[[120.49957463402926,23.43912900664865],[120.49901250435694,23.438594027373355],[120.49798463048586,23.43865792158505],[120.49685662241617,23.43736128790816]],[[120.50238163144098,23.439565496501423],[120.49957463402926,23.43912900664865]],[[120.50397838269265,23.439576230519574],[120.50245874641237,23.439584536848525]],[[120.548161548351,23.434022033321902],[120.54883803741227,23.43383229800463],[120.55069982862345,23.435069532676184],[120.5526718867502,23.43485954182147],[120.55287741897573,23.43530224946086],[120.55798105972002,23.43307423127439]],[[120.54361901262257,23.435568445694233],[120.54482797345317,23.435028405065903],[120.546967155376,23.435248656880326],[120.54659070582191,23.43458671554431],[120.54812828344298,23.434037155489182]],[[120.5402910708278,23.434817610207528],[120.54162553630098,23.434853523780486],[120.54254661968619,23.435946723106106],[120.54355602626796,23.435546952475796]],[[120.53093955669804,23.435445511704547],[120.52934731252957,23.43510039441552]],[[120.53046939043368,23.433008650964876],[120.53310932879606,23.433734527249246],[120.53498440644671,23.433087272337612]],[[120.52629252097667,23.434765850989],[120.52533404212296,23.433132683386635]],[[120.52787678281639,23.435686576482997],[120.52629665112697,23.434799163124868]],[[120.52934731252957,23.43510039441552],[120.52925745155034,23.43571283826038],[120.5279671618721,23.435706463392435]],[[120.5234956525348,23.431880099591215],[120.5230239372137,23.431804899927403],[120.52294695628511,23.43231100311759],[120.5216238797419,23.433048822791218],[120.51887869649336,23.433118819100617],[120.51883927011,23.43266333479237]],[[120.57896454643935,23.43450364620368],[120.5798232645885,23.433954552656754],[120.58140082991505,23.434107668693233],[120.58137976729647,23.433221730253415]],[[120.51294001869977,23.432792365505094],[120.51677833964415,23.432600175913837],[120.5174090578167,23.431988888787107],[120.52073956228408,23.43155580574702]],[[120.58002617658092,23.435335680829734],[120.58071910466086,23.435324939628636],[120.58140513791584,23.435992497358743],[120.58181735923955,23.435277305480994],[120.58409890762589,23.435440961347382],[120.58626005113899,23.433241821372796],[120.58761934865821,23.432652360116023],[120.58889441642614,23.430904843733774]],[[120.58891490682707,23.43088606876016],[120.58920029850475,23.42986476794283]],[[120.58917000046159,23.429857303923296],[120.59045886390767,23.428537073631727]]]}},{"type":"Feature","properties":{"NAME":"那多繳薩溪","FROM":""},"geometry":{"type":"MultiLineString","coordinates":[[[120.69660855863148,23.228149764054006],[120.70124376004459,23.22790346411234],[120.70361341137145,23.226119905665517],[120.7061101017644,23.225257640729012],[120.70659334586722,23.22562652081462]],[[120.7174752226248,23.23500621351056],[120.7204527855392,23.23486023030009]],[[120.70841061675509,23.228372830902785],[120.70826603479149,23.23012896147146],[120.70943898437599,23.23128473723047],[120.71064727816776,23.235100001830578],[120.71183487154241,23.235587544435898],[120.71242146153884,23.23655937050522],[120.71432872519243,23.23619709253139],[120.71570998952903,23.234707314648123],[120.71619985657246,23.235010708861125],[120.71670185384802,23.23448559012423],[120.7174752226248,23.23500621351056]],[[120.70659334586722,23.22562652081462],[120.70841061675509,23.228372830902785]],[[120.70659334586722,23.22562652081462],[120.70732670228409,23.22540888994714]],[[120.69189954004167,23.22847694478703],[120.69330269573817,23.22868061820104],[120.69515340459756,23.22775863184874],[120.69656193791018,23.228149673611085]]]}},{"type":"Feature","properties":{"NAME":"那托爾溪","FROM":""},"geometry":{"type":"MultiLineString","coordinates":[[[120.69386559904164,23.216634986415883],[120.69594699390935,23.21678157598625],[120.6974945727383,23.213642011925405],[120.69857400428066,23.212707165888606],[120.70066073286205,23.213828612140425],[120.70098716428052,23.21426042452016],[120.70061662358596,23.215248547418945],[120.70109155533,23.215621942293968],[120.70442524529378,23.215043466737995]],[[120.68991354692324,23.215282074778155],[120.69130210942862,23.21514481115369],[120.69381607646743,23.21661467581186]]]}},{"type":"Feature","properties":{"NAME":"那次蘭溪","FROM":""},"geometry":{"type":"LineString","coordinates":[[120.69503633142766,23.250146745684244],[120.69501950885869,23.25309509780031],[120.69578866252118,23.254320205653574],[120.69837217135951,23.253406360299177],[120.69922115896834,23.254062671318508],[120.70094542886893,23.25400949908644],[120.70169377118592,23.254821379002276],[120.70253934473489,23.254829743199952],[120.70441067813569,23.25345838742694],[120.70935227639232,23.25359622912989],[120.71314047240296,23.250589274182285],[120.71493415435157,23.250619609797347],[120.71911520357088,23.24940799135253],[120.72119050281381,23.24776814042367],[120.72684042391374,23.246071245854544],[120.72767723400962,23.24618103771581],[120.72956610309008,23.245197680562754],[120.73501170833755,23.245892700167843],[120.73716710633954,23.244959266615798],[120.74059644347383,23.245057514373144],[120.74314039977307,23.244415985473907],[120.7452332102774,23.243006110042433],[120.7468981258314,23.24311940753809],[120.75,23.242453786990847]]}},{"type":"Feature","properties":{"NAME":"官田溪","FROM":""},"geometry":{"type":"MultiLineString","coordinates":[[[120.3533602774292,23.18784610277674],[120.35341436601867,23.189114406137723]],[[120.35619642965791,23.18937127387544],[120.35612739216181,23.188450375048134],[120.35535214277338,23.187885488076766]],[[120.36620982694686,23.192865126565998],[120.36846544348177,23.193753964259916]],[[120.35326690444872,23.189015791742175],[120.35177063524803,23.187688687534948],[120.3532727316994,23.187835243460807]],[[120.35341436601867,23.189114406137723],[120.35496236033242,23.189263399262035]],[[120.36048300052734,23.19303007015482],[120.36048717045823,23.191757400305324]],[[120.34316378909665,23.181662242136227],[120.3451299641405,23.182428026822024],[120.35002346419438,23.182444856736883],[120.3522453871107,23.182972466542243]],[[120.37278377398307,23.18954846695361],[120.37311343762721,23.189497654823636]],[[120.36071291414969,23.19929982469304],[120.36001146427398,23.198845713925234],[120.35906747743242,23.198997661629978],[120.35896049349266,23.19820065560016]],[[120.35530183301168,23.189294931270528],[120.35619642965791,23.18937127387544]],[[120.37057161278614,23.189643648565472],[120.37272185566367,23.189510191625963]],[[120.31969589716452,23.175023998447774],[120.32129526237833,23.17489503085802],[120.32151626819858,23.172865391518435]],[[120.35332525139724,23.187841758094198],[120.3533602774292,23.18784610277674]],[[120.32156144049047,23.172694249279292],[120.32158079917002,23.1702667030667],[120.32378226405564,23.16954230694404]],[[120.35493240698378,23.187782716334816],[120.35341458918914,23.187643240524398]],[[120.36559411973583,23.193219281385876],[120.36577711435683,23.193795431705258]],[[120.3756182301357,23.18617622818531],[120.37609326865007,23.186187049931718]],[[120.31905044216725,23.175486605172292],[120.31962489093065,23.17502470380827]],[[120.36336206878904,23.183195903380987],[120.36425056754508,23.18212968402622],[120.36546366829825,23.182452496394138]],[[120.34429928120294,23.17782873943769],[120.34489693872979,23.178544047855244]],[[120.35535214277338,23.187885488076766],[120.35527055187617,23.187865394263266]],[[120.32944102339451,23.179086374412982],[120.32914121571268,23.179752360988182],[120.32615872502113,23.180313491165357]],[[120.36553073907189,23.182180975862504],[120.36546366829825,23.182452496394138]],[[120.35265164961167,23.182978558615034],[120.34786450528462,23.181601617811502],[120.34707820740839,23.180993863216543],[120.34354312823982,23.18113350716689],[120.34306728622983,23.180590142435168],[120.34354890580704,23.178351538447625],[120.34429928120294,23.17782873943769]],[[120.31590508047692,23.176826679345837],[120.31819214213786,23.177093288485008],[120.31902266382947,23.175583742019292]],[[120.36655642238861,23.179315424877448],[120.36553875923586,23.18047147221991],[120.36557653968978,23.1820818729621]],[[120.36546366829825,23.182452496394138],[120.36610930458383,23.182989778339365],[120.36593729370806,23.1845868045756],[120.36658902925265,23.184986464692567],[120.36971441905727,23.184745649632596]],[[120.36962147491418,23.193282278320677],[120.36728490579888,23.192102036903652],[120.36640952871889,23.192200195074545],[120.36620982694686,23.192865126565998]],[[120.36294015490319,23.199491437836684],[120.3628027245334,23.199012480204985],[120.36195383476664,23.198993325830866],[120.36167722555793,23.199671483670844],[120.36071291414969,23.19929982469304]],[[120.35341436601867,23.189114406137723],[120.353393674123,23.189342220188777]],[[120.36305986374693,23.200081736450866],[120.36294015490319,23.199491437836684]],[[120.33597822526687,23.179039412004364],[120.33550090654387,23.178791610396143],[120.33563389634965,23.17767983878676],[120.33479859049177,23.177193732738925],[120.33464234563546,23.175832634216537]],[[120.36139600925594,23.204720792515943],[120.36229305920915,23.20446484338456],[120.36246374755191,23.20297836177157]],[[120.35334004648793,23.187615827420906],[120.35174432833863,23.187458435561165],[120.35072685396072,23.1866444106856],[120.35095862238418,23.185512633630033],[120.35207088971387,23.184359746123558]],[[120.35235996410397,23.180617075800697],[120.3516042941958,23.178416575432784],[120.35012330262097,23.17650647222213],[120.35043828293688,23.176099268869674],[120.35018385601987,23.17438566375783]],[[120.353393674123,23.189342220188777],[120.35441243566228,23.190309709353734],[120.35498132036032,23.190200676053138]],[[120.33942445329,23.17808952517889],[120.34192898866121,23.176774876263405],[120.34340581140705,23.17714838640589],[120.34189254012182,23.18038699893606],[120.34316378909665,23.181662242136227]],[[120.35341458918914,23.187643240524398],[120.3533602774292,23.18784610277674]],[[120.35341458918914,23.187643240524398],[120.35339038112024,23.187634337998464]],[[120.35842996080042,23.185024999689205],[120.35883985772014,23.186522642814104],[120.35965774256455,23.18679885253051],[120.36006276099579,23.18773687671265]],[[120.34429928120294,23.17782873943769],[120.34464093868712,23.176875652522995]],[[120.353393674123,23.189342220188777],[120.35331872257946,23.189101935479012]],[[120.36246374755191,23.20297836177157],[120.3628328525575,23.20173865917168]],[[120.36461553168007,23.192306059892744],[120.36296302802168,23.19295177248807],[120.36206097957074,23.19154240780025],[120.36048717045823,23.191757400305324]],[[120.36304479939827,23.200491558717665],[120.36306417153372,23.20018590514362]],[[120.35842996080042,23.185024999689205],[120.36136913728458,23.18281084865296]],[[120.32806963748429,23.17468534028768],[120.32750627814012,23.176368426049216],[120.32954684348113,23.176881927173543],[120.3302593922791,23.17781879849735],[120.32946110226595,23.17902938158281]],[[120.3522453871107,23.182972466542243],[120.35265164961167,23.182978558615034]],[[120.35381283761615,23.183323784799313],[120.35380658269786,23.181478016863185],[120.35238966356333,23.180700079103346]],[[120.36146153000516,23.18285533206115],[120.36298088725947,23.183460716696203],[120.36336206878904,23.183195903380987]],[[120.35853212663696,23.190019002373205],[120.35764989721066,23.188936955761243],[120.35535214277338,23.187885488076766]],[[120.36048717045823,23.191757400305324],[120.35853212663696,23.190019002373205]],[[120.34489693872979,23.178544047855244],[120.34931943370866,23.180336947434892]],[[120.35518666234906,23.184033783700553],[120.35614743252137,23.184873989560536],[120.35765875293555,23.184473687900944],[120.35842996080042,23.185024999689205]],[[120.36620982694686,23.192865126565998],[120.36559411973583,23.193219281385876]],[[120.35450525014284,23.18357115580258],[120.35485403952424,23.183911148970385]],[[120.35381283761615,23.183323784799313],[120.35446610746364,23.183529897533468]],[[120.36336206878904,23.183195903380987],[120.36381328432542,23.183732442151744],[120.3635721079253,23.18699226862059]],[[120.35265164961167,23.182978558615034],[120.35381283761615,23.183323784799313]],[[120.35212706674974,23.184295820821163],[120.3522453871107,23.182972466542243]],[[120.35896049349266,23.19820065560016],[120.35829291681308,23.197214126728255],[120.35897800526448,23.194791066369234]],[[120.34489693872979,23.178544047855244],[120.34519515261479,23.177193680180114]],[[120.35532140043281,23.190189178830465],[120.35619197078289,23.190000803830554],[120.35619642965791,23.18937127387544]],[[120.35896696382433,23.194717948284218],[120.35879494322621,23.192581162672315],[120.35800895403665,23.19114971159785],[120.35853212663696,23.190019002373205]],[[120.36461553168007,23.192306059892744],[120.36474006963427,23.191760445284107],[120.36621904488634,23.190741673650393],[120.36776746922361,23.1903445069354]],[[120.3628328525575,23.20173865917168],[120.36304479939827,23.200491558717665]],[[120.36787806803848,23.190351596543113],[120.36982885725287,23.189708500436215]],[[120.36559411973583,23.193219281385876],[120.36461553168007,23.192306059892744]]]}},{"type":"Feature","properties":{"NAME":"帖布帖開溪","FROM":""},"geometry":{"type":"LineString","coordinates":[[120.75,23.286916193029505],[120.74884958649784,23.287188246038845],[120.74669368289321,23.290810458287925],[120.74234581801926,23.29225053873345],[120.73968739573854,23.294697902912226],[120.7378868001031,23.29464298337948],[120.73726812926286,23.29388566091936],[120.73657279254303,23.294460178311876],[120.73524372779428,23.293516643382038],[120.72872672817455,23.294257929718235]]}},{"type":"Feature","properties":{"NAME":"枋子頭坑","FROM":""},"geometry":{"type":"MultiLineString","coordinates":[[[120.5214716660423,23.20748359314685],[120.52301477316539,23.205861447932186],[120.52593753163498,23.206522447981783]],[[120.52622708617581,23.206606821064724],[120.52946130387222,23.207252880884344],[120.52993637644589,23.207868251306234]],[[120.52087372305891,23.208295201548697],[120.52155363992128,23.207992491895002],[120.5214796740424,23.20756042501999]],[[120.52593753163498,23.206522447981783],[120.52622708617581,23.206606821064724]],[[120.52593753163498,23.206522447981783],[120.52592791001291,23.20765105990352],[120.5270349341661,23.21006292923195]]]}},{"type":"Feature","properties":{"NAME":"東天湖坑","FROM":""},"geometry":{"type":"MultiLineString","coordinates":[[[120.4503326281904,23.4199817696883],[120.45066025007911,23.419049541696197],[120.45175712246541,23.41975827626814],[120.45189118043157,23.42047131638803],[120.45255202887296,23.420110627857817],[120.4535566833339,23.421080886738142]],[[120.44420633266796,23.417229346339887],[120.44598775275674,23.41758593337663]],[[120.44598775275674,23.41758593337663],[120.44655819318243,23.417644892189124],[120.44750950367835,23.418829658573816],[120.45029575170072,23.419982971952788]],[[120.43814428261096,23.413413843978876],[120.43806860769483,23.413647300396413]],[[120.43806269984204,23.41368648162476],[120.43858145400792,23.41478031689143],[120.43957699047797,23.414654922792526],[120.43957171387738,23.415892977386694],[120.44013624564809,23.415905316915158],[120.44049711390075,23.41517408221255],[120.44073716388394,23.416562613524082],[120.44151032561265,23.41746813754389],[120.44374898842307,23.41684161631411],[120.44417868927958,23.417209619899356]]]}},{"type":"Feature","properties":{"NAME":"東埔蚋溪","FROM":""},"geometry":{"type":"MultiLineString","coordinates":[[[120.73995744119513,23.700847217117254],[120.73827552012793,23.70487151138204],[120.7404189907371,23.70711959869767]],[[120.74297867859178,23.723075474331996],[120.74226950545302,23.723982391318113],[120.74052204300266,23.724734783397327],[120.74092652109627,23.726049083357985],[120.74013707187646,23.72677749272295]],[[120.74762551065817,23.720870544225164],[120.74728218657059,23.721899721726388],[120.74398078664879,23.723515421546562],[120.74340589851784,23.723693580457837],[120.74297867859178,23.723075474331996]],[[120.73339001444218,23.711258291406253],[120.73429595949096,23.708901632892314]],[[120.72435388206425,23.700471674963907],[120.72382143974959,23.699250998086875],[120.72475278126072,23.69862603172484],[120.72466822907444,23.69782584366008]],[[120.7357260732796,23.72225753289418],[120.73667861757279,23.720774808944103],[120.73615938841422,23.718573156884375],[120.73660974741777,23.71754613978739]],[[120.73995744119513,23.700847217117254],[120.74233276448291,23.69814294140907]],[[120.73574458881247,23.710401263331818],[120.73339001444218,23.711258291406253]],[[120.73057574453654,23.712183395160835],[120.73260288762987,23.71059757717655]],[[120.73339001444218,23.711258291406253],[120.73281817173564,23.712459030007967],[120.73057574453654,23.712183395160835]],[[120.7352224551101,23.722438338725965],[120.73566539946259,23.722309771500587]],[[120.7393235751831,23.698584948590746],[120.73995744119513,23.700847217117254]],[[120.74282127292035,23.72212671670369],[120.74297867859178,23.723075474331996]],[[120.73935087220295,23.69820164660155],[120.73932610049678,23.698555869189647]],[[120.74955510871936,23.728517857116376],[120.75,23.7282377110756]],[[120.73099423924374,23.725687439781865],[120.7341441629027,23.72744587376344]],[[120.72598856082129,23.72479983853987],[120.73090780240068,23.72566485982482]],[[120.73660974741777,23.71754613978739],[120.73534574392923,23.715966108204906]],[[120.74982454618771,23.691539869926135],[120.75,23.691665965613247]],[[120.73530085784881,23.715950577969622],[120.73463711453071,23.715253339524086]],[[120.75,23.728107508808442],[120.74955510871936,23.728517857116376]],[[120.74762551065817,23.720870544225164],[120.7468788249484,23.72004984855611],[120.74722331009988,23.71823496881766],[120.74664714938945,23.71759276219839]],[[120.74871900398436,23.72910570350328],[120.74955510871936,23.728517857116376]],[[120.7404189907371,23.70711959869767],[120.74251803867766,23.70766687610546]],[[120.74664254812038,23.717561364155312],[120.74545128657978,23.71389629053984]],[[120.73057574453654,23.712183395160835],[120.7301673481035,23.712536358531292]],[[120.74500625373783,23.73329986847555],[120.74458301625256,23.733085508861905]],[[120.74762551065817,23.720870544225164],[120.75,23.72018666858663]],[[120.7318966127101,23.736542716264488],[120.73098444488087,23.736836021032165],[120.73100397254858,23.737455050025563],[120.7303912825179,23.737991863524567],[120.72712228511773,23.736923005807462],[120.72283538374309,23.733972503615707]],[[120.7348836304471,23.73090139546052],[120.73315174217876,23.730876950945284]],[[120.73660974741777,23.71754613978739],[120.73673612570872,23.71639448875934],[120.73797914582403,23.716531642560486],[120.73996922470418,23.71290955388799],[120.7404456684101,23.711333855283815],[120.74004114655291,23.708736099015074],[120.7404189907371,23.70711959869767]],[[120.74772336154126,23.74628271294264],[120.7458521223824,23.747903748468534],[120.74521526455692,23.75]],[[120.7174004384343,23.69970643828361],[120.71859655779883,23.698297540651655],[120.71931396732711,23.698147764648173],[120.71997978495686,23.699828447495044],[120.72105768494582,23.70047364156503],[120.72435388206425,23.700471674963907]],[[120.75,23.709136978959275],[120.74596799000037,23.70663068971709],[120.74562707133803,23.70394052662194],[120.7441932117025,23.702048191870478]],[[120.7404189907371,23.70711959869767],[120.74151810896359,23.704700158773644]],[[120.72435388206425,23.700471674963907],[120.72447462239056,23.700620080354394]]]}},{"type":"Feature","properties":{"NAME":"東勢坑","FROM":""},"geometry":{"type":"MultiLineString","coordinates":[[[120.53179430081452,23.191723574067268],[120.53309811364856,23.191239758770443],[120.53569107246267,23.19177103209392]],[[120.52502641605878,23.191547987849866],[120.52408892475265,23.191794483893812]],[[120.54660142414949,23.18994841669629],[120.54759368505029,23.190135771423222],[120.5492783522341,23.189415865355308],[120.55160621119092,23.186972869964666],[120.55420944162486,23.186564328877346]],[[120.53583777167663,23.19510596174395],[120.5371785977403,23.195502464075037],[120.53905604379561,23.194896077819063],[120.54590767316847,23.191149129797378]],[[120.43402100836181,23.15722500028377],[120.43334337518407,23.15610532837895]],[[120.55420944162486,23.186564328877346],[120.55496502986816,23.187501068392116],[120.55827662880101,23.187328048352317]],[[120.53179430081452,23.191723574067268],[120.53096515783625,23.19106196382576]],[[120.43450209908853,23.158086672727674],[120.43428768637634,23.158939227839625]],[[120.5283177697741,23.19271349341327],[120.52706865366603,23.191544967230676],[120.52636918411247,23.19179800896629]],[[120.52636918411247,23.19179800896629],[120.5247982129675,23.193068860352007]],[[120.53179430081452,23.191723574067268],[120.53235726516978,23.192472449322654],[120.53410306888432,23.19315252820445]],[[120.43445571786872,23.155756930601758],[120.4342272037394,23.15621891764709],[120.43504709668127,23.157219428324307]],[[120.43450209908853,23.158086672727674],[120.43521645847856,23.1584818588599]],[[120.43576370218373,23.159917112124432],[120.43490296074334,23.159309247929755],[120.43521645847856,23.1584818588599]],[[120.43334337518407,23.15610532837895],[120.43445571786872,23.155756930601758]],[[120.5249732977451,23.19017077445154],[120.52451697070771,23.189550894226592]],[[120.55996767812935,23.18284388890146],[120.55755745048093,23.184040492376504]],[[120.52557777054453,23.191355469320342],[120.5249732977451,23.19017077445154]],[[120.52633181335183,23.199527560142812],[120.52694023776198,23.20050688250051]],[[120.54590767316847,23.191149129797378],[120.54717935058335,23.1913581675933],[120.55038355185259,23.18961312057726],[120.5532910821065,23.189603077524154]],[[120.53166751867579,23.190687012371868],[120.5330726839307,23.190070297207647]],[[120.52859895449907,23.192741406241336],[120.52991661462691,23.19331865892894]],[[120.43402100836181,23.15722500028377],[120.43387904192205,23.157791115768205],[120.43450209908853,23.158086672727674]],[[120.43521645847856,23.1584818588599],[120.43514547354383,23.15771186244161],[120.43402100836181,23.15722500028377]],[[120.53099669285702,23.19619334356637],[120.53132805068857,23.196325247528165],[120.53157070248838,23.195425211297714],[120.53222404420704,23.19605696687449],[120.53316448039388,23.195432125368058],[120.5335122983342,23.196356458883443],[120.5357989792382,23.195047892593767]],[[120.52694023776198,23.20050688250051],[120.52697300233285,23.200865942350458]],[[120.52901616812828,23.186195933908216],[120.52782943170548,23.18590798696451],[120.52630463090681,23.184578461556306]],[[120.53166751867579,23.190687012371868],[120.53166587067064,23.18982689835019],[120.5304981109769,23.189369735283165],[120.53067556880427,23.188573353358763],[120.52904513613028,23.18626412724032]],[[120.5283177697741,23.19271349341327],[120.5283469405973,23.192792590971628]],[[120.52859895449907,23.192741406241336],[120.5283469405973,23.192792590971628]],[[120.54590767316847,23.191149129797378],[120.54654288791764,23.189974028162982]],[[120.53096515783625,23.19106196382576],[120.52859895449907,23.192741406241336]],[[120.5283469405973,23.192792590971628],[120.52816472022069,23.193803412926446],[120.5273116896827,23.194523308386508],[120.52766389466788,23.195002929340628],[120.52674977123098,23.19497315579267],[120.52667732696229,23.196237141046634],[120.52609714201739,23.19586520396036],[120.52554257307027,23.19643775233642]],[[120.52721652516239,23.201577812844786],[120.52760155205769,23.2033218373204],[120.5298765903284,23.204317356226074],[120.52812423657812,23.204637286205603],[120.52647890670676,23.20565499122609],[120.52622708617581,23.206606821064724]],[[120.5245132378022,23.191447143866686],[120.52502641605878,23.191547987849866]],[[120.5233585036202,23.191023837528057],[120.52445546010257,23.19144541192229]],[[120.52552337995002,23.19649762585752],[120.52651587971697,23.197299949216422]],[[120.55749973783756,23.18407303451274],[120.55563220954029,23.18605784951947],[120.55420944162486,23.186564328877346]],[[120.42526309314304,23.15224949190818],[120.42633735600809,23.15210416340612],[120.42666317255741,23.152978862529107],[120.427626538223,23.152530664801173],[120.42794508818261,23.152951611832613],[120.42943494115327,23.15286185264265],[120.42994969280956,23.153328611400838],[120.42975733506032,23.154564990172016],[120.43105909410801,23.15530980401279],[120.43119180340264,23.156021314292254],[120.4321594952441,23.156518942923398],[120.43334337518407,23.15610532837895]],[[120.5233585036202,23.191023837528057],[120.5236170817648,23.19072109923799]],[[120.53245110280744,23.198116476610593],[120.53181083546342,23.197062607924632],[120.52870461717752,23.196599774391263]],[[120.52477102604024,23.189023396291706],[120.5249732977451,23.19017077445154]],[[120.55833742369344,23.187333265406433],[120.55948992660035,23.187323783931237]],[[120.52365012758868,23.19067711750515],[120.5237159677126,23.190191905605992]],[[120.5240362990774,23.191768440905847],[120.5233585036202,23.191023837528057]],[[120.52557777054453,23.191355469320342],[120.52502641605878,23.191547987849866]],[[120.43445571786872,23.155756930601758],[120.43497090057448,23.155715774911013],[120.43630375298861,23.1571785064062]],[[120.53096515783625,23.19106196382576],[120.53166751867579,23.190687012371868]],[[120.52694023776198,23.20050688250051],[120.52744572941101,23.201506242671222],[120.52934724047113,23.201593096729106],[120.53023361724067,23.20379462899859],[120.53195386501535,23.20244733469557],[120.53382815895411,23.20380062741159],[120.5338097942491,23.206547794563875]],[[120.52636918411247,23.19179800896629],[120.52557777054453,23.191355469320342]]]}},{"type":"Feature","properties":{"NAME":"東廣寮溪","FROM":""},"geometry":{"type":"MultiLineString","coordinates":[[[120.55261849044591,23.52878168748066],[120.55251726362263,23.529864560899508],[120.55314123004518,23.531374899690917],[120.55399159111373,23.53190018483613],[120.55395532748133,23.532554356724354],[120.55275161839297,23.532988042819458],[120.55304114268131,23.534440280431912]],[[120.56609440669334,23.540857186797453],[120.56746935033654,23.541472793428973],[120.56982088568016,23.54161680985589],[120.57394146910768,23.54312516306016],[120.57849999303396,23.543295886880614],[120.58289556656834,23.544970503562265]],[[120.55922554556413,23.532378310326504],[120.5602915558392,23.533887878583162],[120.56163350894333,23.534149504549983],[120.56167118884635,23.53537950085096],[120.5625109009667,23.5354607912898],[120.56332529546997,23.536294500252186],[120.56355823537385,23.537477182104414],[120.56473371253834,23.53819524251473],[120.56531775226964,23.54015272952388],[120.56601576733256,23.540831860481475]],[[120.55819733980505,23.53519416318892],[120.55872902409637,23.53649922217034]],[[120.55735501900367,23.531663735657094],[120.55819733980505,23.53519416318892]],[[120.55735501900367,23.531663735657094],[120.55915120717862,23.532348275205052]],[[120.55819733980505,23.53519416318892],[120.5576948647386,23.53566769806997],[120.55808906426273,23.53658632270152],[120.55759285138862,23.537398833717308],[120.55958570975034,23.540463580246087],[120.56007538145596,23.543701752619832]],[[120.55465235590869,23.530053625070387],[120.55481412862711,23.530783393521038],[120.55624690329424,23.53066908704536],[120.55540910585567,23.531643403495334],[120.55735501900367,23.531663735657094]]]}},{"type":"Feature","properties":{"NAME":"林子頭溪","FROM":""},"geometry":{"type":"MultiLineString","coordinates":[[[120.57305371308793,23.725006482000975],[120.57553912420931,23.726528087748992]],[[120.571996273477,23.722746118788162],[120.5735051075858,23.721815748296745],[120.57385170117549,23.72207630884596]],[[120.57305371308793,23.725006482000975],[120.57355331458756,23.72438933285018]],[[120.57257194567394,23.72450625044146],[120.57305371308793,23.725006482000975]],[[120.57138104159226,23.723439685093062],[120.57257194567394,23.72450625044146]]]}},{"type":"Feature","properties":{"NAME":"松柏坑溪","FROM":""},"geometry":{"type":"MultiLineString","coordinates":[[[120.61076730094585,23.635528167407628],[120.61164226383839,23.635807437802185],[120.6124045592355,23.63545490001612],[120.61427221470889,23.63294460347784],[120.61437142776138,23.631967320193173],[120.61644059945631,23.63150052469581]],[[120.60912472562376,23.635751490861463],[120.61056790395372,23.63546298557263]],[[120.61063362843355,23.63548447059515],[120.61067799243767,23.635498972960306]],[[120.61514888433898,23.625218899078504],[120.61720081279634,23.62381982550025]],[[120.59422029489447,23.636821947530066],[120.59548469616587,23.63672137532012],[120.59726462439194,23.635062193531592],[120.5978752041582,23.635151921606347]],[[120.59790264414718,23.63517558672992],[120.59906337619877,23.635080355050235],[120.59972048722364,23.63412937462673],[120.60367720559094,23.63368117572352],[120.60570476677037,23.63217600686317]],[[120.61328016283768,23.626361393449667],[120.6151196744042,23.625251908519896]]]}},{"type":"Feature","properties":{"NAME":"油車溪","FROM":""},"geometry":{"type":"MultiLineString","coordinates":[[[120.48924712741984,23.17488748283268],[120.48920699818,23.174890152957744]],[[120.48517822779576,23.163675395916297],[120.4862521371229,23.164367279626106]],[[120.4841814174071,23.1608481578708],[120.48517342278618,23.162905575603485],[120.48642826965252,23.16404275090119],[120.4862521371229,23.164367279626106]],[[120.48441427820443,23.162070188742135],[120.48457066899174,23.163337130575066]],[[120.49279311625901,23.174900846866514],[120.48924712741984,23.17488748283268]],[[120.48708174107857,23.174104155464413],[120.48665634017044,23.174011686236714]],[[120.48605459609114,23.167466187941855],[120.48598962406575,23.166469024032924]],[[120.48656175334743,23.173991125775096],[120.48622207217143,23.17363862694225],[120.4865794049743,23.172436315555835]],[[120.48777973546105,23.17435037143396],[120.48713648833825,23.174116055768515]],[[120.48656996269996,23.172385075763405],[120.48646684409167,23.168790355873256],[120.48581694603158,23.168149462945543],[120.48605459609114,23.167466187941855]],[[120.48316563113511,23.15764836344304],[120.4851470223607,23.15726174424387],[120.4856253027144,23.15669434099925],[120.48628441391224,23.157152408853737],[120.48689982622703,23.15667572785746],[120.48928292356509,23.157658425887675]],[[120.48189084759773,23.157377988204445],[120.48237326718719,23.157910010473806],[120.48316563113511,23.15764836344304]],[[120.48600136512107,23.166416060633697],[120.4865103095697,23.165835449089318]],[[120.48862311653473,23.174811167661094],[120.48831276945155,23.174833533416294]],[[120.482971956094,23.15746038428744],[120.48316563113511,23.15764836344304]],[[120.48821558620998,23.17479601964559],[120.48783332171844,23.174390866156386]],[[120.48605459609114,23.167466187941855],[120.4852192850768,23.16733941661312],[120.48484711983802,23.164022013367077]],[[120.47909603856277,23.159037507236764],[120.47972173432719,23.15839608978192]],[[120.4862521371229,23.164367279626106],[120.48705677922293,23.165952283438823]],[[120.48413017512985,23.162967781489602],[120.48282907484887,23.160110240791894]],[[120.48355983915016,23.1605866020812],[120.48365198739813,23.160670417593206]],[[120.48910167986307,23.174892254993342],[120.4886825107076,23.174799179809455]]]}},{"type":"Feature","properties":{"NAME":"狗寮溪","FROM":""},"geometry":{"type":"MultiLineString","coordinates":[[[120.57994613837458,23.16956470391353],[120.58078622963876,23.16807693989371],[120.58377109547756,23.166879244593748],[120.58486927142067,23.1606264485285],[120.58605143466212,23.16059341126589],[120.58725519016886,23.159862838753718],[120.58918338608571,23.15985654745629],[120.58949134526766,23.15950290830854],[120.58895432333834,23.15914482688349]],[[120.57832156419735,23.175888299055146],[120.57885264788247,23.173476393536944],[120.57876306155421,23.1712186142512]],[[120.57876306155421,23.1712186142512],[120.57915948441523,23.170140557145572],[120.57994613837458,23.16956470391353]],[[120.58012944724763,23.174371494204127],[120.57994613837458,23.16956470391353]],[[120.5758605998521,23.175924655772267],[120.57628513332547,23.172740396332028],[120.57876306155421,23.1712186142512]]]}},{"type":"Feature","properties":{"NAME":"芭蕉溪","FROM":""},"geometry":{"type":"MultiLineString","coordinates":[[[120.50892680928963,23.70359786387157],[120.50939032002013,23.702550726667308],[120.51032753523853,23.70245432214576],[120.51000903228945,23.70177612423425],[120.51103880266798,23.701501689949104]],[[120.5207229849616,23.70204946776361],[120.52189041891931,23.701666501205924]],[[120.520053320628,23.70213701416441],[120.52067570286906,23.702036254334534]],[[120.51924105825817,23.702513714237472],[120.51959843001825,23.703085969138527],[120.52083258668343,23.703306939276995]],[[120.52087968716596,23.703309951413328],[120.52363118414299,23.702653937904678],[120.5259022212107,23.702927340882475]]]}},{"type":"Feature","properties":{"NAME":"虎穴仔溝","FROM":""},"geometry":{"type":"MultiLineString","coordinates":[[[120.40480325641083,23.161641101217217],[120.40456280856829,23.16230601682499],[120.40532678072321,23.16315740624832]],[[120.40475116087609,23.1606281121965],[120.40481308158219,23.16159980091221]],[[120.40532678072321,23.16315740624832],[120.4056033797008,23.163029861263556]],[[120.40212103144623,23.15760701959703],[120.40177947454553,23.158942070801693],[120.40390493480155,23.159294899215624],[120.40471122008275,23.16057564376131]],[[120.40769101528709,23.164425216311745],[120.4072837424119,23.164024269483622]],[[120.40769101528709,23.164425216311745],[120.40827099176276,23.165167664471706]],[[120.40532678072321,23.16315740624832],[120.40562651843659,23.16479940584765],[120.40502444431996,23.16509747963407],[120.40463149100262,23.166348798817108],[120.40527483046827,23.167003386037088]],[[120.40564936434286,23.163013983797207],[120.40745334369382,23.16314908704257],[120.40769101528709,23.164425216311745]],[[120.40821776218172,23.169322462522416],[120.40850082267957,23.169497617682467],[120.40790349019044,23.171687183123456],[120.40879320535694,23.17211466732383],[120.40894414632413,23.17307673270733]],[[120.40829651753242,23.165233647222138],[120.40874252322479,23.167354184814883],[120.40805398902269,23.1681733643241],[120.4081752812165,23.16931439058233]]]}},{"type":"Feature","properties":{"NAME":"虎尾溪","FROM":"北港溪"},"geometry":{"type":"MultiLineString","coordinates":[[[120.44267991726993,23.69693503227779],[120.44110940759332,23.699150914211355]],[[120.52880500926688,23.7318322591531],[120.52901462492551,23.731814140059146]],[[120.52766270309553,23.73332524380274],[120.52753547835871,23.732959817055672],[120.52880500926688,23.7318322591531]],[[120.53018913270563,23.730335706165853],[120.53215123497753,23.728693710236435],[120.53587919481463,23.728244428021906]],[[120.52951568528295,23.73176715586313],[120.53206329277583,23.734126384791278]],[[120.43912075186796,23.70212146217841],[120.44763532974538,23.701790939506733],[120.44767071675338,23.702154533187457]],[[120.4376736292063,23.701931102573063],[120.43901936884865,23.702182048854908]],[[120.52907430296514,23.73180898146781],[120.52951568528295,23.73176715586313]],[[120.52769824323627,23.73347051372785],[120.5276831929193,23.733408995799678]],[[120.53181579740688,23.731065286797424],[120.53451508700329,23.731680685388145]],[[120.44767071675338,23.702154533187457],[120.44776883280811,23.703247971351892]],[[120.4478437257602,23.703323309076197],[120.4478607478631,23.70334043221333]],[[120.4478607478631,23.70334043221333],[120.4484572922958,23.704964678747334]],[[120.4484618885129,23.705037511327788],[120.44846833192385,23.70513961460243]],[[120.52951568528295,23.73176715586313],[120.53151839287584,23.730960543016383]],[[120.39638752562936,23.660378335162566],[120.39612050024007,23.662219893559175]],[[120.52880500926688,23.7318322591531],[120.52784186837255,23.73188393052166]]]}},{"type":"Feature","properties":{"NAME":"金瓜溪","FROM":""},"geometry":{"type":"MultiLineString","coordinates":[[[120.62064145151346,23.620601400300274],[120.62071314342296,23.61842787137391]],[[120.62075995212551,23.614351967135704],[120.62105166238373,23.61306370034706],[120.62408979989615,23.611978211574566]],[[120.62074529728028,23.61840403135734],[120.62106057188373,23.617498800179266],[120.6202836953062,23.616877456973146],[120.6202095895832,23.614673108971107],[120.62072120553185,23.61439143112746]]]}},{"type":"Feature","properties":{"NAME":"長枝坑溪","FROM":""},"geometry":{"type":"MultiLineString","coordinates":[[[120.61667385480486,23.267832659427444],[120.61824951448507,23.267903790921782]],[[120.6223307735553,23.247924332805177],[120.62285754418744,23.248008237426628],[120.62588148359644,23.253173858842313]],[[120.62186184272713,23.247259084528405],[120.62229585325422,23.24789571011376]],[[120.59562340368356,23.26627363461976],[120.59486901900303,23.264928069453976],[120.5948847136009,23.26394980611964],[120.59315607859631,23.261128988375816],[120.59238576075802,23.257868366979004],[120.59374144583485,23.255864370462312]],[[120.62215967765115,23.24632909199124],[120.62273144362887,23.24568756072771]],[[120.59374144583485,23.255864370462312],[120.59617487481898,23.252859895844022]],[[120.59374144583485,23.255864370462312],[120.59407496641883,23.253068519451404]],[[120.5960499238061,23.26638055531372],[120.59764899657367,23.264437645778024],[120.59675846605289,23.263066734509746],[120.59682828061773,23.26177808746284],[120.59619763585499,23.260144596549797],[120.59632875256905,23.257010100779976]],[[120.62138034410145,23.247182401894314],[120.62125042344344,23.246652833082372],[120.62189498989807,23.2469266177201],[120.6221219397679,23.24638532765521]],[[120.60628555044038,23.273089535962825],[120.60747475860124,23.272899184384954]],[[120.62273144362887,23.24568756072771],[120.62272807755113,23.24269639400696]],[[120.61667385480486,23.267832659427444],[120.61609786940748,23.271431192164236],[120.61807672850483,23.27435005844415]],[[120.62032014267307,23.247270478894308],[120.62138034410145,23.247182401894314]],[[120.59189358847311,23.270228229070174],[120.59274921168831,23.271170304966315],[120.59358575141616,23.27116307124684]],[[120.62028830208435,23.24130555280764],[120.61933634137425,23.241666661745068]],[[120.59010914631206,23.27130365734958],[120.59184230661604,23.270188149146442]],[[120.61306250100311,23.249611181630822],[120.61332156422743,23.24736437067597]],[[120.59844022420646,23.266973895526863],[120.59923106786476,23.26965214050553],[120.60392763675571,23.270642415939523],[120.60628555044038,23.273089535962825]],[[120.59363850791024,23.271172100904426],[120.59372909747597,23.2711876059238]],[[120.59372909747597,23.2711876059238],[120.59456373917837,23.273672045195358]],[[120.6146719342243,23.250230541759173],[120.61361943990582,23.250039605862774],[120.61208750975108,23.24883041819715]],[[120.61501319495844,23.252516814981938],[120.61522724727358,23.251852388937845],[120.6146719342243,23.250230541759173]],[[120.6195835045474,23.25908054616604],[120.61981813945076,23.260059323823988],[120.62049577965135,23.26052226479864]],[[120.62272807755113,23.24269639400696],[120.62153362152182,23.240983503279704],[120.62032594886185,23.241287031605612]],[[120.6218331755026,23.246899779370995],[120.62184636426633,23.247213955812143]],[[120.62813063769516,23.247526222356207],[120.62872220209363,23.248258536862032],[120.62891518878206,23.25050958922609],[120.62944596322959,23.250438519190343],[120.63045901099592,23.252702818316752],[120.628515502755,23.254809609977777]],[[120.5978511842128,23.26675806585204],[120.5984102969231,23.266942153932202]],[[120.62273144362887,23.24568756072771],[120.62363925990795,23.24534145162592],[120.62319412511135,23.246178837447506],[120.62429948344989,23.245401657365232],[120.62449023846357,23.246148512910146],[120.62525330389876,23.246404104263668]],[[120.6132089118851,23.255608676770937],[120.61338095867039,23.255689668160464]],[[120.61999146807403,23.239826121627896],[120.61940850872608,23.240131733272467],[120.61709944427548,23.239820657292807],[120.61642969869662,23.240603559342453]],[[120.62272807755113,23.24269639400696],[120.62294296159212,23.241337794453038],[120.62245129814647,23.240450967178813],[120.62003016818187,23.23984701465063]],[[120.60926584311565,23.256556605633786],[120.60952550335925,23.255804994883583],[120.60821847170034,23.254704474555346],[120.60781779058011,23.25323422806784],[120.60503915530023,23.250637667410142],[120.60397793367189,23.25053363496589],[120.60318621381641,23.249856592058382],[120.60214492118023,23.24819690148664]],[[120.61208750975108,23.24883041819715],[120.61096740563502,23.24851373930227],[120.61002184164346,23.248906920667405],[120.60831277193579,23.247910724428653]],[[120.61208750975108,23.24883041819715],[120.61176696755724,23.247404958779953],[120.60889802465314,23.245511418813933]],[[120.6134120689055,23.255713644144],[120.61601774314724,23.257189704949475],[120.61668768019997,23.258162938512825],[120.6195835045474,23.25908054616604]],[[120.6146719342243,23.250230541759173],[120.614807084759,23.24820302660511]],[[120.61169169887984,23.257638780976535],[120.61175308217697,23.257693445989176]],[[120.59816947103485,23.272875281129895],[120.60002866125146,23.27331178121934]],[[120.61178311503586,23.25772019178526],[120.61252159558639,23.259803381567146],[120.61210055611485,23.26103742321464],[120.61287591789348,23.263248706229952],[120.61511213393719,23.266568638800834],[120.61667385480486,23.267832659427444]],[[120.62049577965135,23.26052226479864],[120.62073630712634,23.261688845986306]],[[120.62049577965135,23.26052226479864],[120.62220842585981,23.2613283511122]],[[120.60805843451249,23.274311190814323],[120.60628555044038,23.273089535962825]],[[120.59372909747597,23.2711876059238],[120.59584225177946,23.27138301868865],[120.59686682051836,23.272445551977697],[120.59808169877242,23.272600520474093],[120.59855565353976,23.273783627145587],[120.59944512326253,23.27379037264651],[120.60166977076044,23.275089459407788]],[[120.6195835045474,23.25908054616604],[120.62062064444487,23.25876566990311]],[[120.62529856823771,23.24642615081621],[120.62811208630177,23.247490525081428]]]}},{"type":"Feature","properties":{"NAME":"阿里山溪","FROM":""},"geometry":{"type":"MultiLineString","coordinates":[[[120.71247459556997,23.531879064278122],[120.7127245647854,23.530800592192847],[120.7117366758111,23.530283716085062],[120.71110874038497,23.529016426679096],[120.70993131025115,23.528407084269155]],[[120.74667761862855,23.544347749859156],[120.7487712311805,23.54439182454845],[120.75,23.54585598861765]],[[120.74667761862855,23.544347749859156],[120.74831893254857,23.54209778382468],[120.75,23.540711948951305]],[[120.73320236650098,23.545292619126098],[120.73499640568978,23.545046817882735],[120.74106127838068,23.546143339542894],[120.74345517322125,23.544850277654533],[120.74498238579834,23.54526363367984],[120.74667761862855,23.544347749859156]],[[120.73814823665315,23.528613596795495],[120.73963286277639,23.52806585766785]],[[120.73647245586604,23.511915690454614],[120.73430302143385,23.510656564261716],[120.73205566530663,23.510275574663105],[120.73096063523705,23.509087205891795]],[[120.73647245586604,23.511915690454614],[120.73720267343572,23.51059860285129],[120.73647521279348,23.51005134792671],[120.73760703621741,23.50540821174034],[120.73648800131782,23.50428576155528],[120.73596417698883,23.502464254321648]],[[120.71677106431952,23.520090279882872],[120.71684048030968,23.51248712381607]],[[120.72752397664333,23.556915844526532],[120.72938919491538,23.55515576212728],[120.73298552310038,23.555602735437397],[120.7345424943633,23.556286027264527]],[[120.73459164656592,23.55631472459468],[120.73520716341156,23.556587903519446]],[[120.72255870246576,23.53291317164271],[120.71869105123656,23.53282206733378],[120.71489245828008,23.531736226956465],[120.7133824751406,23.532441818922486],[120.71247459556997,23.531879064278122]],[[120.73772978733919,23.514515034030353],[120.73723145603606,23.514191060109287],[120.73744822324991,23.51313677391829],[120.7368522844983,23.51288309447121],[120.73647245586604,23.511915690454614]],[[120.74287100113928,23.522447534151354],[120.74208280276626,23.520549086816647],[120.7407237705771,23.52006345644278],[120.73961242529462,23.51840500456935],[120.73881229634335,23.518854094313618],[120.73782374415501,23.518028489968973],[120.73773194332911,23.516149733074112],[120.73872533794369,23.514790705825774],[120.73778376770613,23.514530805599183]],[[120.73968503253799,23.52804794100817],[120.74294815639594,23.527114864916545],[120.74519844803419,23.527169090674853],[120.7458974333667,23.526570908034707],[120.74683823371659,23.52426352760767],[120.75,23.524463651362304]],[[120.72897610347059,23.550049421489692],[120.7290092059241,23.54932239520661],[120.730719393069,23.547663057131402],[120.73044069284754,23.54423261203372],[120.7287425188416,23.542200904784433],[120.72965839663583,23.541100147785812],[120.73010595701275,23.539052609211954],[120.72908863490274,23.53839331392111],[120.72870283510626,23.537029221943488],[120.7272749838164,23.53686235473935],[120.72578381070704,23.533926262232573],[120.72300869153244,23.533687544886902],[120.72255870246576,23.53291317164271]],[[120.72255870246576,23.53291317164271],[120.72198425562632,23.530496737118295],[120.7202845315956,23.529826464216278],[120.71985546188047,23.52912946955532],[120.7199032325605,23.526173579436428],[120.71837997147458,23.524569030758144],[120.71677106431952,23.520090279882872]],[[120.71247459556997,23.531879064278122],[120.70917402192808,23.53155880745068]],[[120.71677106431952,23.520090279882872],[120.71510505648045,23.518050647825973],[120.71541388709129,23.5159556552004],[120.71504957469345,23.51448516398254]],[[120.74624357492905,23.516894611702526],[120.74794732171597,23.51697847320189],[120.7492223340808,23.51644973594226],[120.75,23.517300892881423]],[[120.74502442348209,23.51799789265667],[120.74618397874946,23.516910188623495]]]}},{"type":"Feature","properties":{"NAME":"阿美仔坑","FROM":""},"geometry":{"type":"MultiLineString","coordinates":[[[120.59910177510088,23.16009636952191],[120.60087624338281,23.156445967073438],[120.60281050569341,23.15556382276087],[120.60335736956083,23.154380101681483],[120.60422562801729,23.15379539564973],[120.60621385974059,23.154037409769558]],[[120.60295029361723,23.16374069870023],[120.60762811884874,23.161327949385505]],[[120.59889966128834,23.16136234370089],[120.59913298192016,23.162046970441295],[120.5987900061395,23.162382478402257]],[[120.59840889832606,23.16133175442681],[120.59889966128834,23.16136234370089]],[[120.59840889832606,23.16133175442681],[120.5987900061395,23.162382478402257]],[[120.59910177510088,23.16009636952191],[120.59889966128834,23.16136234370089]],[[120.59813539246012,23.161209154448134],[120.59840889832606,23.16133175442681]],[[120.5948749926001,23.161069926658826],[120.59553951792081,23.161207074652975],[120.59642207986157,23.160658479856114],[120.59813539246012,23.161209154448134]],[[120.59889966128834,23.16136234370089],[120.60331532639553,23.162425462577882],[120.60417568010963,23.16164424307465],[120.60773904765577,23.160274041441966]],[[120.60295029361723,23.16374069870023],[120.6040410592001,23.165310159764424]],[[120.5987900061395,23.162382478402257],[120.60130607873326,23.16278614895596],[120.60295029361723,23.16374069870023]],[[120.59813539246012,23.161209154448134],[120.59910177510088,23.16009636952191]]]}},{"type":"Feature","properties":{"NAME":"南投埤坑","FROM":""},"geometry":{"type":"MultiLineString","coordinates":[[[120.47174150418725,23.189971225574972],[120.47105911934818,23.18954804576425],[120.47006083492816,23.19019042210599],[120.46912575967995,23.18987135790755],[120.4678493934904,23.19036719079901]],[[120.4761612707382,23.189577841201626],[120.47178814102288,23.19001644016253]],[[120.47624115902825,23.19816981265092],[120.47643407399063,23.198245167244277]],[[120.47757809504095,23.18979249661163],[120.47698048628544,23.189273642011084],[120.47621434890566,23.189594350955836]],[[120.48601951405185,23.206115284145667],[120.48666969614854,23.20542514560466]],[[120.48480078506347,23.20673084269073],[120.48590811145924,23.20618859179633]],[[120.48016287543703,23.208282726734538],[120.48088533996273,23.208161008856766]],[[120.47371878476173,23.204713089323132],[120.47169078197088,23.203548415903533]],[[120.48031582206453,23.208518780185408],[120.48040685370793,23.209511554353636],[120.48179364039841,23.210547622505175],[120.4811863518099,23.21068111384251]],[[120.48096768219119,23.208201309768004],[120.48263061845853,23.209690252941698],[120.48374893146143,23.20983604743774]],[[120.48016287543703,23.208282726734538],[120.48026815791305,23.208441122406075]],[[120.47928122209798,23.208945848058892],[120.4811863518099,23.21068111384251]],[[120.48480078506347,23.20673084269073],[120.48395359739351,23.20744324235209]],[[120.47769749073471,23.206863589524467],[120.47764875053132,23.206827549799684]],[[120.47069283721655,23.19163151211024],[120.47134287484707,23.193059165986966],[120.47456641929962,23.19311452450582]],[[120.48016287543703,23.208282726734538],[120.47878241583119,23.20788321329926],[120.47778861801876,23.206930971243843]],[[120.48389102864306,23.207419309570454],[120.4815551741129,23.20673175602697],[120.48035512698235,23.207398392683217],[120.48016287543703,23.208282726734538]],[[120.4681026885482,23.19242787233791],[120.4706523541183,23.19157904592216]],[[120.4811863518099,23.21068111384251],[120.48218936406604,23.211650483220886]],[[120.47464153454139,23.1931169536808],[120.47493309991998,23.193181369987055]],[[120.48470134025226,23.20629033671666],[120.48530409579375,23.204732253471274],[120.48483617520118,23.203089556336707]],[[120.4676811169523,23.193191739438145],[120.46603579176428,23.19360849620586]],[[120.47169078197088,23.203548415903533],[120.47309243011458,23.203214355591463]],[[120.46831976229429,23.196600245158432],[120.46778496265638,23.195038587935542],[120.46848220760695,23.194079230783263],[120.4676811169523,23.193191739438145]],[[120.47008648803016,23.20203070262302],[120.4682293516585,23.2027447535636]],[[120.4676811169523,23.193191739438145],[120.46829290891263,23.193024431982533],[120.4681026885482,23.19242787233791]],[[120.4682293516585,23.2027447535636],[120.46662039346556,23.202712390694018],[120.46636358337292,23.201799549458226],[120.46547774644094,23.201934342601515]],[[120.46778167167452,23.190307838652522],[120.46714867917474,23.190704667181453],[120.46615249004853,23.190249949286525],[120.46555130222887,23.190591104868595],[120.46374749920638,23.190194682351006],[120.46189799051778,23.188613002373263],[120.46060889921678,23.18851171624426]],[[120.47041028255809,23.201792469909584],[120.47008648803016,23.20203070262302]],[[120.46291313302937,23.195754045579555],[120.46345485651055,23.19379643087954],[120.46478665202328,23.192946201873117]],[[120.47008648803016,23.20203070262302],[120.47080320275141,23.20242131873337]],[[120.48480078506347,23.20673084269073],[120.48469817323722,23.20634387473637]],[[120.46486655975045,23.19289209936519],[120.4681026885482,23.19242787233791]],[[120.4682293516585,23.2027447535636],[120.4683032085608,23.203496719225623],[120.46902969270114,23.20381288089262],[120.47052174786164,23.203357238896814],[120.47169078197088,23.203548415903533]],[[120.4734346434989,23.195011779681305],[120.47447952018452,23.19509416041247],[120.47521819489873,23.196044687508543],[120.47502648463625,23.19760336452964]],[[120.47501093493041,23.19766788488737],[120.47617448054281,23.1981437672803]]]}},{"type":"Feature","properties":{"NAME":"南勢坑","FROM":""},"geometry":{"type":"MultiLineString","coordinates":[[[120.4387398187187,23.209753966753098],[120.43963438571535,23.20993691003678]],[[120.43977479697757,23.209903918905013],[120.44018736379029,23.20921619575876]],[[120.64182480827284,23.670331936418926],[120.64310640467471,23.669662188927347]],[[120.63671778178731,23.672250012645765],[120.63824462751978,23.66968692763949],[120.63932689360122,23.669197348543886],[120.63970029829787,23.66845325630701],[120.64240088987056,23.66797420878732]],[[120.64282222158758,23.66918745861368],[120.64182480827284,23.670331936418926]],[[120.454812843805,23.203215050507204],[120.4542401598824,23.202298895327026],[120.45485756463904,23.20189689609365],[120.45376675901841,23.20081873142998],[120.45265683400496,23.20062990122854]],[[120.63671778178731,23.672250012645765],[120.64182480827284,23.670331936418926]],[[120.63294079912988,23.672669935884716],[120.63561405826938,23.67323389156482],[120.63671778178731,23.672250012645765]],[[120.63291645102355,23.67583030112755],[120.63504284621467,23.675808282460622],[120.63765312808054,23.67479183621362],[120.63946967776604,23.673741355184173],[120.64025440262799,23.672549554316912],[120.64215830723391,23.67168941923358]],[[120.454812843805,23.203215050507204],[120.45680109130005,23.20203658067905],[120.45771568430256,23.20240306951633],[120.4574508926067,23.201734002027376],[120.458762619706,23.201663866561724]],[[120.4387398187187,23.209753966753098],[120.43860010785622,23.21014689364321]],[[120.4385842460078,23.210196899869935],[120.43859219129504,23.210369673451286]],[[120.4612915369968,23.209787605228712],[120.46369245493571,23.21016577281729]],[[120.4612915369968,23.209787605228712],[120.46180682699499,23.211437144236587],[120.461285712118,23.212476023509566],[120.45975267181328,23.211251975825665],[120.45793071361858,23.21117365178857]],[[120.43859219129504,23.210369673451286],[120.4402396734223,23.21097578077953]],[[120.43859219129504,23.210369673451286],[120.4396378962799,23.212140681506536],[120.43967678052728,23.21369377575774],[120.44212587716868,23.214038551833433]],[[120.44736960088291,23.207580471679332],[120.44762498796393,23.2073185417321]],[[120.44759902363883,23.207269870991954],[120.44728376757561,23.206595978094253],[120.44796755956797,23.20649220832823],[120.44784865348389,23.205864262020363],[120.44909934490028,23.206055869480895],[120.44960109416672,23.20512302490602],[120.44992377517582,23.20538074256431]],[[120.45230674342208,23.205165834746975],[120.45433345815961,23.20353398875914]],[[120.45433345815961,23.20353398875914],[120.454812843805,23.203215050507204]],[[120.45585499189089,23.21645773306279],[120.45716367713958,23.21726573003296]],[[120.45486476971081,23.217702660564026],[120.45672449133521,23.218004637573124],[120.45715090109861,23.218507187740176]],[[120.4426337170748,23.21494093028046],[120.44212587716868,23.214038551833433]],[[120.44212587716868,23.214038551833433],[120.44327768809983,23.213690388083435]],[[120.44736960088291,23.207580471679332],[120.44696745158933,23.208156980954808],[120.44786059112484,23.20851668382611],[120.4478874144862,23.20943999727387],[120.44964677485642,23.21068070188707],[120.45074307978284,23.210786001795146],[120.45120590574625,23.211552781294206]],[[120.44733771427309,23.207564179621922],[120.44736960088291,23.207580471679332]],[[120.44332114622893,23.208197150439855],[120.4431474392522,23.207468973600108],[120.44378142927467,23.20748694915521],[120.44402469945324,23.206688690311527],[120.44500234879321,23.2064685592219],[120.44585918367326,23.20648728627847],[120.44607955062511,23.20705011452688],[120.44728447000314,23.207536975122537]],[[120.44283401498497,23.20884475456662],[120.44333261039093,23.208289799372675]],[[120.44018350030092,23.20913438299854],[120.44007344221394,23.208492266059366],[120.44106044777628,23.207971967124404],[120.44201044727863,23.208889433728796],[120.44272359221227,23.20886255922144]],[[120.45005174155163,23.205473886872145],[120.45094722864796,23.205080173498015],[120.45114418238029,23.205699357568747],[120.45133296002956,23.205262065612125],[120.45232240260903,23.20521670761802]],[[120.4550691583899,23.204286816895003],[120.45755493224232,23.20642972260391],[120.45858430543817,23.206512165766046],[120.4612915369968,23.209787605228712]],[[120.45433345815961,23.20353398875914],[120.45502323381574,23.204226364497284]],[[120.45585499189089,23.21645773306279],[120.45486476971081,23.217702660564026]],[[120.43060362467958,23.216454232036668],[120.43101501974286,23.216171276246087],[120.43051085607924,23.215386264730753],[120.4309911520184,23.21487783335026],[120.43086585087465,23.214272471218344],[120.43265417425674,23.21312758366667]],[[120.45433345815961,23.20353398875914],[120.45211496428996,23.201984754137584]],[[120.43757267366475,23.20872741205534],[120.4387398187187,23.209753966753098]],[[120.45486476971081,23.217702660564026],[120.45662777456833,23.21909231621049]],[[120.45120590574625,23.211552781294206],[120.45104375061125,23.212516079362214],[120.45329011367781,23.21460036795876],[120.45502667492565,23.214775530634434],[120.45585499189089,23.21645773306279]],[[120.45120590574625,23.211552781294206],[120.45236377356842,23.21267630410359]]]}},{"type":"Feature","properties":{"NAME":"南靖溪","FROM":""},"geometry":{"type":"MultiLineString","coordinates":[[[120.54591687322197,23.551811231325903],[120.54603580854535,23.551640512896242]],[[120.54606634772253,23.55160457881436],[120.54623185260088,23.550088664665726],[120.54689407004817,23.549346823934286]],[[120.58569619833864,23.554098797415215],[120.58527962948848,23.553656270909247],[120.5857077194952,23.552484350537696]],[[120.5922117223178,23.554653518659286],[120.59210410134743,23.556582978880336],[120.59317745015734,23.55819566934144],[120.59614074526371,23.559642473210275],[120.59885007272288,23.559263949724723]],[[120.5922117223178,23.554653518659286],[120.59411914589958,23.553898509402394],[120.59599382364887,23.55192811299043],[120.5969267731657,23.55205697253582]],[[120.58782532366767,23.55497110903482],[120.59153307766361,23.554398860712155],[120.5922117223178,23.554653518659286]]]}},{"type":"Feature","properties":{"NAME":"南寮溪","FROM":""},"geometry":{"type":"MultiLineString","coordinates":[[[120.51649834731546,23.172361299993486],[120.51668570691776,23.17278853526498],[120.51729118841838,23.172679719504245],[120.51753818520787,23.171867742871033],[120.51799645794894,23.17269987732584],[120.51866453825697,23.172207461773876]],[[120.51866453825697,23.172207461773876],[120.51862015699365,23.172033500059364]],[[120.51649834731546,23.172361299993486],[120.51592787994963,23.17339125172842],[120.51495046793444,23.173731413222587],[120.51503387540212,23.17441343747077],[120.51322382545106,23.173992518457975],[120.5130648532814,23.175253979903147]],[[120.5130648532814,23.175253979903147],[120.5121438847112,23.174856088971772],[120.51090419261014,23.175969797913275],[120.50947420066042,23.17520697182298],[120.5090804510192,23.17545862492435]],[[120.51915925327754,23.17238275912175],[120.51866453825697,23.172207461773876]],[[120.5130648532814,23.175253979903147],[120.5137034814659,23.176763954980792],[120.5147748946507,23.17680561172097],[120.5153335679871,23.177489087509542],[120.51942702447815,23.176815068709878],[120.52181070596596,23.177966684773107]],[[120.51915925327754,23.17238275912175],[120.519405431355,23.173209743706106],[120.52198363092177,23.173689191968926],[120.52293479299412,23.174698860826208]],[[120.5199467514754,23.170906407597627],[120.52086692138025,23.169200175053405],[120.52241724748112,23.16926571058401],[120.52311045578264,23.16986600447158]],[[120.5199467514754,23.170906407597627],[120.5212615713464,23.170199170020705],[120.5225904485077,23.170733620153435]],[[120.52390108680216,23.171207054696097],[120.52179451407476,23.17215125526294],[120.51915925327754,23.17238275912175]],[[120.51649834731546,23.172361299993486],[120.5168404270843,23.171797939726087],[120.51638510756909,23.170534611950554],[120.51519357544937,23.169555732498097]],[[120.51862015699365,23.172033500059364],[120.51859405908597,23.17145097919135],[120.5199467514754,23.170906407597627]]]}},{"type":"Feature","properties":{"NAME":"客人坑","FROM":""},"geometry":{"type":"MultiLineString","coordinates":[[[120.65639633806614,23.67956632107815],[120.65547283811756,23.67946243083723],[120.65499218627966,23.6787976015197]],[[120.65495043447335,23.67877136052653],[120.65171721464505,23.677650428599943],[120.64910734442729,23.6757076108338]]]}},{"type":"Feature","properties":{"NAME":"後坑仔溪","FROM":""},"geometry":{"type":"MultiLineString","coordinates":[[[120.54963052532493,23.41749030478997],[120.55341910632548,23.417298262900264]],[[120.54863229552316,23.4206374956195],[120.55077918804409,23.419664441394715]],[[120.54109980545482,23.42593598616782],[120.54181854928316,23.425680699581807],[120.5433286904292,23.42351900824658]],[[120.57025107325401,23.412988205783545],[120.57003691556093,23.411600933816906]],[[120.53887653313556,23.428743796729837],[120.5394700491426,23.430260286853123]],[[120.5411356961314,23.42679056086252],[120.54109980545482,23.42593598616782]],[[120.55794538346615,23.418572525732234],[120.55910150142145,23.41794211785982],[120.55923980317496,23.41704487770402],[120.56056572928307,23.416495708930725]],[[120.5394776955276,23.43029246650473],[120.54019340111292,23.431487694217427],[120.5420209852964,23.431914483341053]],[[120.56056572928307,23.416495708930725],[120.56056500614096,23.41567820144432]],[[120.55026335697953,23.424760841955113],[120.54986288876928,23.42441228021349],[120.55006971107309,23.423867143249325]],[[120.55008170969099,23.42384033984109],[120.55016356625241,23.423186594870835]],[[120.56056572928307,23.416495708930725],[120.56146459248497,23.416464840987395]],[[120.5669198433003,23.419637748924316],[120.56763189863072,23.418364214270678],[120.56847385804694,23.418213056738352],[120.56892576846145,23.4145502472136],[120.56946953960613,23.414446729325405],[120.57025107325401,23.412988205783545]],[[120.57025107325401,23.412988205783545],[120.57254914522632,23.41293495535075]],[[120.55550888492047,23.422166789027898],[120.55506231018165,23.421596325173034],[120.55656888447923,23.421589246588276],[120.55769578127502,23.420231905412177],[120.55794538346615,23.418572525732234]],[[120.55315352733938,23.422776579271822],[120.55414056367326,23.419625065097346]],[[120.54109980545482,23.42593598616782],[120.5409767497773,23.424544411878767],[120.5428662802259,23.42176115017405]],[[120.55212769995944,23.415236516828266],[120.55328948683977,23.414144707917053],[120.55440807418704,23.414423616002427],[120.55682346035891,23.412682981402934],[120.55960724520077,23.41284856316018],[120.56156376428106,23.4114682130997],[120.5644343699575,23.410999741243078],[120.56596350379228,23.409647902611976]],[[120.55794538346615,23.418572525732234],[120.5572070382951,23.417815463728218]]]}},{"type":"Feature","properties":{"NAME":"後堀溪","FROM":"曾文溪"},"geometry":{"type":"MultiLineString","coordinates":[[[120.58797323895384,23.155001932061428],[120.58899277388136,23.154995543610955],[120.58976223448057,23.156101476474635],[120.59063518013389,23.156133078220673]],[[120.58806974215564,23.155507874577527],[120.58812005416281,23.15518291723842]],[[120.58592271112818,23.156312753908878],[120.5860811916899,23.156231894984593]],[[120.5829033146873,23.15089801255844],[120.58229652037434,23.15]],[[120.64050466427969,23.231300796816743],[120.6413509286722,23.231698427022767],[120.64317263431464,23.233878495179653]],[[120.64050466427969,23.231300796816743],[120.640862846456,23.23079049095449],[120.64369909022524,23.23084637819154]],[[120.62737836784322,23.242232330405358],[120.62737351648585,23.24393121126366]],[[120.5854485519674,23.156966208280142],[120.58559439409593,23.156734060589045]],[[120.63277039413522,23.23272056879044],[120.63277390647272,23.23359128751215],[120.63332551418893,23.234095445292287],[120.63429981345558,23.233364000533353]],[[120.63356026430797,23.244960153602317],[120.63599071065293,23.243927300951782]],[[120.63356026430797,23.244960153602317],[120.63404196616139,23.245407517701462],[120.63392033655514,23.246489161217855],[120.63458357302065,23.248501836162667]],[[120.62774854096136,23.236989745953935],[120.62746610754576,23.238140463747534]],[[120.6327548451503,23.24448160836369],[120.63289472441362,23.24667615999674],[120.63219854170573,23.24739575476487]],[[120.6327548451503,23.24448160836369],[120.63356026430797,23.244960153602317]],[[120.62737836784322,23.242232330405358],[120.62651892615668,23.242132522551337],[120.62523997270416,23.2430339385337]],[[120.62887517977616,23.241435690262502],[120.62737836784322,23.242232330405358]],[[120.60826289252792,23.220328246509126],[120.60812269842812,23.221009674256116],[120.60891874860725,23.221968829328492],[120.60767271060068,23.22247595641718],[120.60656723304177,23.223796132923976]],[[120.61274836354349,23.218429451885605],[120.61222982960183,23.218958198969634]],[[120.60386444652204,23.225193569028757],[120.60668335266799,23.220125678776917],[120.6073061179034,23.219826969021916],[120.60826289252792,23.220328246509126]],[[120.61219840863542,23.21899876110918],[120.61184126250757,23.220495118393604],[120.61248076152852,23.221097197747515],[120.61151389600033,23.222720236896915]],[[120.62395213236586,23.22182473597935],[120.6246635907912,23.220589293074795]],[[120.62224021134804,23.221488799963772],[120.62169735524256,23.22270883117903],[120.62198254307262,23.224380088976766]],[[120.61650665413725,23.218702753447946],[120.61740861678518,23.217309779378066],[120.61791807858333,23.21395404927904],[120.61870213888898,23.212879092039596]],[[120.62195195915372,23.22061218657148],[120.62224021134804,23.221488799963772]],[[120.60437968695626,23.209888821705462],[120.60480893052095,23.210282708837557],[120.6044966218985,23.211239118783148],[120.60526717467995,23.21223662140884],[120.60586995151533,23.21223812973604]],[[120.62093374081093,23.217799116062846],[120.62094725297861,23.220131185451685],[120.62195195915372,23.22061218657148]],[[120.62395213236586,23.22182473597935],[120.62267839500996,23.218406046109916],[120.62136722578786,23.217021302296583]],[[120.62727512280446,23.22332934865174],[120.6298180214135,23.225999219399274]],[[120.62727512280446,23.22332934865174],[120.62773450011419,23.221989451227213],[120.62755506961031,23.21821216175486]],[[120.62195195915372,23.22061218657148],[120.62307792249064,23.222131938838782],[120.62294290290066,23.223212977701312]],[[120.6246635907912,23.220589293074795],[120.62562285714688,23.217155588782525]],[[120.62136722578786,23.217021302296583],[120.62093374081093,23.217799116062846]],[[120.60865251422037,23.20434214085171],[120.61027392383029,23.204861775611985],[120.61113992747046,23.205760272964543],[120.61442551218451,23.20588795679177]],[[120.60774764350671,23.204419796473747],[120.60857923594729,23.20433269189267]],[[120.60678483570693,23.203722084290206],[120.60636742914839,23.202863189365384]],[[120.62622467964492,23.22693441539888],[120.6260815989954,23.223005961606646]],[[120.60953869616735,23.214617217648975],[120.60875358674268,23.21572413594817],[120.6088740769554,23.218498897011443],[120.60826289252792,23.220328246509126]],[[120.60899601406938,23.213469497028218],[120.60948792389544,23.214077098616755]],[[120.63067920876455,23.22554521055479],[120.63075332724455,23.225084845384053]],[[120.60437968695626,23.209888821705462],[120.60389249278526,23.21178618748343],[120.6019111160589,23.21292804690209]],[[120.62785106344016,23.227525212899],[120.62727512280446,23.22332934865174]],[[120.62136722578786,23.217021302296583],[120.6205124457909,23.214865562343626],[120.62033284444965,23.211706833447057],[120.61972276806391,23.21086556462703],[120.6200269767244,23.20981879662727]],[[120.6160510677602,23.20763272165908],[120.61515503786339,23.208224365425593],[120.6146925906897,23.2078732720694],[120.61442551218451,23.20588795679177]],[[120.60629473246013,23.202081909138574],[120.60631487912748,23.20208195927034]],[[120.60564806234242,23.201978710808515],[120.60629473246013,23.202081909138574]],[[120.62093374081093,23.217799116062846],[120.62075412704965,23.217101106223375],[120.6194891828069,23.2177211521345],[120.61985648911154,23.21692286522134],[120.61973218258001,23.214538603593464],[120.61870213888898,23.212879092039596]],[[120.63045598643276,23.225937500949062],[120.63067920876455,23.22554521055479]],[[120.63067920876455,23.22554521055479],[120.63145716734584,23.226343938021767],[120.63205251149154,23.226076677525594]],[[120.60222895548172,23.202597753549934],[120.60211403536987,23.201859264027924],[120.60391701003093,23.20092916935815]],[[120.60694340219193,23.200081624393427],[120.60754802554894,23.201008184979756],[120.60818179391254,23.20093525505375],[120.6093022056082,23.201947139438374]],[[120.60685109677911,23.20002443965253],[120.60688737077844,23.20004691200953]],[[120.60631487912748,23.20208195927034],[120.60699028104955,23.200925531922714],[120.60685109677911,23.20002443965253]],[[120.60685109677911,23.20002443965253],[120.60671310112073,23.199184316463164]],[[120.60503429920466,23.206217021823925],[120.60609789914511,23.205535549062297]],[[120.62376382465274,23.225869793587893],[120.62423054335119,23.22623436664809]],[[120.6298180214135,23.225999219399274],[120.63045598643276,23.225937500949062]],[[120.63045598643276,23.225937500949062],[120.63096064999982,23.226751394483124],[120.63206016260771,23.226611732478137]],[[120.62785106344016,23.227525212899],[120.62929039676328,23.226930347018858],[120.6298180214135,23.225999219399274]],[[120.62423054335119,23.22623436664809],[120.62467575844315,23.22606385154704],[120.62622467964492,23.22693441539888]],[[120.6237473660272,23.226917250529635],[120.62423054335119,23.22623436664809]],[[120.60562576282923,23.19625008732975],[120.60664223597439,23.19510486745071],[120.60824189411589,23.194937257904627]],[[120.61442551218451,23.20588795679177],[120.61411415036147,23.204597967269788]],[[120.60399868889549,23.1964550410541],[120.6055614177776,23.196252661750023]],[[120.60162392844117,23.18720226055828],[120.60141369704695,23.187777404208568],[120.60055943622784,23.187856525847316]],[[120.60495697807495,23.18799847864435],[120.60668027983571,23.18698235193698]],[[120.62622467964492,23.22693441539888],[120.62679491365199,23.227570131057277],[120.62785106344016,23.227525212899]],[[120.59763048349835,23.17904246974419],[120.59807929501608,23.17790580724534],[120.59765422892696,23.1775841597538]],[[120.60953664856909,23.214114927471346],[120.60957893867658,23.214594530788343]],[[120.60222895548172,23.202597753549934],[120.60189725237892,23.204782200673705]],[[120.60071220484662,23.204431547080958],[120.60222895548172,23.202597753549934]],[[120.60767742028904,23.202717450051647],[120.60636742914839,23.202863189365384]],[[120.60915102374422,23.20850321119949],[120.60989452865991,23.209568439497613],[120.61074161043385,23.208884185070744],[120.61212693593797,23.208919186606565]],[[120.59044760107615,23.175418811711054],[120.59071173429801,23.174600004449136]],[[120.60704335571155,23.207856737641773],[120.60685794362597,23.209378046960932]],[[120.60664440693657,23.207785748871032],[120.60629039705438,23.20964301931021],[120.60522059596973,23.211238676058837],[120.60544299295975,23.211993248256793]],[[120.60924460804056,23.208216693757667],[120.60948381225352,23.207756677638844]],[[120.6112567323672,23.2160350744234],[120.6108611971216,23.215343304570425],[120.61205309037747,23.21359214263236],[120.61208881836502,23.212206103844217],[120.6154206807883,23.209888956013394],[120.6160510677602,23.20763272165908]],[[120.5890984542579,23.175279876349723],[120.59071173429801,23.174600004449136]],[[120.60233656483219,23.173814583899865],[120.60068759740206,23.174365796866173],[120.59896441726804,23.173988955913376],[120.59825905934925,23.17321734967982]],[[120.5934441230634,23.171550126489244],[120.5943874189022,23.169645099023928]],[[120.59071173429801,23.174600004449136],[120.59158336103184,23.17387531910837],[120.59227354834323,23.1721274965855],[120.59339429069037,23.17158014830288]],[[120.6200269767244,23.20981879662727],[120.62013773906523,23.209313373410396],[120.62144280987678,23.208618836934296],[120.6216782021992,23.207574014612174]],[[120.61870213888898,23.212879092039596],[120.61779965359445,23.21259472597808],[120.61797019982353,23.211642456275936],[120.61680387721684,23.208702512991362],[120.61692129265901,23.207666438943498],[120.6165275997262,23.207231976789792],[120.6160510677602,23.20763272165908]],[[120.60597151819768,23.206867374704895],[120.6046111203458,23.20840157566424],[120.60437968695626,23.209888821705462]],[[120.59954293205196,23.21049523403506],[120.60073788234767,23.209762294811775],[120.60213797497212,23.209673257855243],[120.60263354181144,23.20874885300106],[120.6044043273611,23.20822494333371],[120.60503429920466,23.206217021823925]],[[120.60255626574464,23.207497803524014],[120.6043020296683,23.20624679643747],[120.60503429920466,23.206217021823925]],[[120.6081988541355,23.203286646409556],[120.60772920300761,23.20271757855432]],[[120.61249058243004,23.202347783185754],[120.61120443618186,23.20329504878281],[120.60867645968214,23.203850948700964],[120.60823029461022,23.203328757516605]],[[120.60636742914839,23.202863189365384],[120.60629473246013,23.202081909138574]],[[120.6260815989954,23.223005961606646],[120.62676707933672,23.221987172026115],[120.6267535133954,23.220966731431243]],[[120.62224021134804,23.221488799963772],[120.62265030142188,23.22251695873498]],[[120.6260815989954,23.223005961606646],[120.62599169888881,23.222520378129758],[120.6250441498001,23.223622071210578],[120.62395213236586,23.22182473597935]],[[120.58205466754943,23.150008561219337],[120.58206281556068,23.15]],[[120.58631037954181,23.156130902087273],[120.58688144144467,23.155902117811358]],[[120.62356046925416,23.227656669302636],[120.62374265518693,23.226922062039275]],[[120.62830006671089,23.230653132502162],[120.62798931429792,23.23170873967431],[120.62831718520036,23.232476188408764],[120.62910205113906,23.232511007929478],[120.62880580555426,23.233178063308817],[120.62955386122104,23.23360025551278],[120.63063782170617,23.235550042584613],[120.63159967383785,23.23246738791556],[120.63296126372593,23.23270078785687],[120.63419660946008,23.231995278262037],[120.6355424238089,23.232369366322548],[120.63584851442971,23.231356076874416],[120.63742242202214,23.231061073262236],[120.64050466427969,23.231300796816743]],[[120.61516987794533,23.241949502065033],[120.61302547856901,23.24556916127752]],[[120.61524842142069,23.24177477667513],[120.61534259468226,23.243618168456916],[120.61469293646202,23.244614405099906]],[[120.62364476048523,23.23348552878561],[120.62250820759645,23.233321791276175]],[[120.62506046681216,23.232895154147926],[120.62453624956652,23.23235299021323],[120.62409796563782,23.232609257091568],[120.62321326247353,23.23446497412464]],[[120.62422669218668,23.23065251396981],[120.62525956744051,23.230735900047282],[120.625417857371,23.230041579499666],[120.6270903610851,23.23076774319891],[120.62830006671089,23.230653132502162],[120.6301450046608,23.229848683708845]],[[120.6278917694697,23.23837141405354],[120.62838177256393,23.23631087499631]],[[120.62762885803575,23.238345895046084],[120.62849175861824,23.23846901488681],[120.62931198513277,23.237288437083627]],[[120.6319668634042,23.243031593873],[120.63065007932242,23.242820578246704],[120.63004952172622,23.241959261472648]],[[120.630019478634,23.24195677611859],[120.6293062376742,23.241542076303574]],[[120.63296781025176,23.250942523829185],[120.63240710036165,23.2505007369563]],[[120.63198235075333,23.243106611823563],[120.6327548451503,23.24448160836369]]]}},{"type":"Feature","properties":{"NAME":"後壁坑","FROM":""},"geometry":{"type":"MultiLineString","coordinates":[[[120.4490724719027,23.153461968065372],[120.45022122536952,23.154799652231144]],[[120.45587139152032,23.16431081515722],[120.45546626488265,23.164189846428798]],[[120.45546626488265,23.164189846428798],[120.45595170476845,23.163353941782688]],[[120.44901017437694,23.153548445834097],[120.4490724719027,23.153461968065372]],[[120.45595170476845,23.163353941782688],[120.45682497916383,23.16306559069921]],[[120.45000702821602,23.157135598918863],[120.44948887284767,23.156781736319346],[120.44897572749844,23.153576798606558]],[[120.4490724719027,23.153461968065372],[120.44888211252938,23.15261480613162],[120.44956525205063,23.151929674253104]],[[120.45595170476845,23.163353941782688],[120.45433901023843,23.1612769528177]],[[120.45195245444292,23.159744787013707],[120.45152503480105,23.15959213699114]],[[120.45065975980026,23.155155383545612],[120.4543500786811,23.156565176839106],[120.45618818905487,23.156313832070552],[120.456636858404,23.157177632425253]],[[120.45425366284275,23.16123117622813],[120.45278313176661,23.161648240961995],[120.452381106725,23.16102613736339]],[[120.44951396969535,23.151886749987995],[120.44976746902461,23.150915617532892],[120.44936612018601,23.15]],[[120.45020396672047,23.15483480513252],[120.4506150686264,23.15517743059477]]]}},{"type":"Feature","properties":{"NAME":"思樣子坑","FROM":""},"geometry":{"type":"MultiLineString","coordinates":[[[120.43010352203038,23.16856813418247],[120.43000690816086,23.169531643582374],[120.43051489871752,23.169939690264165]],[[120.4267389256783,23.16981838887925],[120.42739338562123,23.171441335162214]],[[120.43700800075126,23.17061386092385],[120.43885956359524,23.1712362441257]],[[120.43668169659104,23.171396054547614],[120.43700800075126,23.17061386092385]],[[120.43664625490996,23.170028034312182],[120.43700800075126,23.17061386092385]],[[120.43478789107671,23.170003834309547],[120.43466819056573,23.17125394250811]],[[120.43051489871752,23.169939690264165],[120.431192818592,23.17018128069499]],[[120.43051489871752,23.169939690264165],[120.43111203270611,23.170975548895623]],[[120.41926309577154,23.165919205344803],[120.41870418886697,23.16658766438646],[120.42038199913316,23.167006548170992],[120.42035696697356,23.16834950930486],[120.42280365537366,23.167233860075797],[120.42409021037146,23.16855877393686],[120.42473761788332,23.168256276457868],[120.42569729513232,23.169510084669124],[120.4267389256783,23.16981838887925]],[[120.43478789107671,23.170003834309547],[120.43530558360176,23.169815939281293],[120.43570388976096,23.170347708854983],[120.43664625490996,23.170028034312182]],[[120.43664625490996,23.170028034312182],[120.43764411728485,23.168428651399807]],[[120.43869829357826,23.168052904593388],[120.44044931641213,23.169562166705322],[120.44037963368702,23.170805709774854],[120.44112105741863,23.171828509494972],[120.44265031223809,23.171650803792776],[120.44391333052934,23.172422528160542]],[[120.43764411728485,23.168428651399807],[120.43869829357826,23.168052904593388]],[[120.43869829357826,23.168052904593388],[120.43934020145964,23.167468210930227]],[[120.4267389256783,23.16981838887925],[120.42811490240142,23.16932876609018],[120.42733032322455,23.168495413647953],[120.42852899768359,23.168325705278427],[120.42907921486778,23.167384060788105],[120.42940944479925,23.168735039500437],[120.43010352203038,23.16856813418247]],[[120.43010352203038,23.16856813418247],[120.43055340114333,23.16859676728228],[120.43056528352115,23.16786320335464],[120.43111112119041,23.16785830680078],[120.43136236554271,23.167251959257783],[120.43229301265187,23.167142284701757],[120.4323677986726,23.16779941289229],[120.43291229862386,23.167234696073972],[120.4333609840367,23.16817751784151],[120.43379630702964,23.167971312355856],[120.433914413363,23.1687301281432],[120.43500448129413,23.169173888827846],[120.43478789107671,23.170003834309547]]]}},{"type":"Feature","properties":{"NAME":"急水溪","FROM":""},"geometry":{"type":"MultiLineString","coordinates":[[[120.26780327889048,23.259172855110016],[120.26990525173485,23.26044421210253],[120.27024083240488,23.261100280635233]],[[120.35316065884983,23.313308432088228],[120.35318624322561,23.31327374595316]],[[120.35223119369955,23.313680650350605],[120.35310431792792,23.313384816569666]],[[120.18567502514493,23.26627275261425],[120.18325267533156,23.265844727382667]],[[120.35798094819047,23.316446412853388],[120.35868578108183,23.317004543921833]],[[120.37750449668786,23.325676956264637],[120.37816777429964,23.326864726902375],[120.37769482004565,23.32795312830828],[120.37826980391888,23.328914810336187],[120.37985908531934,23.329117566693807],[120.37947633972838,23.330044864905343]],[[120.20107883629932,23.259747269069095],[120.20048306399346,23.25839142391982]],[[120.20467442889853,23.253196965920857],[120.20493842518913,23.25268597352267],[120.20644108220469,23.252578577981048]],[[120.34412652922458,23.310667331998765],[120.34366037825099,23.310614458649916]],[[120.35318624322561,23.31327374595316],[120.35320750811397,23.312298786892402]],[[120.38518163110716,23.33110717915689],[120.3839527666743,23.331332552516436]],[[120.25265181569864,23.257957442326905],[120.25461736038349,23.257549231615876],[120.25581453631324,23.257008734855702],[120.2556836412012,23.25643937551683],[120.25714519841614,23.2562206018735]],[[120.16720532536618,23.27751680548063],[120.16635525165586,23.278302236725164]],[[120.37811408248885,23.33506554189165],[120.37857160572355,23.333651991971745]],[[120.17187547408751,23.27816483785262],[120.17146307654882,23.2777021717436],[120.16743881298272,23.278012381679908],[120.16720532536618,23.27751680548063]],[[120.16709268734513,23.277102876918676],[120.16691633356523,23.276639468450938]],[[120.15592117566005,23.28097235182647],[120.15610077072222,23.280925930283672]],[[120.40188897732133,23.331655592392288],[120.40220479061503,23.33143107316092],[120.40163090812116,23.330758424072798]],[[120.18022711293575,23.272785315431697],[120.18057031905283,23.272252177228086],[120.18005983778343,23.27114801727783],[120.18052558762045,23.27047783961734]],[[120.38025463724783,23.336360826787907],[120.37912058805517,23.334981532623946],[120.37823919373677,23.334880935367067],[120.37857160572355,23.333651991971745]],[[120.17795066102244,23.26978034119948],[120.18098842134081,23.26968350584134],[120.18325383588956,23.26725994649564],[120.18491505643317,23.26695943870563]],[[120.37857160572355,23.333651991971745],[120.37788353073407,23.33306908610734],[120.37933594359394,23.330221573384673]],[[120.34616896005558,23.313477673035514],[120.3461583273297,23.313474813051446]],[[120.25745207542582,23.256168918817668],[120.25847487451001,23.255089392196275],[120.25995333750308,23.25455017822933]],[[120.3460874088059,23.313455737406212],[120.34555922790413,23.31155664985085],[120.34474459275918,23.310912310243413]],[[120.20545805491358,23.25188965047788],[120.20657928790504,23.25066306038907]],[[120.25714519841614,23.2562206018735],[120.25717070619416,23.256217427831782]],[[120.20220599404114,23.2613931644044],[120.2021917465632,23.26137959099337]],[[120.31304110904755,23.299025034010096],[120.31172164718235,23.298236172760834],[120.31134277384149,23.297008842744095]],[[120.31134952624457,23.296932146020044],[120.31107068394758,23.296193003523623]],[[120.1557055095819,23.28170025079571],[120.15631008304372,23.282148216236344],[120.15683633839696,23.28171995960668],[120.15670972967214,23.280750931856765],[120.15733355966887,23.28037286460103],[120.15724724296068,23.27965009142127],[120.16387576089764,23.276882640197755]],[[120.16720532536618,23.27751680548063],[120.16711039241129,23.27715509849565]],[[120.36188508353291,23.328092060721268],[120.36188423604135,23.328077894747747]],[[120.34474459275918,23.310912310243413],[120.34426082200534,23.310683711961797]],[[120.17296770731426,23.274468947355334],[120.17275888807511,23.273883229805374],[120.17338539336205,23.272936320259785]],[[120.37455077506361,23.323635737656566],[120.37595941408078,23.323738484332168],[120.37746857614786,23.324509784913733]],[[120.37421165216816,23.325126448206152],[120.37455077506361,23.323635737656566]],[[120.3706000988367,23.325414287285195],[120.37049797225305,23.324610268515087],[120.37156689731124,23.32309092592002]],[[120.20560955190193,23.255998243930577],[120.20478488455089,23.254170319961013],[120.20398183346462,23.253698983805837]],[[120.37246483196742,23.32166343428578],[120.37455077506361,23.323635737656566]],[[120.25995333750308,23.25455017822933],[120.26060310250186,23.254343339391713]],[[120.36188119615987,23.32802708259207],[120.3612832751999,23.327823216501972],[120.36094124902878,23.32650798443237]],[[120.35858390174292,23.316342794635894],[120.35963558006196,23.31641705809163],[120.3601859392763,23.317532103982597],[120.36108791771704,23.317192724194868],[120.36136505059109,23.31578767233247],[120.363931269786,23.315739499571695]],[[120.38384338658295,23.331390809762475],[120.38215765038521,23.331415706681685],[120.38316531601767,23.331049507724032],[120.38290897940553,23.330100393566735]],[[120.17790685203029,23.27174381178476],[120.17790521459344,23.271811517184428]],[[120.17790685203029,23.27174381178476],[120.17948776955038,23.271921464771705]],[[120.25995333750308,23.25455017822933],[120.25993611951573,23.25615475060817],[120.26051644430162,23.256268064288452],[120.26054410108566,23.257058107401946]],[[120.2153882822495,23.257799470264782],[120.21518923072801,23.255047159671697]],[[120.3794385558413,23.33009242133229],[120.37933594359394,23.330221573384673]],[[120.36191412521919,23.32837435813667],[120.36188508353291,23.328092060721268]],[[120.20215762107102,23.261347080005674],[120.20111075775073,23.259783393220474]],[[120.18758784140921,23.261621865084987],[120.18758815214304,23.261615382652078]],[[120.18759094059807,23.261557210728263],[120.1866718193649,23.26014091561373]],[[120.34902715347218,23.316670075311805],[120.34871887996425,23.317553103524062]],[[120.34795907298155,23.315335780275124],[120.34897948557091,23.31577553700457],[120.34911506835603,23.31635535664804]],[[120.34384981009877,23.31918245816691],[120.34475389321439,23.31982805797915]],[[120.28460935150692,23.273043897044605],[120.28323365842024,23.271884406676786],[120.28073157023826,23.27207399046169]],[[120.35703527384514,23.31466689128437],[120.35858390174292,23.316342794635894]],[[120.35701462169445,23.314553305899047],[120.35701469426687,23.314565191032447]],[[120.26915018240967,23.261600810735157],[120.26916141994754,23.26221927132518],[120.27082554435518,23.263811302845014],[120.27075348413291,23.264903320906914],[120.27141287447428,23.266402694342162],[120.2736969993081,23.266013694061698]],[[120.17597328108567,23.27283275267636],[120.17550118751159,23.271349552644207],[120.17484615686202,23.270905917046292]],[[120.35623921858533,23.312972456881567],[120.35701462169445,23.314553305899047]],[[120.34322875961955,23.318162799773486],[120.34375316945855,23.318969373799554]],[[120.35559715130401,23.316258343098504],[120.35798094819047,23.316446412853388]],[[120.35798094819047,23.316446412853388],[120.35858390174292,23.316342794635894]],[[120.20399152392027,23.252990320618373],[120.20505914100644,23.252621139559743],[120.20545805491358,23.25188965047788]]]}},{"type":"Feature","properties":{"NAME":"柚子腳坑","FROM":""},"geometry":{"type":"MultiLineString","coordinates":[[[120.61934090919195,23.185956773922527],[120.61987425794203,23.185441077946745]],[[120.61934090919195,23.185956773922527],[120.61905898884277,23.18545492202411],[120.61939353070878,23.184873280667063],[120.62044017393765,23.18495480616848],[120.6214040887825,23.184309198596768]],[[120.6214040887825,23.184309198596768],[120.62152126054907,23.181616262056792]],[[120.6214040887825,23.184309198596768],[120.62417067400602,23.1832728277541],[120.62565546311474,23.18382509773308],[120.62675527701379,23.18268775877367],[120.6298450544638,23.182674927043124],[120.63066303978337,23.182069553994534],[120.63184764935706,23.182027157862397],[120.63241077580905,23.18131507882458],[120.63392510739753,23.181503701380784],[120.6349779791351,23.182616844658266]],[[120.61717346762372,23.188890867038623],[120.61817254285354,23.188137003121724],[120.61774460556322,23.187727356046025],[120.61826098820183,23.18727709351449],[120.61816625689163,23.186588315324077],[120.61934090919195,23.185956773922527]]]}},{"type":"Feature","properties":{"NAME":"柚子頭溪","FROM":""},"geometry":{"type":"MultiLineString","coordinates":[[[120.50530374280719,23.339092203247688],[120.50573335826097,23.33842971959594],[120.50546098684978,23.33777193970787]],[[120.50542514247769,23.333433192099587],[120.50626187960856,23.331972876761597],[120.50673619879325,23.32886814481666]],[[120.50688667053211,23.328794122963213],[120.50673619879325,23.32886814481666]],[[120.50688667053211,23.328794122963213],[120.50748051143724,23.328042007548927],[120.5072940778926,23.32692625026766],[120.50821063499747,23.32688623688587],[120.50903472167329,23.32608968875795]],[[120.50430820987748,23.339984434908708],[120.5046133640854,23.339148536512454],[120.505233170976,23.339115903550134]],[[120.51494238658455,23.324747254526393],[120.51695633860379,23.324986097947406],[120.52035798051885,23.324082283198237],[120.5214004338093,23.32332922986501],[120.52376622031615,23.323663757779528],[120.5255417040149,23.323323751244043],[120.52656622452984,23.322579631430415],[120.52848377559553,23.322829196443514],[120.52998162711818,23.323964644179174]],[[120.52223725111693,23.321051676668155],[120.52411026782264,23.321450213084145],[120.52858258468939,23.319732020159115],[120.52931708833839,23.31904335451404]],[[120.52294165403126,23.32063388224018],[120.5239992872793,23.319691104984013]],[[120.50432881504408,23.340280881095055],[120.50431259121267,23.340047469044517]],[[120.52294165403126,23.32063388224018],[120.52600455361952,23.319927461365044]],[[120.52223725111693,23.321051676668155],[120.52294165403126,23.32063388224018]],[[120.50393845742873,23.33598953034608],[120.5041198429287,23.334830747831887],[120.50529332410505,23.334541016281637],[120.5052959366171,23.333548163367755]],[[120.51494238658455,23.324747254526393],[120.51780749923621,23.322808043941517],[120.51969605314987,23.322953800799464],[120.52223725111693,23.321051676668155]],[[120.50215418507447,23.33761240268136],[120.50384160480075,23.336014649247897]],[[120.50826781233651,23.329828524935554],[120.50688667053211,23.328794122963213]],[[120.50927845337299,23.33140219038572],[120.50830892747848,23.329878913722023]]]}},{"type":"Feature","properties":{"NAME":"柚仔坑溪","FROM":""},"geometry":{"type":"MultiLineString","coordinates":[[[120.46903088909818,23.23562325056459],[120.46793500254772,23.235883712902925],[120.46602954063685,23.234829982758335]],[[120.46242624317092,23.23584724323184],[120.46308623141778,23.235962322439306]],[[120.46698224367213,23.234115338225156],[120.46558510926461,23.2314515947164]],[[120.46054607222018,23.234412071374745],[120.46024851472626,23.233713572686284]],[[120.4706702701854,23.232179521878294],[120.47149980730117,23.231895582522196],[120.474061722162,23.23310941844907]],[[120.46698224367213,23.234115338225156],[120.46816405273182,23.234232133418605],[120.46812483207316,23.233220734019152],[120.46884696963332,23.233405972363002],[120.46997720617902,23.231904096694787],[120.4706702701854,23.232179521878294]],[[120.46048715794767,23.236870043814967],[120.46003515076852,23.235681195897218],[120.46014324791813,23.23446714748899],[120.46054607222018,23.234412071374745]],[[120.46602954063685,23.234829982758335],[120.46486820456992,23.23504280448698],[120.46458727056957,23.236010240673153],[120.46388479810285,23.235497742411685],[120.46327687433553,23.236010364972636]],[[120.46602954063685,23.234829982758335],[120.46755015114637,23.23460706059874],[120.46698224367213,23.234115338225156]],[[120.4706702701854,23.232179521878294],[120.47065652003724,23.23090635569029],[120.47200481926228,23.230432251934698]],[[120.46024851472626,23.233713572686284],[120.46077403873498,23.234074246951923],[120.46054607222018,23.234412071374745]],[[120.46054607222018,23.234412071374745],[120.46108366110116,23.235251328168705],[120.46246443198699,23.235657759858416]],[[120.45782035482216,23.230143414347957],[120.45903472140574,23.230865322533223],[120.45909886200272,23.23185196661211],[120.45974813578053,23.23200539054165],[120.46024851472626,23.233713572686284]]]}},{"type":"Feature","properties":{"NAME":"泉州厝溝","FROM":""},"geometry":{"type":"MultiLineString","coordinates":[[[120.59601184547543,23.47685842343722],[120.59921460189788,23.47618520023721],[120.60061079151325,23.47673745601578]],[[120.59365815838589,23.479730021798566],[120.59740199619368,23.480435703468547],[120.60039819439088,23.480377259989865]],[[120.60131418724342,23.474064216471323],[120.60280835536102,23.47419217513838]],[[120.5871404742681,23.480078282650812],[120.5878815879822,23.479461860213537]],[[120.60240007005055,23.472359069807414],[120.60495505054459,23.472334688913765]],[[120.58378715967926,23.481240389529287],[120.58323112386147,23.47937105939101],[120.58362045891286,23.478660067822165]],[[120.6004369082649,23.480378252181268],[120.60154163641573,23.480462959413977]],[[120.5878815879822,23.479461860213537],[120.58672034655393,23.477452060225]],[[120.5878815879822,23.479461860213537],[120.59076578903226,23.476970662720547]]]}},{"type":"Feature","properties":{"NAME":"洗布埤","FROM":""},"geometry":{"type":"LineString","coordinates":[[120.35915212065132,23.240508988519142],[120.35911322953177,23.24044112194334]]}},{"type":"Feature","properties":{"NAME":"炭寮坑","FROM":""},"geometry":{"type":"MultiLineString","coordinates":[[[120.54342806035014,23.210514471394344],[120.5450134546242,23.210102565501888],[120.54547115445416,23.208580042720577],[120.54651347523935,23.208122522905064],[120.54686270809978,23.207092376529292]],[[120.54131243328776,23.21056488421304],[120.54336392736379,23.210510811562255]],[[120.55976455651215,23.207676446353812],[120.56162504903229,23.20817363208159],[120.56201560066023,23.206346342064567]],[[120.56194528098703,23.206377750050393],[120.56201560066023,23.206346342064567]],[[120.55954537662323,23.206292194610594],[120.56194528098703,23.206377750050393]],[[120.54682801617562,23.206554870172763],[120.54811061893099,23.206395993755475]],[[120.56201560066023,23.206346342064567],[120.56263966315355,23.20591692376706],[120.56389625358038,23.20616189391663],[120.56799648350095,23.20227829200196]],[[120.55753402316101,23.205897112560812],[120.55842058387707,23.20670222113077]],[[120.54126819727664,23.21013942271729],[120.54108386674712,23.208388139305164],[120.53905655277637,23.207357569836198],[120.53882732566105,23.206575888511257],[120.53826462863567,23.20672550465276],[120.53773996873835,23.20605357673836],[120.53703570334004,23.20648042569912],[120.53560982836157,23.206243792707735]],[[120.54131243328776,23.21056488421304],[120.54127572420794,23.210216991564696]],[[120.55824813419292,23.205232380237245],[120.55822328299111,23.205247866472128]],[[120.54682801617562,23.206554870172763],[120.54787016304005,23.20525332397535]],[[120.55817334790338,23.20528087406855],[120.55954537662323,23.206292194610594]],[[120.56810980580188,23.206862793378132],[120.56807659607234,23.205278923052912],[120.56973603266503,23.20512056826938],[120.57261319268994,23.20350957180126]],[[120.55724339801361,23.21010435831215],[120.55864190163645,23.20928049875465]],[[120.54816107010267,23.206394409212898],[120.54888685113671,23.206217627205586]],[[120.55729116121039,23.205843742785998],[120.55748189970728,23.20588565822648]],[[120.55609948347734,23.211438375570268],[120.5581139398384,23.21313935550047],[120.55885501303572,23.212829875153872],[120.55909453893597,23.212146516566925],[120.5603975727377,23.212127542575924],[120.56166385724013,23.21105420737026],[120.56272883788849,23.211282886314393],[120.56308986136752,23.21065152291215]],[[120.563114651236,23.210598587591864],[120.56404862214897,23.20985976582199],[120.56606277865639,23.209522123927773],[120.56714987568719,23.208396345706866],[120.56713574089159,23.207785146194976]],[[120.56712431670287,23.2077292760018],[120.56744185783103,23.20718933153698]],[[120.56750562081615,23.20716070282426],[120.56804543157085,23.206903927553334]],[[120.5597130724014,23.213583996036657],[120.56025831818647,23.214623949599165],[120.56139943439045,23.21482575812021],[120.56284462097585,23.21643707214802]],[[120.5597130724014,23.213583996036657],[120.56143298532758,23.213929624985475],[120.56159283285152,23.21306092877907],[120.56275496009103,23.213048322792577],[120.56455525081704,23.214644794534763],[120.56575675813873,23.214957352580097],[120.56736380146509,23.214185142411495]],[[120.55599213780945,23.211449363905487],[120.5557097539877,23.21180526069502],[120.55718929027573,23.213251919719536],[120.5597130724014,23.213583996036657]],[[120.55842058387707,23.20670222113077],[120.55954537662323,23.206292194610594]],[[120.55382310741777,23.21143879335155],[120.5552482494761,23.210483339871374],[120.55634298550733,23.210621840712076],[120.55719673065543,23.21013332621213]],[[120.55864190163645,23.20928049875465],[120.56009622419171,23.208663754573777],[120.55976455651215,23.207676446353812]],[[120.55842058387707,23.20670222113077],[120.55976455651215,23.207676446353812]],[[120.55864190163645,23.20928049875465],[120.55842058387707,23.20670222113077]],[[120.5468938639386,23.20705194432375],[120.54682801617562,23.206554870172763]]]}},{"type":"Feature","properties":{"NAME":"紅泉坑","FROM":""},"geometry":{"type":"MultiLineString","coordinates":[[[120.42135655414795,23.21867713137373],[120.42188805068758,23.217220791558614]],[[120.42181295924112,23.217151052166006],[120.42178161654756,23.21712711597872]],[[120.41679245738084,23.226252725719803],[120.41759016687278,23.226269163378348]],[[120.41797022224567,23.2160841751355],[120.41835251866118,23.216758172485065],[120.41949734071065,23.217247573507347],[120.42025348843906,23.216464812542096]],[[120.42025348843906,23.216464812542096],[120.42067684061958,23.21638056107372]],[[120.42025348843906,23.216464812542096],[120.42056315194708,23.21609575556046]],[[120.41759016687278,23.226269163378348],[120.41863009645958,23.225687466703782]],[[120.41875758717656,23.225098873795414],[120.41969037223936,23.22164288502771],[120.42086421849368,23.220202548937387],[120.42130673789929,23.21878773676781]],[[120.41862981723634,23.225616824288515],[120.41873397035316,23.225253551615257]]]}},{"type":"Feature","properties":{"NAME":"苧仔寮坑","FROM":""},"geometry":{"type":"MultiLineString","coordinates":[[[120.59497006889441,23.237429136366337],[120.59506499902378,23.235282482983873],[120.59427189472275,23.23175646875938]],[[120.598614172789,23.22794107435311],[120.59999001906662,23.225804460947153]],[[120.59427189472275,23.23175646875938],[120.59446233025764,23.23061014201877],[120.59546411767862,23.22981129450203],[120.59601760160847,23.228008957652854]],[[120.59178581467553,23.229447413362447],[120.59214490326937,23.227929035270556],[120.5951413237233,23.227137573373543]],[[120.59999001906662,23.225804460947153],[120.60006618145368,23.227551974297548]],[[120.59427189472275,23.23175646875938],[120.59363462143463,23.233093538230655],[120.59380088129818,23.23416854143885],[120.59294898387977,23.235441844698638]],[[120.59432302473559,23.228137811135774],[120.5951413237233,23.227137573373543]],[[120.59663426527811,23.226798246731256],[120.59688591322035,23.225591117350735],[120.59783175800625,23.224945618566313],[120.59796965791925,23.22393911669606],[120.5987796362623,23.223191678125342]],[[120.59188900815789,23.222634508014817],[120.59248972571069,23.221798517143426]],[[120.59282411053735,23.22416525257816],[120.59410885099362,23.224364955585248],[120.5987796362623,23.223191678125342]],[[120.60082241211711,23.227129508527646],[120.60112582279014,23.224405460798184],[120.60213810511281,23.22259752370751]],[[120.59999001906662,23.225804460947153],[120.60006540879138,23.223337187001462]],[[120.59568825592883,23.2122711704364],[120.59645397796848,23.21389175916238],[120.59863779994363,23.214820621785886],[120.60011334560953,23.214115495084386],[120.6015489339127,23.214313260212066]],[[120.5987796362623,23.223191678125342],[120.59998959832662,23.22335730966868]],[[120.5951413237233,23.227137573373543],[120.59663426527811,23.226798246731256]],[[120.59669487094364,23.216332686191656],[120.6015489339127,23.214313260212066]],[[120.59601760160847,23.228008957652854],[120.59663426527811,23.226798246731256]],[[120.5959442800516,23.216511350585645],[120.59311341927595,23.218495117472745],[120.59248972571069,23.221798517143426]],[[120.6015489339127,23.214313260212066],[120.60619017470704,23.215356570374208]],[[120.5959442800516,23.216511350585645],[120.59669487094364,23.216332686191656]],[[120.59248972571069,23.221798517143426],[120.59492804479885,23.22098530098027],[120.59632277105705,23.2194312264576],[120.59696042957057,23.21814837149772],[120.59669487094364,23.216332686191656]],[[120.59408766077622,23.216470441597234],[120.5959442800516,23.216511350585645]],[[120.59601760160847,23.228008957652854],[120.59406555674984,23.22889793177962],[120.59368752991121,23.229838343118537]]]}},{"type":"Feature","properties":{"NAME":"苦苓腳溪","FROM":""},"geometry":{"type":"MultiLineString","coordinates":[[[120.60379963809496,23.370484233212313],[120.60229058733084,23.37240439603201]],[[120.60226364669842,23.36885254256871],[120.59929070247863,23.367783702645777]],[[120.60226364669842,23.36885254256871],[120.60148421285348,23.369174361914357]],[[120.60470872876512,23.369579920419707],[120.60226364669842,23.36885254256871]]]}},{"type":"Feature","properties":{"NAME":"茄苳溪","FROM":"南崁溪"},"geometry":{"type":"MultiLineString","coordinates":[[[120.49996091434357,23.29195112715708],[120.50130063733366,23.292450419555802]],[[120.49813603574684,23.292115312460282],[120.49855177603365,23.292475560081],[120.4975395191158,23.293032168524224],[120.49768834631328,23.29470536619282]],[[120.5016751662328,23.293081417238206],[120.50119529965652,23.29322662862513],[120.49987134531536,23.291931269670997]],[[120.49813603574684,23.292115312460282],[120.49972650550731,23.291840576658412]],[[120.49487193744257,23.291728692736793],[120.49813603574684,23.292115312460282]],[[120.49410031146374,23.29142746420354],[120.49478121721467,23.291707477926167]],[[120.49236552888894,23.291363202287776],[120.49087763575288,23.292342627624066],[120.49044071733377,23.294065853646437],[120.49227201609489,23.294746714449925],[120.49514655603122,23.294722079376104]],[[120.47161047156712,23.283803235111343],[120.47249063146174,23.284196306863304],[120.47595652533126,23.284183028792455]],[[120.47081378197193,23.28408008011347],[120.4715308869714,23.283783487605326]],[[120.46688282928284,23.283572486232817],[120.4684575687036,23.285221135906777],[120.46948610198885,23.285477420596347],[120.46938693558663,23.28496918801366],[120.47081212301413,23.285188423695217],[120.4717163957709,23.284834797548466]],[[120.46688282928284,23.283572486232817],[120.47081378197193,23.28408008011347]],[[120.47153398009334,23.283438604894794],[120.47270856895503,23.283305388934032]],[[120.47081378197193,23.28408008011347],[120.4706651898702,23.28363037272062],[120.47145685502001,23.283440534098553]],[[120.4630280874645,23.280514292422534],[120.46495971027933,23.282850403031986],[120.4659573971816,23.282106610017554],[120.46688282928284,23.283572486232817]]]}},{"type":"Feature","properties":{"NAME":"倒踏坑","FROM":""},"geometry":{"type":"MultiLineString","coordinates":[[[120.64566629513445,23.637674640778044],[120.64487183778994,23.641611249622876]],[[120.63562438163733,23.62819057675343],[120.6348921217595,23.625364228838635],[120.63556412647992,23.62312243633793]],[[120.64372168193417,23.641912893453945],[120.64300080672429,23.642837044469616],[120.6430200616585,23.64471208968212],[120.64230000530571,23.64641327657172]],[[120.63919211013585,23.639455090962926],[120.6387592186424,23.640002759249185]],[[120.64426356998065,23.64142253793878],[120.64377376829874,23.641858405193112]],[[120.64296846649718,23.64350550830237],[120.64056359403511,23.6462780569168]],[[120.63873458207874,23.640071497724414],[120.63666468503477,23.644552245410377],[120.63657917875284,23.647122063391635]],[[120.64011937214504,23.6329668887698],[120.63777757256088,23.629697909251398],[120.63569081934288,23.628233597376934]],[[120.63903660835574,23.63926855402358],[120.63536854967698,23.63799649183821],[120.63303182070717,23.63471696588472]]]}},{"type":"Feature","properties":{"NAME":"凍子腳溪","FROM":""},"geometry":{"type":"MultiLineString","coordinates":[[[120.55328512480654,23.368970219476246],[120.5540805486667,23.369775357164546]],[[120.54632171243767,23.359470347427468],[120.54720306836818,23.358146248253227]],[[120.54980102830282,23.35101898706005],[120.550306774739,23.348530991039823],[120.55082698259363,23.348103621714415]],[[120.54786883701523,23.353223435625576],[120.54980102830282,23.35101898706005]],[[120.54435931678267,23.36835422828209],[120.54521511987238,23.369104545467458]],[[120.54435931678267,23.36835422828209],[120.54592314935904,23.368085864399347]],[[120.5508391344385,23.355399927148163],[120.55149988661834,23.355156241165588]],[[120.55373000516951,23.359661948642856],[120.55596459668321,23.35844799302839],[120.55766508614752,23.356415241715606]],[[120.55328512480654,23.368970219476246],[120.5541944201236,23.369270861195744]],[[120.54691220423888,23.36588886325572],[120.5500017120717,23.36552798877278],[120.55067267513422,23.365023294228127]],[[120.54403460514885,23.36761831236357],[120.5456441412253,23.36595322844414],[120.54691220423888,23.36588886325572]],[[120.55314562342653,23.34953153692237],[120.55395499661752,23.34856671480952]],[[120.5525676771219,23.368511985789613],[120.55328512480654,23.368970219476246]],[[120.53349601044475,23.36736110804699],[120.5336420920431,23.367064132788844]],[[120.54283042074437,23.367048361194172],[120.5428499313337,23.365498430648042]],[[120.5316598029849,23.37229011809676],[120.53254860660564,23.370818943082675]],[[120.54691220423888,23.36588886325572],[120.54980729483252,23.366569109773994],[120.5525676771219,23.368511985789613]],[[120.5525676771219,23.368511985789613],[120.55349016086211,23.370752659530478]],[[120.55067267513422,23.365023294228127],[120.55094312361294,23.36421230239275]],[[120.54286876640343,23.367282737784294],[120.54403460514885,23.36761831236357]],[[120.54403460514885,23.36761831236357],[120.54435931678267,23.36835422828209]],[[120.53803695462909,23.372137143007958],[120.53952584503726,23.37131383893449],[120.54050212940388,23.371792971075557]],[[120.55155012775457,23.355123542402243],[120.55508859059236,23.353711541131133]],[[120.55314562342653,23.34953153692237],[120.55308554047663,23.348529764123693]],[[120.54285742993106,23.365451130235066],[120.54283929701637,23.364223514916443],[120.54150159746371,23.361181107140002]],[[120.53917343624701,23.369667430509725],[120.53905781896394,23.366648117450968]],[[120.53290751462194,23.377210747498783],[120.53264282409778,23.37650972895683],[120.53160274939592,23.37590295878728],[120.53095270141513,23.374321444116905],[120.53095352066363,23.372829205943376],[120.53163241138225,23.372300844138085]],[[120.5508391344385,23.355399927148163],[120.55160415845064,23.355348353839997]],[[120.55094312361294,23.36421230239275],[120.55370257087189,23.359678027342976]],[[120.54050212940388,23.371792971075557],[120.54123014303914,23.37238569871305]],[[120.54885273415209,23.354301870168573],[120.54901294345638,23.353613374978615],[120.55314562342653,23.34953153692237]],[[120.54622339311862,23.358866361195712],[120.54578256422562,23.35812306977481]],[[120.53902841729662,23.366610758919308],[120.5386308460236,23.365140531601437]],[[120.5481045682228,23.356104282724406],[120.548858083247,23.35433720368015]],[[120.5469564278927,23.357310421922474],[120.54808956644015,23.35613468254112]],[[120.54231966683975,23.374445331861306],[120.54217875550458,23.373523806161312],[120.54123014303914,23.37238569871305]],[[120.54577852990995,23.358085941053783],[120.54616693780724,23.355352208667473],[120.54760176578036,23.354317025647124],[120.54784472732487,23.353254982693233]],[[120.54050212940388,23.371792971075557],[120.54318316405457,23.371086866495308]],[[120.55623153311238,23.362182262242357],[120.55863954744055,23.360498323867304]],[[120.54385590088016,23.3735245324989],[120.54323801128422,23.37279355278892],[120.54123014303914,23.37238569871305]],[[120.5493393510311,23.356060663398],[120.5508391344385,23.355399927148163]],[[120.54523429224882,23.36437628117953],[120.54632296099783,23.364426328705832],[120.5472048490109,23.363662572807087],[120.5473091571652,23.361706878828375],[120.54860638092892,23.359084669956772]],[[120.53744422816293,23.362492573337367],[120.53912050622331,23.360595175493536],[120.54038204104212,23.36038598416465]],[[120.5336450318805,23.366999238870154],[120.53594249801178,23.364847929144492]],[[120.53598656888853,23.364827026893913],[120.53739039083055,23.36250780319482]],[[120.55164358605965,23.355350892162072],[120.55497154428105,23.354290675734692]],[[120.54877883309621,23.356488270140385],[120.54930397903551,23.356072146157118]],[[120.54721673733009,23.358112799937782],[120.54823703110787,23.356596195710914],[120.54874925213231,23.35651150207873]],[[120.53250708066793,23.37074786130226],[120.53342586146226,23.367418595931024]],[[120.55094312361294,23.36421230239275],[120.55177859648452,23.363378180843238],[120.55545221476959,23.362942735758384],[120.55621673700658,23.362209334883445]],[[120.54980102830282,23.35101898706005],[120.54828265289201,23.349281331702635]],[[120.55067267513422,23.365023294228127],[120.55202274516495,23.364271587119813],[120.55516957787286,23.365381765680056]]]}},{"type":"Feature","properties":{"NAME":"埔頭溪","FROM":""},"geometry":{"type":"MultiLineString","coordinates":[[[120.70404964317912,23.156588651895778],[120.70377225257096,23.15525841883511],[120.70450676569376,23.153753971699278],[120.70418389859547,23.153168658807676],[120.70592509349746,23.15]],[[120.69172368665856,23.160850197983923],[120.69238893171195,23.157675077900564],[120.6934878310027,23.15664773546345],[120.69455249497287,23.153755559582507],[120.69677292944732,23.151495431482353],[120.69717405544829,23.15]]]}},{"type":"Feature","properties":{"NAME":"崁頂坑溪","FROM":""},"geometry":{"type":"MultiLineString","coordinates":[[[120.60991680343623,23.683609055071457],[120.61171125756375,23.681830055079462]],[[120.61171125756375,23.681830055079462],[120.61210298968393,23.681727437998852]],[[120.62223391570714,23.66639316371035],[120.62454441002888,23.666489105704727],[120.62546672092631,23.665644801528554],[120.62759786043692,23.665668022097375],[120.6296482095407,23.663810553573214]],[[120.62223391570714,23.66639316371035],[120.62265220794515,23.66565374400717],[120.62196132107142,23.664875483738868]],[[120.61171125756375,23.681830055079462],[120.61098931426277,23.68117601128006],[120.61100989623927,23.67931976500424],[120.6088434786557,23.677432814070393]],[[120.61387241976018,23.673126705127242],[120.61381832486934,23.672300632816917]],[[120.61382932552215,23.672259451646948],[120.61459556095609,23.671277413232684],[120.61567422748207,23.670869257424467],[120.6163903076141,23.6712502969846],[120.61672516468587,23.670607758801186],[120.61820736519094,23.670661106902937],[120.61855726364581,23.669411346413252],[120.62223391570714,23.66639316371035]]]}},{"type":"Feature","properties":{"NAME":"崁頂溪","FROM":""},"geometry":{"type":"MultiLineString","coordinates":[[[120.57151672630663,23.61884222411371],[120.5722150425,23.61855170103348]],[[120.57228984241995,23.618524968710922],[120.57538911390186,23.61889166018123]],[[120.57546801311577,23.618872021447842],[120.57556973180621,23.61884670265845]],[[120.56941560737779,23.62041439177309],[120.56996108851585,23.61931422463927],[120.57151672630663,23.61884222411371]],[[120.57378004350362,23.61967166565345],[120.57270203621,23.620047507946314]],[[120.5726196134032,23.620070711078032],[120.57143518591633,23.620869306972427],[120.56941560737779,23.62041439177309]],[[120.56899749962909,23.620763139695082],[120.56941560737779,23.62041439177309]],[[120.56294363678154,23.61594626990189],[120.56313815272112,23.61992713215942]],[[120.56314321790445,23.620020399665304],[120.56326357298042,23.622307279512853]],[[120.56312663690186,23.62259226656833],[120.56226835888086,23.623060369030238],[120.56239901286855,23.624113872679974],[120.56317419108402,23.625040280501842]],[[120.56045887784387,23.628902033764266],[120.56151335249537,23.627759892855632]],[[120.57151672630663,23.61884222411371],[120.57200994205814,23.617899310891996]],[[120.57207755148966,23.617862119216714],[120.57350589242789,23.616111820254474]],[[120.57358243571798,23.61608692356653],[120.57374668481066,23.616087378510123]],[[120.57390382047723,23.616087813304603],[120.57582192697144,23.615359382762374]],[[120.56347589531578,23.613737800155835],[120.56292859510759,23.61585022284547]]]}},{"type":"Feature","properties":{"NAME":"格仔坑溪","FROM":""},"geometry":{"type":"MultiLineString","coordinates":[[[120.48074794526501,23.21284225151423],[120.48058982011628,23.213223235624763],[120.4815034440693,23.21360089537038],[120.48050043416048,23.21432227826445],[120.4807986688022,23.215325848721534]],[[120.48085461866552,23.215478251358732],[120.48168073436047,23.217168087507098],[120.48163495485224,23.218319189591238],[120.48111889105135,23.218920237772473],[120.48189568982411,23.219818907882328]],[[120.48074794526501,23.21284225151423],[120.48247146226797,23.212924539482223],[120.48258317754568,23.21219577086343],[120.48442261145735,23.214707336950323]],[[120.478309522874,23.209221832179427],[120.47817820479429,23.210256066732885],[120.47905565322992,23.210434973661368],[120.47933117821866,23.211433612509644],[120.47958173354469,23.210955861558098],[120.48001244830688,23.211160411358744],[120.47971789008984,23.211879558147146],[120.48095934921668,23.21234405596293],[120.48074794526501,23.21284225151423]],[[120.47824132848092,23.209161455393865],[120.47825138835185,23.20917036203515]]]}},{"type":"Feature","properties":{"NAME":"桃仔腳導水線","FROM":""},"geometry":{"type":"MultiLineString","coordinates":[[[120.49460570477552,23.592581200224572],[120.49607295876994,23.59178549734979],[120.49917823179882,23.591695747435114]],[[120.4924637152379,23.5916826516413],[120.49403038684972,23.59272048003264],[120.49460570477552,23.592581200224572]]]}},{"type":"Feature","properties":{"NAME":"桃源溪","FROM":""},"geometry":{"type":"MultiLineString","coordinates":[[[120.74812324750603,23.17298446933986],[120.75,23.172129973928534]],[[120.74812324750603,23.17298446933986],[120.74742486666064,23.17280726366439],[120.74660017753492,23.173609693848476],[120.74425709733215,23.174014607046317],[120.74261694812728,23.17567587510503],[120.73958404236889,23.17760553160478]],[[120.74532402445325,23.18307437584435],[120.74623920430709,23.182204379021098],[120.74612069796189,23.178023061042996],[120.74772442843917,23.176664119387812],[120.74703279726818,23.174337418769753],[120.74812324750603,23.17298446933986]],[[120.73958404236889,23.17760553160478],[120.7386768056465,23.178805160843694],[120.73454911895709,23.18065649066731]],[[120.74071237407385,23.169342307250417],[120.74281154921373,23.168751977347874],[120.74402449319332,23.16771766702497],[120.75,23.167091247642027]],[[120.73679396412739,23.177648132141375],[120.73958404236889,23.17760553160478]]]}},{"type":"Feature","properties":{"NAME":"海豐崙溪","FROM":""},"geometry":{"type":"MultiLineString","coordinates":[[[120.57478990772307,23.696062282938666],[120.57259259494614,23.694225450395024]],[[120.57513397188568,23.68291896704578],[120.5765356629759,23.683673074778085]],[[120.57838884444008,23.67955969380044],[120.57839541066805,23.679548642591584]],[[120.57841780147783,23.679510957577712],[120.58044438982631,23.677802062992733]],[[120.57705293283396,23.68392737832731],[120.57729938572405,23.684048540061184]],[[120.57635973077723,23.67880569226509],[120.57636195575571,23.678807815218878]],[[120.57307694694556,23.68216958548933],[120.57507729289024,23.682906030256156]],[[120.57641645228367,23.67885981281762],[120.57720490289616,23.679606554406103],[120.57838884444008,23.67955969380044],[120.58004280570843,23.68061281334838]],[[120.57658244356267,23.683696073472575],[120.57701063122327,23.683906581845932]],[[120.57242632654244,23.6819244159394],[120.57284546680964,23.682139712256983]]]}},{"type":"Feature","properties":{"NAME":"烏山頭水庫主流","FROM":""},"geometry":{"type":"MultiLineString","coordinates":[[[120.45774452999035,23.224479668288122],[120.4578308239346,23.224390128152738]],[[120.44765518734363,23.229548941151315],[120.45071241135885,23.229812246088006]],[[120.45606504906685,23.230972658587337],[120.45590124413052,23.231482243722894],[120.45632227805585,23.231743257841696],[120.45593338234984,23.232229506086725],[120.45674088261649,23.232841707402475],[120.45646817449395,23.23332609347478],[120.45709809306304,23.23431239724008],[120.45723937981307,23.23674394938396]],[[120.4413574350328,23.21913946480527],[120.44466382116086,23.219150872286768]],[[120.44267015555648,23.223173131819024],[120.44321782639518,23.22350909296228],[120.44429964910186,23.223056873177097],[120.44442980367937,23.222461415477227],[120.4462179570003,23.221862637897825],[120.44606950498044,23.220760598395405],[120.44843154783848,23.222095958435812]],[[120.43724860710641,23.223551165289365],[120.4369380306675,23.22598373259565]],[[120.43107207395111,23.218893626068482],[120.43440129304523,23.219914284957515]],[[120.43580774023386,23.218693558084773],[120.43757486290447,23.22177854647144],[120.4372762813799,23.222486263399166],[120.43763174555465,23.222927658747953]],[[120.45551248603824,23.22539760626359],[120.45670311895756,23.22546257937514],[120.45774452999035,23.224479668288122]],[[120.43101491372944,23.21846019440222],[120.43107207395111,23.218893626068482]],[[120.43774851015436,23.223043994696727],[120.4395638739111,23.22457086210018]],[[120.44503468730652,23.235343223594377],[120.44680113118217,23.235013009414242]],[[120.44503468730652,23.235343223594377],[120.44404979078546,23.23459718168992],[120.44338090384481,23.23232635476367],[120.44340063922465,23.23071251231557],[120.44273649092295,23.228870577225617],[120.44308140222364,23.22725334664908]],[[120.45790429194342,23.22437114833699],[120.458666019462,23.22351440061928],[120.4595349385623,23.223702415561913],[120.45939383079401,23.223198569979484],[120.46076040506452,23.222169317563754],[120.46006065774675,23.221643285373965],[120.46059627213099,23.22125005452205],[120.46064664305625,23.220288620841185],[120.46440687022626,23.22005963008796],[120.46634079704027,23.220673263004798],[120.46754911635705,23.219747213510242]],[[120.44632628420756,23.227420308809457],[120.44709539269556,23.226989568033147],[120.44832658066001,23.227140520241047],[120.44919894560162,23.22734440944728],[120.44933195952522,23.227911433008515],[120.45047347570437,23.226450393739757],[120.45146056774796,23.22638153577633],[120.45170381384634,23.22684058750683],[120.45313642454478,23.22599448695232],[120.45470867940284,23.226433221370645],[120.45476380479266,23.22599098571712],[120.45554472986156,23.225975574243602],[120.45551248603824,23.22539760626359]],[[120.4451362407223,23.23594399712705],[120.44503468730652,23.235343223594377]],[[120.43763174555465,23.222927658747953],[120.43729932755149,23.22345091592435]],[[120.45697717625234,23.224574142440648],[120.45774452999035,23.224479668288122]],[[120.43107207395111,23.218893626068482],[120.43172142938361,23.220062871383632],[120.43341850616913,23.221118426053266]],[[120.43495360695442,23.216968333947097],[120.43508737568041,23.217289321662793]],[[120.45551248603824,23.22539760626359],[120.4555930677003,23.225183439277085]],[[120.43509049361575,23.21734163381584],[120.43580774023386,23.218693558084773]],[[120.43763174555465,23.222927658747953],[120.43769910248925,23.222994768441442]],[[120.44771472677698,23.230160856932894],[120.44876006638721,23.230692645607235]],[[120.46043670682279,23.228608245874383],[120.46237738129275,23.228276156138385],[120.46313554620248,23.228786583079078],[120.46306112772993,23.228285216255024],[120.46384711710287,23.22767386221644],[120.46464414926997,23.227642663871492],[120.46492312263557,23.2280747369318],[120.46644125435826,23.226723157987152],[120.46710135138954,23.226951080356642],[120.46767643814005,23.225864968864112]],[[120.46761874902207,23.219696480118337],[120.46865355931449,23.218599671700947]],[[120.4309843122885,23.218362881434743],[120.4309946110414,23.21839563161439]],[[120.43580774023386,23.218693558084773],[120.43752808740166,23.220584325570066]]]}},{"type":"Feature","properties":{"NAME":"草人坑","FROM":""},"geometry":{"type":"MultiLineString","coordinates":[[[120.58794239103844,23.153952089874274],[120.58861849383318,23.154035114493986],[120.5885181091662,23.153502071879434],[120.5897533795392,23.153010863153597],[120.590084934763,23.152329938335757],[120.59078219185346,23.152426554816255],[120.59088700418357,23.151943708417683],[120.59148686614934,23.152202614611156],[120.59164373764753,23.15161153902453],[120.59226206211744,23.15216171430312],[120.59374476671509,23.151574036725663]],[[120.59374476671509,23.151574036725663],[120.59441487855592,23.151959534685037],[120.5958894195111,23.151403524889695],[120.59677403782753,23.151922808129267],[120.59803626602549,23.151131513412636]],[[120.59374476671509,23.151574036725663],[120.59603800979455,23.15]],[[120.59749472737359,23.15],[120.59821207072866,23.15]],[[120.58747608294355,23.15497355080603],[120.58755103982466,23.154623824787013]]]}},{"type":"Feature","properties":{"NAME":"草山溪(沙美箕溪)","FROM":""},"geometry":{"type":"MultiLineString","coordinates":[[[120.62289940167572,23.36762075413298],[120.62451241690852,23.36857689924944]],[[120.62984717466179,23.333689421162802],[120.63047229577768,23.334382216666082]],[[120.60899436237028,23.362697762250644],[120.60685170184455,23.36532559790094]],[[120.61074060432013,23.378831375476995],[120.60809016258825,23.37993666180944]],[[120.62767693707828,23.33087128910253],[120.62855794786181,23.329977216963094],[120.63081191163606,23.32977455444782]],[[120.61672183381879,23.3350474152945],[120.61777168214233,23.335090705289222],[120.61843750883473,23.33298006449286],[120.62140706497944,23.332031716521215]],[[120.6167881954957,23.367094463263935],[120.61450425664125,23.36820835505679],[120.61271133906104,23.366302006125338],[120.61090981500682,23.366115203866908]],[[120.61818614748584,23.32998099951641],[120.6190837359491,23.328368027566533]],[[120.61673592068449,23.330816992192883],[120.61729910156178,23.329403701324832],[120.61636198833571,23.328793224501684],[120.61713305241082,23.327336729783074],[120.61592732011412,23.324890930217542]],[[120.61818614748584,23.32998099951641],[120.61997503213358,23.329950139587115],[120.6227875457953,23.32893229380859]],[[120.60599888159811,23.36220291248108],[120.60294308317974,23.362799079254483]],[[120.62289940167572,23.36762075413298],[120.62303380050204,23.369393641142786]],[[120.60288453275025,23.36281997567357],[120.60251606854777,23.36292630739457]],[[120.60599888159811,23.36220291248108],[120.6050411321544,23.361754007886198]],[[120.61208922265854,23.374898518512307],[120.61145900472108,23.375065913262716]],[[120.62767693707828,23.33087128910253],[120.62781268588107,23.33178599571954],[120.6293950788506,23.332393011410133],[120.62984717466179,23.333689421162802]],[[120.60899436237028,23.362697762250644],[120.60692558701649,23.362878923115584],[120.60599888159811,23.36220291248108]],[[120.61683955377721,23.335239144418182],[120.61770460019567,23.33595517002792],[120.62054144811341,23.333906333816643],[120.62233106644963,23.333391059606395]],[[120.61634193328152,23.354238879088115],[120.61475422066232,23.354654415154727]],[[120.61634193328152,23.354238879088115],[120.6158020055448,23.354623352751826]],[[120.6087255499744,23.328583930638107],[120.60861345474942,23.331080197028392],[120.60725290212322,23.332379151014955],[120.60661225054511,23.33409074027942],[120.60707717543143,23.336794168224703],[120.60590645154898,23.337983299565302]],[[120.62133762380049,23.351475751387717],[120.62365716341823,23.354016696211303]],[[120.61713412507342,23.36489577615593],[120.61749020912639,23.36519833192509]],[[120.61750662817508,23.365220587777713],[120.61874609769175,23.364432421091653],[120.62062140480899,23.366286876333753],[120.62289940167572,23.36762075413298]],[[120.61868195186511,23.353152008283224],[120.61634193328152,23.354238879088115]],[[120.61548911888748,23.36225697577858],[120.6102133559682,23.362440274471716]],[[120.62233106644963,23.333391059606395],[120.62514009163033,23.331336728698684],[120.62767693707828,23.33087128910253]],[[120.6156498701719,23.3327883652051],[120.61673592068449,23.330816992192883]],[[120.61673592068449,23.330816992192883],[120.61778308313124,23.33056174866105],[120.61818614748584,23.32998099951641]],[[120.610154920451,23.36243583921799],[120.60899436237028,23.362697762250644]],[[120.61979279930229,23.350281119027294],[120.62133762380049,23.351475751387717]],[[120.61453920496076,23.374551908225158],[120.61214107343994,23.374881260689474]],[[120.62984717466179,23.333689421162802],[120.6334286335677,23.33389585231626],[120.63448823683282,23.3329031556444]],[[120.60561497650797,23.325331136451968],[120.60549941198434,23.32801660137511],[120.60386765167608,23.33021793832713]],[[120.60590645154898,23.337983299565302],[120.60594306711168,23.34288330169722],[120.60514263765799,23.345619930004798]],[[120.61644565649597,23.371060526326428],[120.61949874552846,23.37256601459385],[120.62243684331776,23.372786440044784]],[[120.60590645154898,23.337983299565302],[120.60428904043484,23.338768793904247],[120.60236666462858,23.341509961632763],[120.60172615581317,23.34407838437355]],[[120.61621542108219,23.343800033768495],[120.61459918121724,23.343526670806114]],[[120.61759691123865,23.344033133219074],[120.61626489517268,23.34380321912735]],[[120.6163352620721,23.338416910929357],[120.61463352992843,23.33821824883121],[120.61318098905697,23.338976952510105],[120.6112367878236,23.341919810403354]],[[120.62133762380049,23.351475751387717],[120.62277323601278,23.351256495195166],[120.62513199548704,23.352899551232873]],[[120.60229187054009,23.31942032717061],[120.60139754247814,23.32205720656362],[120.59992586448416,23.323735252690383],[120.59711656647411,23.32430688180146],[120.59573038313103,23.325487054674515],[120.59569362482574,23.32622701962214],[120.59325508684115,23.326978544213535],[120.59190690368219,23.32893429685158]],[[120.6108510793184,23.366122791965072],[120.60970555810103,23.366253221261154],[120.60856408661797,23.367182452258007]],[[120.61309760245676,23.378838603541165],[120.6107873967981,23.378793833637403]],[[120.61767730035628,23.338528178329042],[120.61640034225984,23.338402956965666]],[[120.6155535693453,23.376249514566986],[120.61319560116085,23.377640747468188],[120.61314178905512,23.378798117500782]],[[120.62233106644963,23.333391059606395],[120.62299941397889,23.333649717538783]]]}},{"type":"Feature","properties":{"NAME":"草蘭溪","FROM":""},"geometry":{"type":"MultiLineString","coordinates":[[[120.66050056398379,23.24476391850953],[120.66237067654819,23.2440477592537],[120.66818767001485,23.243994587902765]],[[120.66050056398379,23.24476391850953],[120.66134779094098,23.247896966728174]],[[120.64941507779265,23.2467489817515],[120.65181901444546,23.24575418790423],[120.65224793307033,23.244637641073723],[120.65352662419596,23.24380966389594],[120.65455019562292,23.243906717950946],[120.65543561147119,23.24341650088536],[120.65704957769199,23.244095013712712],[120.65835918564018,23.24545689303943],[120.66050056398379,23.24476391850953]]]}},{"type":"Feature","properties":{"NAME":"酒槽坑","FROM":""},"geometry":{"type":"MultiLineString","coordinates":[[[120.58585711938325,23.174792867903037],[120.5868886277984,23.1714024646718],[120.58764703787674,23.17058042892035],[120.58903697595068,23.170207017307387],[120.5893585165373,23.167977393751542],[120.58977840209559,23.167653391302498]],[[120.59028982974509,23.166993251145133],[120.59150547427576,23.165208407451413]]]}},{"type":"Feature","properties":{"NAME":"馬斗欄坑","FROM":""},"geometry":{"type":"MultiLineString","coordinates":[[[120.43046948403769,23.194863215750015],[120.43192847556878,23.19363809383649],[120.4358514492428,23.19494950748753]],[[120.42476681133675,23.19535799058147],[120.42291295594991,23.192685841922568]],[[120.42798544864809,23.195996789832268],[120.4284667668848,23.194768232970954],[120.4296991835891,23.195176556571575],[120.43046948403769,23.194863215750015]],[[120.42935991200991,23.190250200453782],[120.43008706055909,23.1893746684832],[120.43049757958525,23.18956569073462],[120.43042147547918,23.18854066170413],[120.43110588539724,23.187409908407478],[120.43201063190415,23.187049611619916],[120.4324140751799,23.186238403402193],[120.43286572903538,23.186337012976608]],[[120.43011939290957,23.191471709443494],[120.43100455836213,23.191777233187405],[120.4317320391268,23.19302571594012]],[[120.43410053413626,23.19792775101965],[120.43474342137917,23.198130883264845]],[[120.43046948403769,23.194863215750015],[120.43143437344511,23.195841725895097]]]}},{"type":"Feature","properties":{"NAME":"高水坑","FROM":""},"geometry":{"type":"MultiLineString","coordinates":[[[120.59406845072257,23.178597695361393],[120.59617827713784,23.17763233486115]],[[120.58869762418759,23.178976690574103],[120.58892200971735,23.17809005860358],[120.59026000894836,23.177660067363238],[120.59406845072257,23.178597695361393]],[[120.58238655373177,23.18001902767786],[120.582874706665,23.179505589010965],[120.58428314027269,23.18011203824531],[120.58688119234691,23.179502501629656]],[[120.58273104555637,23.185277733964114],[120.58570615967105,23.183470453394964],[120.58643520378118,23.182212646243013],[120.58813892952527,23.18158044281817]],[[120.58779589670662,23.185566366219692],[120.58692856747774,23.184042534020488],[120.58813892952527,23.18158044281817]],[[120.58688119234691,23.179502501629656],[120.58869762418759,23.178976690574103]],[[120.58922872103142,23.183357687784014],[120.588546270028,23.18103968843844]],[[120.59359845023643,23.18181122700277],[120.59376940190647,23.180825120573008],[120.59332108957099,23.180422131485823]],[[120.59370931150539,23.186525248679988],[120.5941635025668,23.18607941718619],[120.59459845557748,23.183335363078452],[120.59394785324632,23.180660776706027],[120.5941963105567,23.178848608845275]],[[120.59119314027642,23.18639914510928],[120.59224576577083,23.18453035096864],[120.59223875426144,23.182776225458085],[120.59332108957099,23.180422131485823]],[[120.59332108957099,23.180422131485823],[120.5941963105567,23.178848608845275]],[[120.5941963105567,23.178848608845275],[120.59406845072257,23.178597695361393]],[[120.57556244013627,23.183213451279386],[120.57838355538917,23.18133816368675],[120.57942473625009,23.18135672044522],[120.58117940464962,23.180505740785225],[120.58235178707118,23.18077069719418],[120.58238655373177,23.18001902767786]],[[120.58632689556386,23.181144548708385],[120.58688119234691,23.179502501629656]],[[120.58813892952527,23.18158044281817],[120.588546270028,23.18103968843844]],[[120.588546270028,23.18103968843844],[120.58869762418759,23.178976690574103]],[[120.58238655373177,23.18001902767786],[120.5787355568241,23.179237326579102],[120.57712145936547,23.177686633048083]],[[120.59714204030297,23.176914628359018],[120.59712729833134,23.17625538878336]]]}},{"type":"Feature","properties":{"NAME":"鬼仔坑","FROM":""},"geometry":{"type":"MultiLineString","coordinates":[[[120.40225848934665,23.18831732025892],[120.40248528985644,23.188349740022616]],[[120.40248528985644,23.188349740022616],[120.4026391554133,23.18848346109548]],[[120.39930790968337,23.18773107065637],[120.40151733645611,23.188641898915193]],[[120.40124532953992,23.18672923009333],[120.40017526997721,23.186709550057426],[120.39955127774252,23.186068555769072]],[[120.40148032149723,23.186353161570622],[120.40141777723642,23.185540411185887]],[[120.40141777723642,23.185540411185887],[120.40156825260507,23.18522497308855]],[[120.40248528985644,23.188349740022616],[120.40282484777134,23.18614812132093],[120.40212629528163,23.185944722976604],[120.40196512756253,23.185102271585396],[120.40156825260507,23.18522497308855]],[[120.40141777723642,23.185540411185887],[120.40023494856283,23.184676207300807]],[[120.40156825260507,23.18522497308855],[120.40206466810885,23.18453160476014]]]}},{"type":"Feature","properties":{"NAME":"荖土坑","FROM":""},"geometry":{"type":"MultiLineString","coordinates":[[[120.54876183691749,23.199279846175678],[120.55053705827356,23.19727774775577],[120.55141422747411,23.19744500110656],[120.55138328872201,23.19812440850757],[120.55295657387511,23.198474210060578],[120.5534104035276,23.198021730735242],[120.5549457651559,23.198741629318192],[120.55688059086671,23.197905046976786],[120.55725940830038,23.19677286516508],[120.55891456016475,23.19585420869492],[120.56058181110667,23.196423213555136]],[[120.54609800135731,23.200422866367884],[120.54611029394637,23.20033153056631]],[[120.54355555133027,23.20331571054499],[120.54586794450607,23.20508517272058]],[[120.5421830853551,23.20281768123508],[120.54351651021783,23.203267907262422]],[[120.5445473472367,23.20218074154315],[120.54472324724496,23.202345839753885]],[[120.53718883915873,23.204978976194635],[120.54247913424018,23.206136865372994]],[[120.5506846783687,23.202974305770876],[120.55009474602574,23.201785039457402],[120.54610001904751,23.200485558749477]],[[120.53712619820705,23.20490510268371],[120.53716278518662,23.204948250326524]],[[120.55121250975955,23.203519976216068],[120.5506846783687,23.202974305770876]],[[120.54476913345204,23.202383365625096],[120.54687466827603,23.203979708075206],[120.5487933781054,23.202928442623342],[120.54926281392197,23.20349419261219],[120.5506846783687,23.202974305770876]],[[120.55353822114934,23.206745249010442],[120.55157397986544,23.205559382384052],[120.55123837936678,23.20356453022444]]]}},{"type":"Feature","properties":{"NAME":"荖伙坑溪","FROM":""},"geometry":{"type":"MultiLineString","coordinates":[[[120.53313850400043,23.22022587982867],[120.53319510202074,23.22159858072964],[120.53583598223808,23.223148157046406]],[[120.53336062625547,23.21404499974874],[120.53406379079716,23.21659859055249],[120.53441142913552,23.216972089397746],[120.53435091241893,23.216520418845583],[120.5348319050446,23.21648570480201],[120.53493100127308,23.217291910525173],[120.53420039500548,23.217416193491218],[120.53426797798765,23.218495459413138],[120.5331742622294,23.218088171000232],[120.53313850400043,23.22022587982867]],[[120.53313850400043,23.22022587982867],[120.53354166594667,23.22006001019126],[120.5366600755435,23.22227917367886],[120.5365884725178,23.22395400220724],[120.53724725021418,23.225057554048412]],[[120.5334239653216,23.213840349693804],[120.53338219147241,23.213967950436885]]]}},{"type":"Feature","properties":{"NAME":"荖濃溪","FROM":"高屏溪"},"geometry":{"type":"LineString","coordinates":[[120.74821684292746,23.157904027834665],[120.74876039281556,23.157376667892166],[120.74885320472903,23.156148743971553],[120.74996561506852,23.15535358235838],[120.75,23.1544638900185]]}},{"type":"Feature","properties":{"NAME":"乾水坑","FROM":""},"geometry":{"type":"MultiLineString","coordinates":[[[120.61915715873775,23.23054841622578],[120.61868149867894,23.231246549449903]],[[120.6143929360464,23.23588714030701],[120.61462742208307,23.236753856116547],[120.61381700683837,23.238591147585634]],[[120.61886334418722,23.227672550837887],[120.61813651372735,23.2282429794351],[120.61887922719144,23.228789825526174],[120.619152600884,23.230479055602984]],[[120.61519401732217,23.233987390394674],[120.61505721593083,23.234130134504323]],[[120.61868149867894,23.231246549449903],[120.61524742086787,23.2339590084788]],[[120.61250194570859,23.234365189038297],[120.61029330331415,23.233636268146654]],[[120.61623416102724,23.23305124584399],[120.61622351609576,23.234388976867415]],[[120.61868149867894,23.231246549449903],[120.61918333803818,23.233283732463732]],[[120.6143929360464,23.23588714030701],[120.61373473120625,23.236578430002446]],[[120.61505721593083,23.234130134504323],[120.6143929360464,23.23588714030701]],[[120.61868149867894,23.231246549449903],[120.61970621611013,23.231540609568665]],[[120.61250194570859,23.234365189038297],[120.611307248063,23.235785875018],[120.61017990729131,23.235702015488954],[120.60965084245704,23.236574556568534],[120.60899418554992,23.23621987258838],[120.60692146206111,23.236832312814393],[120.60668316770025,23.237752710532313],[120.60565944637473,23.238231134072354]],[[120.60565944637473,23.238231134072354],[120.60365538317423,23.238650204826108],[120.60288006339445,23.239546698851406]],[[120.60565944637473,23.238231134072354],[120.60521216425741,23.239756709810813]],[[120.61618036991763,23.23444844348078],[120.61605670214159,23.234618889309655]],[[120.61505721593083,23.234130134504323],[120.61250194570859,23.234365189038297]]]}},{"type":"Feature","properties":{"NAME":"匏仔寮溪(後湖溪)","FROM":""},"geometry":{"type":"MultiLineString","coordinates":[[[120.57134123903526,23.34352456973992],[120.56970710235908,23.344361339611307]],[[120.5877015724332,23.33245206148236],[120.59040425316716,23.33416390590766]],[[120.58493195443387,23.330725644215153],[120.5845586700826,23.331506810645493]],[[120.5877015724332,23.33245206148236],[120.59012136456673,23.33168646233782]],[[120.58430589807361,23.341107305445128],[120.58656591765838,23.341420321331448],[120.58812438954988,23.340963013214836]],[[120.5874957501974,23.332288395321292],[120.5877015724332,23.33245206148236]],[[120.58493195443387,23.330725644215153],[120.5874957501974,23.332288395321292]],[[120.59217345050567,23.316303537944027],[120.59404934071037,23.322945816897214]],[[120.58757802201424,23.319396803530275],[120.58705911343743,23.32089544251893],[120.58790130156038,23.322105085263757]],[[120.5874957501974,23.332288395321292],[120.58857642367614,23.331791157325224]],[[120.58812438954988,23.340963013214836],[120.58881261280993,23.340450452942154]],[[120.5871467388806,23.318240750753006],[120.58757802201424,23.319396803530275]],[[120.58422973130475,23.344632978151264],[120.5854726385054,23.34483442901252]],[[120.59126007128265,23.348320706399914],[120.59381030983369,23.34836934712929]],[[120.58812438954988,23.340963013214836],[120.59071699717799,23.341275342143657],[120.59161514758524,23.342079362365382],[120.59283078921462,23.34236863679469]],[[120.59288203556066,23.342369645570496],[120.59448877058252,23.34294083878713]],[[120.5854726385054,23.34483442901252],[120.58695852131048,23.345356527442917],[120.5895377870865,23.345307401984556]],[[120.58881261280993,23.340450452942154],[120.58994847828843,23.339481193522264]],[[120.57662287029615,23.32324185208249],[120.57543483186961,23.322553184459945]],[[120.58881261280993,23.340450452942154],[120.59005284944413,23.340108307666714]],[[120.58757802201424,23.319396803530275],[120.58941861362513,23.320044687240298]],[[120.57205360207016,23.342167487823144],[120.56989579590548,23.34203927878414]],[[120.57984716325096,23.324381584545314],[120.57777059558305,23.32418792738359],[120.57662287029615,23.32324185208249]],[[120.58063452128464,23.326387573441785],[120.58293755651292,23.32847649360035]],[[120.5830312061397,23.328547562374162],[120.58493195443387,23.330725644215153]],[[120.57838915191688,23.327471390209684],[120.57640299917006,23.32647140204097]],[[120.5773658011307,23.335767432164847],[120.57459536074883,23.337048018213753],[120.57079441311015,23.33747328657812]],[[120.56989579590548,23.34203927878414],[120.56794851346153,23.340842964838206]],[[120.56311105482278,23.343224813916432],[120.55962081912584,23.34155586609307]],[[120.56196274156012,23.34434876640587],[120.56026996023155,23.346343349295694]],[[120.56052916886368,23.344469752134106],[120.55890708718982,23.346438196463037]],[[120.56052916886368,23.344469752134106],[120.55889349292866,23.344982963678593],[120.5586126101632,23.346159160988822]],[[120.57380242988596,23.34248807662749],[120.57507073545287,23.344246409548525]],[[120.56970710235908,23.344361339611307],[120.56812762993428,23.34451925057373]],[[120.57153350394401,23.349297708735932],[120.57188276257243,23.348228721100053],[120.57370196022768,23.346065325852084],[120.57315243335226,23.34366368116852],[120.57380242988596,23.34248807662749]],[[120.57137740956743,23.343469357752372],[120.57121236025439,23.345512158786843],[120.56883249062348,23.349220770242002],[120.5677289107764,23.351906211828386]],[[120.56989579590548,23.34203927878414],[120.56785697201046,23.342559442535435],[120.56699150029267,23.34220003019356],[120.56441266310132,23.34246645415845],[120.56311105482278,23.343224813916432]],[[120.56311105482278,23.343224813916432],[120.56196274156012,23.34434876640587]],[[120.5854726385054,23.34483442901252],[120.58716732403349,23.346871532826583],[120.58936370180794,23.347022890887395],[120.59121743599525,23.348318196906465]],[[120.56970710235908,23.344361339611307],[120.56890582715025,23.34587964956175],[120.56787513239412,23.346404871245337],[120.56647304340585,23.34824342028917],[120.56521453506775,23.351681141433755]],[[120.58229691775992,23.3503271207065],[120.58384327223747,23.352873241455956],[120.58683531623032,23.353911795817087]],[[120.58119502123145,23.35449894610578],[120.5821156521266,23.355102634917664]],[[120.58213969562593,23.35512097380014],[120.58415067079038,23.35625457974137]],[[120.58064852280815,23.35465608157351],[120.58051268034924,23.35634104443156],[120.58125010817521,23.35926451931773]],[[120.57916847611715,23.35645480744162],[120.5778337887318,23.355044115658917],[120.57526040524871,23.354294453273898],[120.57275283762581,23.35509690574797]],[[120.5727159682853,23.355115896452187],[120.57125169797814,23.35573880821411]],[[120.5789060585605,23.356561843105617],[120.57908275444942,23.35865881549698],[120.57838762517984,23.36065485256677]],[[120.57723034506621,23.35843905976883],[120.57570321218019,23.35954739503937]],[[120.56196274156012,23.34434876640587],[120.56052916886368,23.344469752134106]],[[120.57380698897994,23.342420694435898],[120.57380242988596,23.34248807662749]]]}},{"type":"Feature","properties":{"NAME":"密枝溪","FROM":""},"geometry":{"type":"MultiLineString","coordinates":[[[120.51486226272957,23.191867823594215],[120.51631873446672,23.19182034716368]],[[120.51486226272957,23.191867823594215],[120.51447140380084,23.19129325398061]],[[120.50785126540643,23.2039288349135],[120.5080483735433,23.204236468222796]],[[120.52204375916119,23.223595090852136],[120.52051839709031,23.22172814990425],[120.51957788045384,23.221560543731236],[120.51935815874754,23.220042888700874],[120.52048936987893,23.219163614271327],[120.52191330161706,23.219129487264713],[120.52199539930695,23.218596976292385],[120.52328811480307,23.21820802977094],[120.52406005627415,23.216668484130942]],[[120.5146265126094,23.195476655635282],[120.51564183824941,23.195414240656334]],[[120.52406005627415,23.216668484130942],[120.52397490567556,23.215365681837532]],[[120.51103782861955,23.212528482758227],[120.51255590981285,23.21125914129416]],[[120.52471578249984,23.214650651348],[120.52441569074453,23.212707708579302]],[[120.52406005627415,23.216668484130942],[120.52533074108467,23.21620269869399],[120.52472188787955,23.214702830829836]],[[120.51033268453564,23.20158849471607],[120.51092318418065,23.20180249913697]],[[120.50869317933599,23.201481920850263],[120.50913636854823,23.201941560011203],[120.51033268453564,23.20158849471607]],[[120.51060903629404,23.20075853765228],[120.51171193624991,23.200199729138294]],[[120.50230056993672,23.20114403745047],[120.50266292525801,23.200623656219808],[120.502424458348,23.200035957078764]],[[120.51902713257506,23.196338644804854],[120.51714004465369,23.196459430318733],[120.51632362443266,23.195328248858328],[120.51564183824941,23.195414240656334]],[[120.51564183824941,23.195414240656334],[120.51378770878017,23.193891684829406]],[[120.52211878485221,23.2101134045978],[120.52202202172883,23.210797568192024],[120.5208362895993,23.21079403817523],[120.51991444292797,23.211628804478135],[120.51857257914948,23.21178055943217]],[[120.52217505929084,23.209732506154634],[120.52212641132246,23.21006178430835]],[[120.51258519496017,23.2112265662709],[120.51451579976346,23.208863383213618]],[[120.51588625849742,23.211164894049524],[120.51653313972376,23.212379439488213]],[[120.51451579976346,23.208863383213618],[120.515842768832,23.211124138775588]],[[120.5080483735433,23.204236468222796],[120.5074212264319,23.204469342248977],[120.50766778900244,23.205700497837686],[120.5060105652146,23.206824230016508]],[[120.51451579976346,23.208863383213618],[120.51496549686757,23.208607318082244],[120.5148605848291,23.208002040313094],[120.51547780485615,23.207850307838633]],[[120.5080483735433,23.204236468222796],[120.50828191606207,23.204769977125235]],[[120.50869317933599,23.201481920850263],[120.51060903629404,23.20075853765228]],[[120.51060903629404,23.20075853765228],[120.51273942687389,23.20053015201298]],[[120.50497475590494,23.200179235167194],[120.50672447103301,23.199595353364277],[120.5082108239943,23.20040358315845],[120.50869317933599,23.201481920850263]],[[120.51293266387141,23.199677661623518],[120.51318717440932,23.199894842841175]],[[120.51171193624991,23.200199729138294],[120.5128725414097,23.199728586356805]],[[120.51198157898416,23.196059942814],[120.51229336832,23.19668418393607],[120.51161708433816,23.19810215722994],[120.51171193624991,23.200199729138294]],[[120.51265810195392,23.19413646531725],[120.51205076383654,23.194513975387437],[120.511990861682,23.195945810408038]],[[120.49464707150186,23.193243864169435],[120.49611123026783,23.194239418929453],[120.49740562270532,23.19381225996864],[120.49808304985004,23.194073963032753],[120.49821626806957,23.19568168767119],[120.49928773006805,23.196242618453006],[120.4989855343531,23.197325311297572]],[[120.51329128677781,23.19392860311165],[120.51277325365182,23.194056184501054]],[[120.51378770878017,23.193891684829406],[120.51338240365898,23.193943684819907]],[[120.51378770878017,23.193891684829406],[120.51470597826722,23.1929508863739]],[[120.51470597826722,23.1929508863739],[120.51486226272957,23.191867823594215]]]}},{"type":"Feature","properties":{"NAME":"將軍溪","FROM":""},"geometry":{"type":"MultiLineString","coordinates":[[[120.16906031264311,23.231957400417386],[120.16875375098971,23.231256028234274],[120.16919064706867,23.230240430741816],[120.16795899965963,23.22979586532066]],[[120.16851017991901,23.233263554756796],[120.16906031264311,23.231957400417386]]]}},{"type":"Feature","properties":{"NAME":"將軍溪上游分線","FROM":""},"geometry":{"type":"MultiLineString","coordinates":[[[120.21581932985134,23.15817474497213],[120.21585324294583,23.158134758806995]],[[120.21585324294583,23.158134758806995],[120.21591344857003,23.158065098909635]],[[120.21919159629363,23.15446606576554],[120.21653785126826,23.15273876447383]],[[120.21864240308925,23.155212614155268],[120.21919159629363,23.15446606576554]],[[120.21777656193456,23.155989106884697],[120.21808083182412,23.156028379478485]],[[120.21811670158775,23.15598848158116],[120.21864240308925,23.155212614155268]],[[120.21708783268026,23.156524992512335],[120.21777656193456,23.155989106884697]],[[120.21591344857003,23.158065098909635],[120.2165961025647,23.157388478004496]],[[120.21662224093629,23.157342241687264],[120.21708783268026,23.156524992512335]],[[120.2128426224473,23.164867981695018],[120.21383438319043,23.162473967912657]],[[120.21385197480814,23.162432502690972],[120.2157848995213,23.158215340962567]],[[120.21281280394466,23.16494028551201],[120.2128233495484,23.16491471457433]]]}},{"type":"Feature","properties":{"NAME":"將軍溪上游線","FROM":""},"geometry":{"type":"MultiLineString","coordinates":[[[120.1964762954583,23.16991674308779],[120.19668863726366,23.1691777563331]],[[120.18249657077179,23.172992847638156],[120.18227131210247,23.171233092102074]],[[120.19721284761927,23.17077237489607],[120.19721045474232,23.170744569605596]],[[120.19628234414284,23.172218128802275],[120.196303570085,23.17222088232394]],[[120.19644614528339,23.172182886935566],[120.19725508664642,23.171528084552257],[120.19721800964469,23.17083235771808]],[[120.19638300483354,23.172213657636046],[120.19644614528339,23.172182886935566]],[[120.17699395619694,23.175513864561058],[120.17724106801353,23.177307493632757]],[[120.18227287582025,23.17117750420894],[120.18238899032042,23.17096972832741]],[[120.18238899032042,23.17096972832741],[120.18324836132264,23.168151980849384]],[[120.19721045474232,23.170744569605596],[120.19713933870317,23.170028631609064]],[[120.18326120720519,23.168076386823518],[120.18384981257493,23.1658241059689],[120.18321774744163,23.164554335184345]],[[120.19560308961022,23.167666076115136],[120.19556721041991,23.16761793423079]],[[120.1955344333045,23.167573954591504],[120.19525176952818,23.167194680393404]],[[120.19666621759646,23.169123317756572],[120.1958443187221,23.16799015829711]]]}},{"type":"Feature","properties":{"NAME":"崎尾溪","FROM":""},"geometry":{"type":"MultiLineString","coordinates":[[[120.59466466261271,23.388673272319267],[120.59640965983027,23.390150353725915]],[[120.5850005166456,23.390270154946016],[120.58594795466507,23.389771648579735],[120.58914536210565,23.389625768482716]],[[120.58187888826282,23.394238240163777],[120.58339456401485,23.395036616851694]],[[120.59394553125699,23.387729893270496],[120.59486145266412,23.387042117468688],[120.59591166960733,23.38518739259552]],[[120.58339456401485,23.395036616851694],[120.58534635528297,23.396630660323776]],[[120.59326737028142,23.39128946896189],[120.59430087817307,23.391094059000842]],[[120.59765986944761,23.391268874118794],[120.59936316549734,23.393293219704088],[120.60116488476564,23.394543143574978]],[[120.58914536210565,23.389625768482716],[120.5900626881396,23.390728379395384],[120.59326737028142,23.39128946896189]],[[120.5964362695617,23.390194406879242],[120.5976295308635,23.391262937792188]],[[120.58339456401485,23.395036616851694],[120.58413109363276,23.394823621056773],[120.5848810829156,23.395265115005866],[120.58559239947053,23.39483229980604]],[[120.59326737028142,23.39128946896189],[120.59394502914101,23.391834451695345]],[[120.58914536210565,23.389625768482716],[120.58991275538101,23.389347964082436],[120.59015120491621,23.38802202103889],[120.59153326205576,23.387041957956875],[120.59341108194863,23.387959062939256]],[[120.59428617372905,23.38848560973292],[120.59466466261271,23.388673272319267]],[[120.59341108194863,23.387959062939256],[120.59391031040104,23.387742520313598]],[[120.59747827387088,23.388146013755275],[120.5977452968311,23.388298495352323]],[[120.59341108194863,23.387959062939256],[120.59425400499299,23.38846661837501]],[[120.59466466261271,23.388673272319267],[120.59745130551892,23.38814112933572]]]}},{"type":"Feature","properties":{"NAME":"崙子溪","FROM":""},"geometry":{"type":"MultiLineString","coordinates":[[[120.52925889811101,23.64261743748342],[120.53049176829137,23.644106560065772],[120.53202175962845,23.644458799556222]],[[120.52509289386829,23.644086116807465],[120.52535994488176,23.644395832764882],[120.5259106632002,23.644020505167624]],[[120.52350133137182,23.64578531058571],[120.52470698174811,23.645317338668413]],[[120.52473727549477,23.64529732643376],[120.52550323842871,23.644791324007592],[120.52452325691853,23.644357149673006]],[[120.55610363426796,23.62283800444162],[120.55540587668082,23.623196788423577]],[[120.55532174851861,23.623240046426726],[120.5546574624142,23.623582541712153]],[[120.5675266116514,23.642436477854286],[120.5679641630418,23.64285856066559],[120.57254766113181,23.643344313293085]],[[120.57298105384687,23.643363028278408],[120.5731744766644,23.64343796301001]],[[120.5661215496875,23.641814783920392],[120.56744299314178,23.642412180848282]],[[120.5657413276231,23.641333396446363],[120.56607381015814,23.641754342586314]],[[120.49356385854482,23.67001541427997],[120.49456926319078,23.66898310986689]],[[120.5732572721417,23.64347739521574],[120.57627483377142,23.643870964822206],[120.5781404231239,23.64188328972515]],[[120.55282202517394,23.625067063275303],[120.55247561038078,23.625643903782773]],[[120.54938139403392,23.626081297133037],[120.54701759262694,23.625684698475986]],[[120.54995336130303,23.626715940833403],[120.54948605295321,23.626197425318743]],[[120.55194049045399,23.62597986834112],[120.55193876131231,23.625981251968426]],[[120.57944330396165,23.62340468602284],[120.57975513952277,23.623026532270426]],[[120.57977290625233,23.622996343391335],[120.58149485052307,23.622800248299527],[120.58120257770969,23.623372887267017],[120.58348322330986,23.624921073933926]],[[120.55245147081965,23.625671648445454],[120.55198596680385,23.62594347897596]],[[120.52925889811101,23.64261743748342],[120.52914958559897,23.64231009226764]],[[120.5497821321041,23.62857639406243],[120.55006087462041,23.62838005313123]],[[120.54482585812164,23.634692522247565],[120.54645512318773,23.63213729981069]],[[120.54685258182602,23.635364424548364],[120.54683589153012,23.635360879758615]],[[120.54670124271662,23.635332282123127],[120.54482585812164,23.634692522247565]],[[120.54482585812164,23.634692522247565],[120.54239418281676,23.636335266928654]],[[120.54234334922297,23.636345984558794],[120.54215662995286,23.636380041349632]],[[120.55364790943926,23.6238736046259],[120.55297187272309,23.623907306625092],[120.55284788821083,23.625040967191765]],[[120.55463744434931,23.623629959832634],[120.55372212027154,23.623871590966484]],[[120.57204864194442,23.638248806631044],[120.5727758021645,23.637626283944474],[120.57334149730589,23.63799576521809],[120.57498619609092,23.636731677577277],[120.57676350197664,23.636474786600797]],[[120.58705573998071,23.622167314026264],[120.58593590826483,23.6234714890228],[120.58348322330986,23.624921073933926]],[[120.58348322330986,23.624921073933926],[120.58537205554929,23.627043830779407],[120.58758690977156,23.627110709213955]],[[120.54979283993823,23.62736920126893],[120.55038830788466,23.627468967966593]],[[120.54685258182602,23.635364424548364],[120.54452837726335,23.636350899990124],[120.5442600600196,23.637259514326733]],[[120.5476093201773,23.635219900984662],[120.54685258182602,23.635364424548364]],[[120.56101326158856,23.635771110633158],[120.56107257977459,23.636536559646103],[120.56000867680332,23.637761571772767],[120.56016221773335,23.638366763723784]],[[120.56017145564648,23.63840317514556],[120.56026864966707,23.638724482375267]],[[120.56028407855078,23.638775251160773],[120.56043102579754,23.639379117906696],[120.56007502163474,23.639533356786046]],[[120.55994195040073,23.63954586766315],[120.55760864326517,23.64099412976754]],[[120.57081841511364,23.638109109333744],[120.57157421799961,23.63805123341856]],[[120.56915787884671,23.63897541278252],[120.57010326321712,23.638259128982703]],[[120.55743293104403,23.62229927821831],[120.55613582779289,23.622821450546695]],[[120.5692830236139,23.639061092034748],[120.56937147809343,23.63923903290584]],[[120.56942229252468,23.63929406539778],[120.56906975200026,23.64109674668262]],[[120.55007818216481,23.643146273726856],[120.54998551426677,23.64198526905639],[120.5506354622039,23.64093533413222]]]}},{"type":"Feature","properties":{"NAME":"崙尾坑","FROM":""},"geometry":{"type":"MultiLineString","coordinates":[[[120.64038833034043,23.679071636981813],[120.6400984358049,23.677820327699127],[120.64493614396132,23.674202801508663],[120.64477940393071,23.672178551621816]],[[120.64038833034043,23.679071636981813],[120.64443650012124,23.676627182377402],[120.6450733928145,23.675813706071448]],[[120.63287817607697,23.683164603654976],[120.63391663343349,23.682417627250487],[120.63572171810645,23.6828395503615],[120.6367921894604,23.680860077817552],[120.63773492242062,23.680435654761947],[120.63966012620683,23.68056660408708],[120.64038833034043,23.679071636981813]]]}},{"type":"Feature","properties":{"NAME":"排水道","FROM":""},"geometry":{"type":"MultiLineString","coordinates":[[[120.53697353169727,23.250805660226252],[120.53828230308488,23.250950472390723],[120.53849366436182,23.2515029613532]],[[120.53558296674906,23.252401836467865],[120.53551064691801,23.250769919892146],[120.53619858313874,23.250754480414418]],[[120.5385154891654,23.25152774083642],[120.53866731061702,23.251725370578338]],[[120.53637037153571,23.250728172283527],[120.53674859885486,23.25075331862427]]]}},{"type":"Feature","properties":{"NAME":"梅林溪","FROM":""},"geometry":{"type":"MultiLineString","coordinates":[[[120.62279338728645,23.70311116857728],[120.62493515554658,23.704893009169794]],[[120.62273086740174,23.70491241333011],[120.62424371412278,23.706354101826932]],[[120.61079011252876,23.70195073841835],[120.61079491452149,23.701958139795327]],[[120.62240322828842,23.70764305164619],[120.62219061275783,23.70656800524463],[120.6227413533737,23.705352630677698]],[[120.61818584100975,23.700217053478305],[120.6197287474849,23.7005361231353],[120.62075914693287,23.70240215586157],[120.62089954965381,23.703851422905128]],[[120.61732312839312,23.699044073480977],[120.61818584100975,23.700217053478305]],[[120.61714756252265,23.698628153539204],[120.61730285522846,23.69898381902941]],[[120.62279338728645,23.70311116857728],[120.62286994277585,23.70194867414694],[120.62391616240362,23.70077583070271],[120.62416042992257,23.69965118181172],[120.62352330269816,23.699190913513025],[120.62224064195354,23.699213559322132],[120.62084902198188,23.698318452749813]],[[120.61818584100975,23.700217053478305],[120.61872908887585,23.7010175191614]],[[120.6227413533737,23.705352630677698],[120.62279338728645,23.70311116857728]],[[120.61083551914196,23.70202072422004],[120.6113111269451,23.702529304425966],[120.61464612163881,23.70327086247528],[120.61714695337001,23.70555994730107],[120.62118687658712,23.707265309202366]]]}},{"type":"Feature","properties":{"NAME":"清水溪","FROM":"濁水溪"},"geometry":{"type":"MultiLineString","coordinates":[[[120.60591409230146,23.451273186075742],[120.60615498738693,23.451604781113627]],[[120.60540447015514,23.469454314205276],[120.60359192751639,23.468341227550944],[120.60375755970618,23.468033791113072]],[[120.63099552338593,23.57588427926297],[120.6330262440537,23.5763256377048],[120.63542550618358,23.577745527474026],[120.63859077278423,23.5764491186297],[120.63986755638277,23.57645733417732],[120.64081255724041,23.575595217372083]],[[120.65804622078707,23.666253381695146],[120.65880218488259,23.66550733573625]],[[120.65855467154263,23.681807347675836],[120.6584962494961,23.680749509696177],[120.6600063863132,23.677917375466404]],[[120.6770042637889,23.71398860613235],[120.67536133698064,23.714701443779155],[120.67499116062287,23.717502024219574],[120.67138109418612,23.7198442466418]],[[120.66312490584468,23.70555784616813],[120.6623771434573,23.702893970986345]],[[120.66254287178803,23.707134150759547],[120.66312490584468,23.70555784616813]],[[120.65902692913492,23.732031817605172],[120.65959548682501,23.730015167118765]],[[120.67131414957865,23.71990920761463],[120.66782884902446,23.72071134070782]],[[120.68827920981174,23.641049055322103],[120.68945520075293,23.64016253232383]],[[120.66169327310642,23.690121003349223],[120.66202761867827,23.688767167044514],[120.66318281562795,23.687146528457273],[120.66312929236122,23.685471284940544]],[[120.66312929236122,23.685471284940544],[120.66099085824266,23.688189150895152]],[[120.66312929236122,23.685471284940544],[120.66360988141847,23.685468422296562]],[[120.66164810213894,23.70853577800425],[120.66153394057409,23.70812586554622],[120.66242597362185,23.707359629453727]],[[120.66368642162563,23.68546335842934],[120.66463726557463,23.685271448861645],[120.66804990308603,23.686692226295953],[120.67022597806496,23.686119010203367]],[[120.6587735715534,23.72890041393584],[120.65944854863223,23.7263580217558],[120.65916432588767,23.725524402096532]],[[120.65916432588767,23.725524402096532],[120.65640190949894,23.724381049902025]],[[120.65916432588767,23.725524402096532],[120.65947149793186,23.72435891553249],[120.65838734122221,23.724098194077907],[120.65829721457895,23.723626191308462],[120.65780212359232,23.723905268588307],[120.65769928973047,23.72492036460173]],[[120.6603459002862,23.679343158840354],[120.66031732791448,23.679309831183254]],[[120.65880218488259,23.66550733573625],[120.66041800030966,23.66705952631522]],[[120.65948079419881,23.693328630932598],[120.66078029003206,23.692141804556485],[120.66169327310642,23.690121003349223]],[[120.65974439401883,23.64836663336234],[120.66325185942466,23.648488844400593],[120.66559965599576,23.647201685302853]],[[120.66312929236122,23.685471284940544],[120.66357953523134,23.6842847961845]],[[120.66567389257821,23.64716699457574],[120.66668780004584,23.646412734763462],[120.66798875109828,23.64707337439697],[120.66829245166156,23.646125544898894],[120.66905029314657,23.646341902665508],[120.66958596956526,23.645958280472126],[120.6763609916037,23.64656378657271],[120.67804601828708,23.64524300492613],[120.67918352066,23.64523637224273],[120.68265048687996,23.64358163073804],[120.68531511461637,23.643193347868564],[120.68821370133068,23.64106766735838]],[[120.6600063863132,23.677917375466404],[120.66021941137264,23.67919561828479]],[[120.66023575439895,23.67921468131557],[120.66021941137264,23.67919561828479]],[[120.65966550758625,23.688700929648377],[120.65909215043601,23.684715060407505],[120.6602950451383,23.681778411512116],[120.66040149566564,23.6794080068717]],[[120.6647562545855,23.681861243081027],[120.667228895366,23.681897544463933]],[[120.66438861666838,23.681940975440444],[120.66467858291237,23.681868699244475]],[[120.53964452700211,23.489283060919238],[120.54031468059334,23.490019042387175],[120.54124972546441,23.49005763220434]],[[120.54127909014939,23.490057103456436],[120.5425274815214,23.489418031210423]],[[120.65419598246629,23.704787666602293],[120.65537108639253,23.704619149695482]],[[120.68694124359611,23.60797327486754],[120.68824773649132,23.60897525872271],[120.68909936839576,23.612650865868655],[120.69020121552396,23.614257356302733],[120.6918173634565,23.61520189581321],[120.69323697182743,23.615218078182846],[120.69508734283032,23.616342670609797],[120.69763807711186,23.61652806899953]],[[120.65733917845365,23.625952655007897],[120.65718693418478,23.62571817487438]],[[120.65453202984055,23.7386060372533],[120.65259086055269,23.73810044529389],[120.64802711986505,23.738401450426203],[120.64619106845842,23.737110438967772],[120.64591196660254,23.736344512272666]],[[120.5543126558284,23.485153467689607],[120.55516411574776,23.485070261344486],[120.55569215344296,23.48566090699905]],[[120.52608387679612,23.496057279843257],[120.52536928838289,23.495603663389012],[120.52464762935769,23.496249759542156],[120.52349475619673,23.496139861948624],[120.52108827445967,23.495210623980224]],[[120.67400019068468,23.614647653825788],[120.67438630433584,23.615467632419307],[120.6758127587902,23.615357696295163]],[[120.63830291865445,23.60986196448547],[120.63667740074833,23.609713500029006],[120.63361797509418,23.612857932659608]],[[120.68868977502345,23.64158109649847],[120.68933289224614,23.641168640300524]],[[120.54580777823593,23.48135366180904],[120.54423376528105,23.481523449880118],[120.54322495331067,23.48102347111414],[120.54311327683807,23.47955029587679],[120.54210011568998,23.477682869273078]],[[120.53966618331947,23.485914654030857],[120.54156916934699,23.48456902616362],[120.54281424778826,23.484856693407135],[120.54465730482316,23.48377278182135],[120.54484153659689,23.483049189465362],[120.54612632252989,23.482126821040612],[120.54580777823593,23.48135366180904]],[[120.55572304655354,23.485707302914598],[120.55696911819662,23.48729145929825]],[[120.64081255724041,23.575595217372083],[120.64340549454867,23.575843329295576]],[[120.55779310029216,23.475810144131277],[120.55795782693434,23.47336585283338],[120.55738913540831,23.471984265306126]],[[120.52634610056027,23.495999747864083],[120.5261850443838,23.496027083357518]],[[120.66021941137264,23.67919561828479],[120.6600414084518,23.680511801289263],[120.65868685635648,23.683194111255695]],[[120.65714866214428,23.62564326552607],[120.6567807837569,23.625036266718766],[120.65729264557129,23.623706965237517],[120.65861189063399,23.62286186763649],[120.65931148608827,23.620254380997782],[120.66105308959482,23.618571305376165],[120.66567176742294,23.617941580123304],[120.66762764853429,23.616759984367697],[120.66907996225768,23.615125575542415],[120.6731690663285,23.61490500379923],[120.67496006811231,23.613990245484374]],[[120.65613420255868,23.650707203776342],[120.6560213080645,23.6499764966475]],[[120.53879792810373,23.475695079887448],[120.54005466979797,23.474070547946067]],[[120.6867610666705,23.642191330100314],[120.68860852372867,23.641610284454693]],[[120.64946366072152,23.58405512356838],[120.65402090385348,23.58344765162779]],[[120.54580777823593,23.48135366180904],[120.5464786424804,23.481039899162827],[120.54689889241675,23.478581193778318]],[[120.68948193665486,23.613227712658478],[120.68885016411011,23.614578610106136],[120.68912537275462,23.61555378108172]],[[120.54007013693001,23.474035719306453],[120.54040494215698,23.472260876921382]],[[120.6866802974177,23.618321061910173],[120.68822281479596,23.620792110088956],[120.69103136933573,23.621862941786006],[120.70388497995461,23.622252226358516],[120.70550772586941,23.622470047796813],[120.70777010057488,23.623538947179405]],[[120.59525835543089,23.472225306893574],[120.5923979398126,23.472303598716554],[120.59120554850216,23.471429743321558]],[[120.68909936839576,23.612650865868655],[120.68737605592088,23.614890131300506],[120.68768453381078,23.61679618026267],[120.68668104575067,23.61832128273097]],[[120.62248752258782,23.572843258441726],[120.62579377376113,23.57441109792471]],[[120.68248416567869,23.604632102010346],[120.68579201607157,23.606656231095034],[120.68690383080309,23.607941161067476]],[[120.67947631628346,23.60136873567968],[120.68206048360256,23.59946262548459],[120.68562751836943,23.598489987038224],[120.6867055510057,23.597584122410453],[120.68828650484869,23.59777856303862],[120.69033560675419,23.597328850482235]],[[120.53212821725702,23.493929553536855],[120.53045516766836,23.494900282202565],[120.53020273249781,23.49572818701894],[120.52875834408391,23.495861910020817],[120.52820180138347,23.496360142722995],[120.52634610056027,23.495999747864083]],[[120.64706257191878,23.658211871592375],[120.64678821508781,23.658093356871497]],[[120.64784263408191,23.658417473316604],[120.64679966901994,23.658379690958252]],[[120.6512071289349,23.613440059243352],[120.64806715966218,23.613828090695847],[120.64729926211221,23.612900754161778],[120.64633136698278,23.61314011975398],[120.64154562388298,23.610693253651625],[120.63834959563806,23.609910110743215]],[[120.53673438716194,23.478235670996707],[120.53734572262772,23.47859264538652],[120.53792152473456,23.478286677580005],[120.53785897072014,23.477414402208712],[120.53873722460011,23.475722968040174]],[[120.62317032179818,23.578403588763724],[120.62286147215039,23.579028915367843]],[[120.6256280726373,23.57754599301825],[120.62356005583612,23.577875900386875],[120.62321048371794,23.578369998421042]],[[120.6568872395084,23.57105862557029],[120.65581607513457,23.571170092943895],[120.65561720242398,23.571802169795344]],[[120.65811794663128,23.570959846447604],[120.65700566479389,23.57107447404297]],[[120.65086025216556,23.65895120450996],[120.65080597627592,23.658950282868926]],[[120.65066642813336,23.657299176232453],[120.65063248194926,23.657271286587147]],[[120.65108843474127,23.65756638196223],[120.65069593973837,23.65732341763064]],[[120.54692013160071,23.478482213421476],[120.54748736594156,23.476540447018518],[120.54719741716215,23.47593426073146],[120.54833404445661,23.474756550721278],[120.55104772179034,23.47374126928824]],[[120.65880218488259,23.66550733573625],[120.65599263840836,23.661628680099763],[120.65491764557605,23.66176037555166],[120.65410420543378,23.65908775312769]],[[120.6487488803875,23.590481257750795],[120.64983178994993,23.59133766517509],[120.65121657831543,23.591548466150872],[120.65224137021869,23.59101797450519],[120.65299538537668,23.588565696840966],[120.65566919671268,23.587512848408874],[120.65746830268269,23.58781255202291]],[[120.67070317952113,23.600318778887747],[120.67294273827076,23.59749225497858],[120.67525177117136,23.59684007107204],[120.67663019858692,23.595086542291178]],[[120.65442794023852,23.690841587808286],[120.65480223014082,23.690776203602276]],[[120.65423123377694,23.690932401390647],[120.65437152507025,23.690874129539875]],[[120.55696866653872,23.477193795251534],[120.55581007624271,23.47432858505371],[120.55478955607644,23.473347503359413],[120.55363688849172,23.4729910564509]],[[120.64081255724041,23.575595217372083],[120.63881529686667,23.575512898663],[120.63724073072186,23.576034084828468],[120.63211864279796,23.57418670454431]],[[120.64817779108957,23.75],[120.64782909846792,23.749572133224316],[120.64241650885958,23.749386855880022]],[[120.54692013160071,23.478482213421476],[120.54620013246145,23.478017633576847],[120.54573329682033,23.47682263268098],[120.54768737902431,23.4714523197714]],[[120.63099552338593,23.57588427926297],[120.6289839353318,23.57750224730293]],[[120.57236735888081,23.47364411695022],[120.57384956217373,23.477148735973557],[120.57540948999022,23.479009564629212],[120.57636173197784,23.479363804292756],[120.57825639666925,23.478835718322678]],[[120.6575331489844,23.598664741427545],[120.66416533098811,23.60001799540106],[120.6670909876036,23.60162735729752],[120.66816897440678,23.600769463504815],[120.67070317952113,23.600318778887747]],[[120.66420291281298,23.68377929247221],[120.66431705642215,23.68390094294972]],[[120.65600721650951,23.649940807541007],[120.65578903228051,23.64785982327379],[120.65665234859479,23.647776932220474],[120.65714842123157,23.647115110410702]],[[120.66312490584468,23.70555784616813],[120.66279460583705,23.703927720184776],[120.66318010552381,23.702991164671698]],[[120.66015742653944,23.67673414018851],[120.6600063863132,23.677917375466404]],[[120.65060443891532,23.65718675085571],[120.65110507097756,23.656096655599438],[120.65105865783805,23.653813693694048]],[[120.70306940403044,23.589239728058896],[120.70438583772035,23.59177515708277],[120.70500232378875,23.59433182543707],[120.70808446474027,23.595567964549307],[120.7079360948971,23.598220298843003],[120.70864707767423,23.59912919551017],[120.71033087975644,23.59968313425776],[120.71150540025069,23.601515400062933],[120.71211047459883,23.604628616451603],[120.71412456183968,23.6067918467363],[120.71451081292308,23.60943959218838],[120.71850509712543,23.611616757638192],[120.71904242482574,23.613496317269522],[120.72106009915332,23.61407039500349],[120.72118274890563,23.61572350640939],[120.72308240952906,23.61748775311044]],[[120.59118882985193,23.464325170629117],[120.58930353366222,23.4622350919269],[120.5859789537835,23.461524191448085],[120.58539443145689,23.461856016306402],[120.58362247120017,23.461055282540865]],[[120.65769804382451,23.650093662244966],[120.6581210674359,23.649886880767674]],[[120.59836627613096,23.46478010853029],[120.5948876170161,23.46563275872023],[120.59162345090631,23.465713986113567],[120.59099467304966,23.464764105027516],[120.59120210540954,23.464367768639935]],[[120.6557425895037,23.65194544447918],[120.65513687635323,23.650751250762962],[120.65762851715414,23.650130486872808]],[[120.68426914614271,23.64340393602702],[120.6855800904449,23.642102204172694]],[[120.6644073018865,23.683896686056165],[120.66584669085847,23.68362438824217],[120.66670499831646,23.684102765663237],[120.67011462560573,23.682855464664577]],[[120.65657293183091,23.679194973082208],[120.65620224518756,23.677967281464667],[120.65755088718969,23.676485826751883]],[[120.6855800904449,23.642102204172694],[120.68664089897467,23.640823171448893]],[[120.6289839353318,23.57750224730293],[120.62713748138438,23.580256985036232]],[[120.52634610056027,23.495999747864083],[120.52634501778766,23.495991019834623]],[[120.52634007254386,23.495951157131877],[120.52504979292371,23.494316202139004],[120.52531734205944,23.492948091260928],[120.52472662991447,23.49171747627736]],[[120.72428649689353,23.57173462415604],[120.72436996172459,23.571894541006493]],[[120.65028249502218,23.658606131594027],[120.64703376370176,23.659898619409184]],[[120.67070317952113,23.600318778887747],[120.67429973967845,23.60116369631873],[120.68015876995925,23.601295236856526],[120.6807126798908,23.602777309652176],[120.68248416567869,23.604632102010346],[120.69079333508456,23.604732282452865],[120.6939199663838,23.606562024430332]],[[120.58949047688917,23.469041522574788],[120.59068484476157,23.468707223002003],[120.59255075165106,23.469688664723865]],[[120.6060285115585,23.467842345283465],[120.60375755970618,23.468033791113072]],[[120.59117245251004,23.471412259505406],[120.59062751547903,23.469512381744583],[120.58949047688917,23.469041522574788]],[[120.65041905564165,23.62214799797936],[120.64940617830018,23.62176645813029]],[[120.54690637038212,23.478546344444087],[120.54692013160071,23.478482213421476]],[[120.6507667906546,23.65894982273075],[120.6496978868808,23.657653239029422]],[[120.65221934415611,23.62258772431294],[120.65041905564165,23.62214799797936]],[[120.64594735629312,23.62270006511622],[120.64725950032248,23.623479639435818],[120.64725303824451,23.623953714316055],[120.64802870885013,23.624108977416846],[120.6495104040183,23.62382785278483],[120.65041905564165,23.62214799797936]],[[120.65757267366557,23.676442459351577],[120.65700646679565,23.675256082379917]],[[120.6289839353318,23.57750224730293],[120.62744200521605,23.577968772831355],[120.62681877826236,23.577504240579657],[120.6256680191393,23.577529000529655]],[[120.52466742897478,23.491725083641818],[120.52087759027214,23.492237375439423]],[[120.52081849203849,23.492311483195913],[120.51957729339415,23.492055600800214],[120.519334150749,23.492544484510347]],[[120.62710618565616,23.58028565420742],[120.62619743680011,23.581655003168468]],[[120.59227370767687,23.460987395303654],[120.59053321666224,23.461144824282346]],[[120.59048772098633,23.46112666319375],[120.58842276359293,23.460910974359198],[120.58709901387023,23.459933587392044]],[[120.58709901387023,23.459933587392044],[120.58785723626438,23.459490724320286],[120.5878338140053,23.459032074348364]],[[120.70917318986908,23.575197534999074],[120.70935691887438,23.575161773627958]],[[120.65729947505646,23.678241847275743],[120.65482881256943,23.683080211118604]],[[120.65792678694571,23.67670592559538],[120.6573453124606,23.67822931248006]],[[120.51931045126456,23.492573705575992],[120.51836919527435,23.493233569131576]],[[120.6600734582442,23.673890050648485],[120.65794731611777,23.67666422879773]],[[120.70935690800711,23.57516179774851],[120.71129550569476,23.577870036123468],[120.71524057551636,23.57908338432711],[120.7171393296405,23.58108720011782],[120.71841119809092,23.585089181441546],[120.72084558564563,23.587328528085987],[120.7207413632216,23.588049938721166],[120.71949311850953,23.589437796604102],[120.72069974028406,23.592545485070413]],[[120.58783524351522,23.45896893596643],[120.58952973749942,23.45848206796127],[120.58954158385137,23.457740526493065],[120.59058824896604,23.45736484176575],[120.5925990573075,23.454922952422457],[120.59375305800774,23.455352917760006],[120.59609703314914,23.454658265573915]],[[120.59609703314914,23.454658265573915],[120.59687016117114,23.45484320867222]],[[120.69756561899479,23.567542291148538],[120.69914739909306,23.56698740250435],[120.69952015863183,23.565704798569172],[120.69919988894344,23.564563479426845],[120.69768869647694,23.562957460157953],[120.69803349884538,23.56155150958805],[120.69755159385903,23.560040625378967],[120.69576041493366,23.558857918074434]],[[120.51829898601625,23.493264725980286],[120.51780896065937,23.49359997756018],[120.51692581285211,23.49332372445625]],[[120.63007068625195,23.59459700314497],[120.63310211799273,23.595554610285024],[120.63447368089908,23.595397548961234]],[[120.65120000627215,23.65960056291113],[120.65083930957948,23.658853687059434],[120.65104162307284,23.657512626938864]],[[120.69397557988447,23.60656791571747],[120.6970872399106,23.607444627751434]],[[120.65695318889544,23.675253462729653],[120.65662085176949,23.674865865612407]],[[120.65658003342166,23.674837050575846],[120.65590657240737,23.674521655688814]],[[120.65075818193175,23.689161654800998],[120.65067514723759,23.6880223231617],[120.64961588898939,23.686178315188727],[120.64853323731707,23.68560310199074]],[[120.65262081808132,23.69171834749918],[120.65076446400094,23.68922294766827]],[[120.63447368089908,23.595397548961234],[120.63323111257368,23.594344857136587]],[[120.63447368089908,23.595397548961234],[120.63772307939479,23.596126354305667],[120.6390216821447,23.59513047843104],[120.64305792683216,23.593981658480782],[120.64782983058808,23.59396997703741]],[[120.62583277790236,23.574425131354772],[120.63099552338593,23.57588427926297]],[[120.65585939312004,23.674504075728024],[120.6526678439295,23.673236311505523],[120.65087631010714,23.673416815285247]],[[120.59687016117114,23.45484320867222],[120.59777589794761,23.454171832524803]],[[120.58469667152863,23.46086701355547],[120.585813253227,23.45986921951937],[120.58709901387023,23.459933587392044]],[[120.72436492912348,23.571894833940966],[120.72491589903555,23.573500611633914],[120.72632639619083,23.57472955437949],[120.7275484443515,23.57676549780032]],[[120.60375755970618,23.468033791113072],[120.59990770863959,23.466278999370438],[120.59836627613096,23.46478010853029]],[[120.59777589794761,23.454171832524803],[120.6004552667067,23.452740391975688],[120.6013045316908,23.452969001713253]],[[120.69576041493366,23.558857918074434],[120.6959905932451,23.55719313569123],[120.695195796394,23.55555002614297],[120.69443600018924,23.55149786397734],[120.69378243191497,23.550240517389998],[120.69168849749433,23.548882160214816]],[[120.66929812574804,23.712992883491015],[120.66924748127757,23.71299232498935]],[[120.60133620681579,23.452984122626745],[120.60353445309794,23.454315280906414]],[[120.66917027768065,23.71299147356531],[120.66720474574133,23.712806641268124],[120.66569626825145,23.7140995863895]],[[120.67609371222237,23.708892816447058],[120.67767454117939,23.7083288547532]],[[120.67510483601089,23.710220759936618],[120.67609371222237,23.708892816447058],[120.67612985563184,23.70776053415885]],[[120.647885102125,23.702039273307623],[120.64922462743301,23.700665997076197],[120.64944003091222,23.699191762214625]],[[120.6036034123909,23.454331895135212],[120.60470278233785,23.45540416806596],[120.6059431950624,23.458612220127595]],[[120.65260750361163,23.700760915003386],[120.65214925069867,23.699854588745534],[120.64989264456817,23.699276283692452]],[[120.6498415165723,23.699249229567176],[120.64872875539557,23.699117715168484]],[[120.60081430462611,23.457423895894717],[120.59916697824853,23.454940759720646]],[[120.69576041493366,23.558857918074434],[120.69515104789471,23.558041493444076],[120.6943223285493,23.557915294088435],[120.69123576280258,23.559093547155584],[120.68815381502932,23.559219903641853]],[[120.59914811567876,23.454922581823865],[120.59777589794761,23.454171832524803]],[[120.60070793892959,23.46037946447742],[120.60033981999541,23.46023145312717]],[[120.6003054767702,23.46021847880311],[120.59866934631668,23.459993345635507]],[[120.59863982509516,23.459991809615254],[120.59763294991122,23.458846539085727],[120.59813972018645,23.456056841351167]],[[120.59813471518657,23.45603104741803],[120.59791092708443,23.455399026143123],[120.59687016117114,23.45484320867222]],[[120.56033770238193,23.483226064679936],[120.56081759636129,23.48257077355363],[120.56232286489656,23.48302235467188],[120.56416062748809,23.4843579797422],[120.56612424006791,23.484096677936826]],[[120.59609703314914,23.454658265573915],[120.5968777884469,23.454246021438063],[120.59833593777246,23.45200950974173],[120.60059109473205,23.451103988596746],[120.60114194028668,23.450300733992645]],[[120.60116339068769,23.450272934813782],[120.60284466666042,23.450105301931675],[120.60591409230146,23.451273186075742]],[[120.60390425421224,23.463854164380948],[120.60270108745891,23.46364187203677]],[[120.60265748293591,23.463647348657688],[120.60186791158388,23.463923351822977]],[[120.6018290037195,23.463936690628096],[120.59836627613096,23.46478010853029]],[[120.57163318196196,23.473081135319326],[120.57141609243267,23.47303624956431]],[[120.57138164321596,23.47303170446545],[120.5712197629645,23.473010346494032]],[[120.58949047688917,23.469041522574788],[120.5870941257627,23.46806598918017],[120.58499242773087,23.469412786269245],[120.58304501436129,23.469443231128807],[120.58250104339449,23.470352642398993],[120.5818169919661,23.469736273518834],[120.57770862174496,23.470620836152378],[120.57765375912842,23.471827191406845],[120.5767581914405,23.471549891595938],[120.57459192485084,23.473014135437044],[120.57246890278306,23.47228997487452],[120.57236906711246,23.472915916287416],[120.5712461607621,23.472958220525292]],[[120.5932165287093,23.453462830850434],[120.58937077987026,23.45615146640176],[120.58718992795444,23.456340154668155],[120.58652326821289,23.45712542825458],[120.58267631894925,23.458367385545344]],[[120.5591832114341,23.48388114315412],[120.55963390417553,23.48421208291416],[120.56029065004654,23.48323925708447]],[[120.58258304232045,23.458417907876207],[120.57956252483395,23.459683689008223],[120.57890400076752,23.460451265215855],[120.5762039630843,23.46071409452899],[120.57583198025394,23.462975808514305],[120.575270215087,23.46367884861532]],[[120.57122991743961,23.472992371303587],[120.5712197629645,23.473010346494032]],[[120.56449144399274,23.478509762420394],[120.56576077414267,23.478215052785885],[120.56513222780362,23.476714350607583],[120.56562890905764,23.4756853014736],[120.56633116029995,23.476001261048218],[120.56760989249032,23.47538678006965],[120.56809150335626,23.476147591861633],[120.5712197629645,23.473010346494032]],[[120.56081427174895,23.48024947487244],[120.56218226592524,23.480655700930782],[120.56163069703435,23.478934613294076],[120.56210641392022,23.477636591521897],[120.56388808012174,23.479272861008145],[120.56445589776827,23.478532538536168]],[[120.6532427541389,23.70172287992648],[120.65261402882903,23.701111411828812]],[[120.60641323531809,23.451274731700234],[120.60591409230146,23.451273186075742]],[[120.56008462158898,23.48200000019165],[120.55963811576018,23.48069709930989],[120.56076856503103,23.480227578966634]],[[120.61784585345987,23.57054755336525],[120.6224488463109,23.572816154664785]],[[120.65063363669027,23.70569973415337],[120.65272739512415,23.70479493021439],[120.65413960719846,23.704806172515063]],[[120.61726226499114,23.568894921821023],[120.61779896687963,23.570532359351926]]]}},{"type":"Feature","properties":{"NAME":"深坑","FROM":""},"geometry":{"type":"MultiLineString","coordinates":[[[120.49941991612538,23.212327920426596],[120.49855643291069,23.213352350693807],[120.49815014638047,23.21504413136773],[120.49956447733243,23.21535554458481],[120.49955261173308,23.217495521567262],[120.50123687590775,23.219320219558178],[120.50266970534024,23.219633934402378],[120.50578286515456,23.218155939529606],[120.5072836549627,23.218986770256993]],[[120.49898256022657,23.20982309933506],[120.49890454631904,23.2112608226275],[120.49941991612538,23.212327920426596]],[[120.5160831500903,23.222288270654477],[120.51399862715412,23.219279956988473]],[[120.5072836549627,23.218986770256993],[120.51224840622295,23.225261623079902]],[[120.51399862715412,23.219279956988473],[120.51448989112217,23.219513872219483],[120.51437885852651,23.218955971718106],[120.51479255761485,23.218826219156842],[120.51722597453562,23.219600804045967],[120.51707665541545,23.221171528502136],[120.51810284622758,23.222813510684635],[120.51793775434108,23.22423293841699],[120.51882046294217,23.22484509664861]],[[120.50997027755655,23.217915954703965],[120.51107500168243,23.219998405586775],[120.5119105064068,23.219906064588486],[120.51263025536575,23.220637272560616],[120.51332285699091,23.222549032276564],[120.5141778241162,23.22333480034895]],[[120.5072836549627,23.218986770256993],[120.50768416038017,23.218355924954583],[120.50840819350077,23.218599687986448],[120.50924534467251,23.217830215020275],[120.50997027755655,23.217915954703965]],[[120.51007121413106,23.21754153110873],[120.5103745986897,23.217118061728097],[120.51399862715412,23.219279956988473]],[[120.51007121413106,23.21754153110873],[120.50923340970262,23.216904636887556],[120.5086311727984,23.215047197201248],[120.50611737926748,23.21644811025591],[120.50328883274261,23.215793753818083],[120.50231284223935,23.213339185551543],[120.49941991612538,23.212327920426596]],[[120.50997027755655,23.217915954703965],[120.51007121413106,23.21754153110873]]]}},{"type":"Feature","properties":{"NAME":"粗紙坑溪","FROM":""},"geometry":{"type":"MultiLineString","coordinates":[[[120.65431437517188,23.535480695093277],[120.6524245183869,23.5333021909316],[120.65173994204827,23.53079957969712]],[[120.65518892416091,23.537588641614093],[120.6549454187954,23.542212464515792]],[[120.62662324751874,23.545111085547795],[120.62554401558451,23.544726018481555]],[[120.62662324751874,23.545111085547795],[120.62581722493226,23.54435468252775]],[[120.6298018662448,23.547151915343374],[120.62785491438433,23.544852874644082]],[[120.6583550953892,23.53978983494893],[120.65766013700586,23.538456609484225],[120.66002233659886,23.536924448675883],[120.66049246445827,23.535405335552163],[120.66408828636209,23.53511480184935],[120.66660812704484,23.53409085256654],[120.66945165587825,23.534743410419733],[120.6726114997797,23.532452560745728]],[[120.62465192455514,23.541849886990153],[120.62252017747947,23.541532696045525]],[[120.62547952512224,23.544702553526992],[120.62434275953572,23.544314385144446]],[[120.63329841945712,23.54075133029704],[120.63350861689139,23.54054824916807]],[[120.65532652896107,23.533931316716433],[120.65250811966648,23.53075398215717]],[[120.65532652896107,23.533931316716433],[120.65903775323764,23.53092773445423],[120.65934358307216,23.52881327556206]],[[120.65936165670706,23.528763732586956],[120.65901078169422,23.526779898071865],[120.65973970267771,23.52563240460794],[120.65888476567797,23.525158213709442],[120.65877532650508,23.523597983133765],[120.66008862716991,23.519919328014986],[120.66144479186363,23.51892644267707],[120.66102583329,23.51752755188247],[120.66138529140551,23.51602500380319],[120.66267944000496,23.515609996631127],[120.66381663122321,23.514463373215904],[120.66973551337811,23.513399449234946],[120.67306560731744,23.51041937649828],[120.67585961928634,23.5103116562275],[120.67740350949904,23.509778570597703]],[[120.6726114997797,23.532452560745728],[120.67272722651678,23.529622802125786],[120.67165076146658,23.527565003768064]],[[120.67163568801108,23.527520227748894],[120.67045381398621,23.526177444516108],[120.67036635282315,23.524155163847766],[120.66843065997382,23.520721027797755]],[[120.6726114997797,23.532452560745728],[120.67563855505139,23.532625436515268],[120.67694546644789,23.529187750908306]],[[120.6769721775005,23.529153943200004],[120.6786869451725,23.52743328542187],[120.68076924086321,23.527180910492763]],[[120.63212249399932,23.542365423789583],[120.63228438148957,23.541516672264237],[120.63324013229757,23.540783555805]],[[120.63021528856747,23.53889731841334],[120.62989427695435,23.53824549513382]],[[120.6307360281181,23.54018390844857],[120.63021519195183,23.538932433313242]],[[120.63069753369905,23.540372117571078],[120.63072669881112,23.540234657642316]],[[120.63423870618608,23.53579687421221],[120.63425408223976,23.533226398404533]],[[120.63298476346723,23.53973552801755],[120.63409928550924,23.538195604227507],[120.63423255117442,23.535851735497204]],[[120.63097988615182,23.540298280452955],[120.63295533318212,23.53975764672206]],[[120.63069753369905,23.540372117571078],[120.63091343117286,23.540311403081947]],[[120.65431437517188,23.535480695093277],[120.65518892416091,23.537588641614093]],[[120.65518892416091,23.537588641614093],[120.65578460089415,23.537022880255254],[120.65532652896107,23.533931316716433]],[[120.6298018662448,23.547151915343374],[120.6285546335455,23.546937768310986],[120.62662324751874,23.545111085547795]],[[120.63089012535056,23.54155672973481],[120.63212249399932,23.542365423789583]],[[120.62465192455514,23.541849886990153],[120.62938522878046,23.541613767930865]],[[120.6294455158642,23.54162881586265],[120.63089012535056,23.54155672973481]],[[120.63089012535056,23.54155672973481],[120.63069753369905,23.540372117571078]],[[120.64290474281069,23.54683406719475],[120.64274380677024,23.546770257642788]],[[120.6426942657749,23.54675061507712],[120.64188611255555,23.546184396979076]],[[120.64188197161171,23.546126367619028],[120.64128331184327,23.543938577994528]],[[120.64128331184327,23.543938577994528],[120.64067435017293,23.543643640790876],[120.64018219996387,23.542166291654773],[120.63830761440119,23.540440563824113],[120.63789785339615,23.538838261240866]],[[120.64261120007849,23.524206121077842],[120.64320281704195,23.527041956711408],[120.64536766163164,23.52978529742431]],[[120.64537644750517,23.52983598048216],[120.64555227120286,23.531740735019856],[120.64661905557098,23.533248183623634],[120.65005714955635,23.534568344238348],[120.65431437517188,23.535480695093277]],[[120.62285084010077,23.54270643625625],[120.62465192455514,23.541849886990153]],[[120.64128331184327,23.543938577994528],[120.64211881488166,23.54270712693975],[120.64287416954602,23.539320269682563],[120.64417350750388,23.53807753089121]],[[120.63786931317537,23.53751866880203],[120.63821320931144,23.534828420640896]],[[120.64217428134744,23.55003273711802],[120.64280636367971,23.550597135677513],[120.64547739613644,23.54919212214758]],[[120.63903607605387,23.550793659744006],[120.6380482457626,23.550794726587597],[120.63807970949915,23.549680384494046],[120.63517130646605,23.54699460447881]],[[120.63516471297702,23.546947393547786],[120.63321782228654,23.545685368082367],[120.63212249399932,23.542365423789583]],[[120.6298018662448,23.547151915343374],[120.63306427583076,23.549246195571804]],[[120.63306778333842,23.549293080739083],[120.63642639295895,23.550919461740943],[120.63702096993376,23.55170367984244],[120.63692283775288,23.552516980488686],[120.63781471700207,23.553437022462987]],[[120.63789785339615,23.538838261240866],[120.63785624675111,23.53755396897193]],[[120.63641286402128,23.534692762496597],[120.63561523757053,23.531474076508104]],[[120.63680945080597,23.53759383852086],[120.63640457721162,23.53473784937742]],[[120.63789785339615,23.538838261240866],[120.63682007620491,23.53763239863997]],[[120.65174195786217,23.530733379600296],[120.6499841443914,23.527687130204367]]]}},{"type":"Feature","properties":{"NAME":"鳥巢坑","FROM":""},"geometry":{"type":"MultiLineString","coordinates":[[[120.64634209530864,23.662893105386186],[120.64455531556692,23.66683409739872]],[[120.64845801502419,23.662459770649487],[120.6477702893611,23.66122353150075]],[[120.64888923121578,23.664148504662784],[120.64947094531097,23.662747557930587]],[[120.64271639272644,23.6628901289471],[120.64147722651067,23.66319831454488]],[[120.64807383440622,23.662491014920803],[120.64626002660323,23.662913490617324],[120.64451353235664,23.66264228560192],[120.64341311458128,23.663202965877062],[120.64067367770029,23.661877088877674]],[[120.64522381544772,23.66489217746929],[120.64332827477826,23.66656116778953]]]}},{"type":"Feature","properties":{"NAME":"鹿寮仔坑","FROM":""},"geometry":{"type":"MultiLineString","coordinates":[[[120.53594549145548,23.254073043672886],[120.53492887118357,23.254421286789523],[120.53379324358693,23.256030592625088],[120.53454920104811,23.258929692662786],[120.53387494820221,23.25944473387279],[120.53396785216992,23.26114321834396],[120.53347154185049,23.262150977798207],[120.53395417645427,23.26673854725393]],[[120.53395830387262,23.266760554502437],[120.53345972897223,23.2672636014721]]]}},{"type":"Feature","properties":{"NAME":"鹿寮溪","FROM":"卑南溪"},"geometry":{"type":"MultiLineString","coordinates":[[[120.50071608612099,23.276796618155434],[120.50026828013934,23.276424224915907]],[[120.50026828013934,23.276424224915907],[120.50063329359796,23.275791053227913],[120.50235371504388,23.275259792615607]],[[120.50855991861158,23.27415219409262],[120.51188890362344,23.273663565385267]],[[120.48789725748468,23.270775158892707],[120.489625016342,23.27046921441136]],[[120.47935926515402,23.269742799230812],[120.47985045334734,23.27014396465373],[120.48107528569257,23.26993805541016],[120.48163774735595,23.27179543836584],[120.48304577501222,23.272298916554572]],[[120.48954148121403,23.261916473578964],[120.49056698236672,23.262144860428403]],[[120.50026828013934,23.276424224915907],[120.49976154558468,23.276463256561637]],[[120.5024411210386,23.275144857704205],[120.50288742790504,23.27452725061633]],[[120.50344451135034,23.278547151495637],[120.50297201467933,23.277746548872404],[120.50071396533683,23.276895877635308]],[[120.47409350339412,23.24429225530874],[120.47450079580335,23.244654593713687]],[[120.47181956607461,23.263749471172584],[120.47305878723351,23.263787450907717],[120.47543754737654,23.26266892870735],[120.47919782813103,23.26276258487088],[120.48003985664509,23.26207461801611],[120.48099803071186,23.262842982938253],[120.48169391605846,23.26262404564659],[120.48194480853941,23.26317565049691],[120.48478326567931,23.261695067221257],[120.48623517731983,23.26217380401631],[120.48948480820287,23.261936185181003]],[[120.45453183528892,23.260061094459],[120.45361533599406,23.259292900318822]],[[120.45396532630747,23.26458203249329],[120.45469389471995,23.261662245571063],[120.45401312166335,23.260702815351213],[120.45454696317836,23.260123710167722]],[[120.45301007128639,23.264281660623297],[120.45394719415766,23.26464676375177]],[[120.45361533599406,23.259292900318822],[120.45333412917277,23.25989462639221]],[[120.4536436663505,23.25625923012523],[120.45439629889145,23.25802925507203],[120.45361533599406,23.259292900318822]],[[120.45085206150168,23.25678908210033],[120.4508747016535,23.255992350354802]],[[120.4508747016535,23.255992350354802],[120.45192036024633,23.255135948850118],[120.45107710006226,23.25472221665923]],[[120.46633531679228,23.2551778391009],[120.46709822102383,23.255566791283425],[120.46732046642043,23.25477296942904],[120.46801066369414,23.255030355976714],[120.46919754056859,23.254519660944325],[120.47000347935416,23.25544784419015],[120.47063782330822,23.254842744358886],[120.47165644426794,23.25522084700231]],[[120.46205948264318,23.255988973165955],[120.46241611587193,23.255221449315627],[120.46390191101553,23.256495067351175],[120.4639002309619,23.25568695211337],[120.4654363940993,23.2555341194942],[120.46587340155767,23.254910319838306],[120.46628945908391,23.25514375724419]],[[120.46123151548903,23.25682237159054],[120.46202906407497,23.256056992116466]],[[120.4502602311588,23.257139164473102],[120.44807929071,23.25537997340561],[120.44711223781263,23.253715280054955]],[[120.47165644426794,23.25522084700231],[120.47557409988588,23.256260907286602],[120.47570677266421,23.25517557660401],[120.47749108119368,23.25346589177781]],[[120.45107710006226,23.25472221665923],[120.45007180826326,23.253456937436123],[120.4500488403558,23.252470441370274]],[[120.45738951349622,23.254375966907013],[120.45778481393369,23.25249475168735]],[[120.46523029417068,23.252244553129415],[120.4676814206421,23.252704237296598],[120.46788344375561,23.253257951887978]],[[120.4508747016535,23.255992350354802],[120.44979984716032,23.25599540104541],[120.44993288212943,23.255415748841497],[120.44899408668928,23.255026505085304],[120.44916065128112,23.25424833242279],[120.44825590746028,23.25354093317785],[120.4487893805306,23.25219521071425],[120.4483268016259,23.251712814037056]],[[120.44711223781263,23.253715280054955],[120.4483268016259,23.251712814037056]],[[120.45778481393369,23.25249475168735],[120.45915490358864,23.25261227420497],[120.45964061972758,23.2514830289462]],[[120.47318475263629,23.252788359929035],[120.47332563720666,23.25191039879654],[120.47469509212446,23.251359628300207]],[[120.47165644426794,23.25522084700231],[120.47185504451038,23.25418991779412],[120.47321728110632,23.253469842471603],[120.47315050526177,23.2529132597016]],[[120.4483268016259,23.251712814037056],[120.44798033460019,23.25078840045736]],[[120.44711223781263,23.253715280054955],[120.44631862554489,23.252947314157833],[120.44661127992394,23.2522508474455],[120.44566593565962,23.25051851349291]],[[120.46459680847755,23.25131467595463],[120.46574031526832,23.250578128315155]],[[120.45778481393369,23.25249475168735],[120.45689660602206,23.251403718599448],[120.45766609299987,23.25080590978523],[120.4570923556196,23.2504608486936]],[[120.48199649994041,23.251568681693072],[120.4834934369209,23.251758652946172],[120.48518179278088,23.253019209386704],[120.48633271425443,23.25311999943437],[120.48707194407262,23.252571593904534],[120.4874664580209,23.2529272663048],[120.48944669645029,23.25280946828747],[120.49093330712587,23.25423861285793],[120.49364330584154,23.254448160221916]],[[120.47596606984635,23.249148261225944],[120.47678913746056,23.250185949554215],[120.47846876491921,23.25040365489272],[120.47975125870764,23.25149137332483],[120.48191558144516,23.251568418033294]],[[120.46639535020677,23.249657092009855],[120.46638236679475,23.249029521462102],[120.46729887363848,23.248346373172858],[120.46916754259865,23.24877698511489],[120.47043935000914,23.248426824192954],[120.4713663611477,23.24905291986579],[120.47229444237088,23.248408152056463],[120.47590931595508,23.249134573485676]],[[120.45326546390658,23.247793212967714],[120.4544530038263,23.247953036060057]],[[120.45258490708797,23.25024751665567],[120.45222243251118,23.24988436083637],[120.45347400581318,23.24906250722915],[120.4525593006347,23.24800522656731],[120.45326546390658,23.247793212967714]],[[120.45272838157403,23.251938411848197],[120.45228846498883,23.25180776811232],[120.45305640422441,23.251149034988],[120.45316590375032,23.25038871606781],[120.45260784290676,23.25029570195192]],[[120.45107710006226,23.25472221665923],[120.45207218203221,23.253619596798018],[120.45345074666085,23.25325189628595],[120.4534064408322,23.25224952207659],[120.45278533918284,23.251946703458774]],[[120.45302536310977,23.247090381794465],[120.45326546390658,23.247793212967714]],[[120.45095817510614,23.24674170746509],[120.45169574078658,23.246521498349967]],[[120.45089025024075,23.24708347004757],[120.45094399521638,23.246817815385924]],[[120.45001587687612,23.247885859034447],[120.45085940557765,23.247179298660104]],[[120.45169574078658,23.246521498349967],[120.45214321196258,23.246353743183455],[120.45302536310977,23.247090381794465]],[[120.46352800435717,23.248134145459936],[120.46293946875822,23.247573288087377],[120.46378417880652,23.246237564115976],[120.46391533711476,23.24487460555283],[120.46463586554646,23.245129842600264],[120.46441693758162,23.245898841637324],[120.46521218817779,23.246104667573768],[120.46615849057277,23.244857301551345],[120.46665593588094,23.245931179120934],[120.46848549730922,23.246357147233542],[120.46917158789377,23.245781565973846]],[[120.46360018675723,23.248189495029294],[120.46357700816262,23.248171721657627]],[[120.4558121171015,23.244718514134966],[120.45491385466339,23.244796706399654],[120.45531525989695,23.24526758889284],[120.45505442376795,23.245569170285297],[120.45309973004872,23.24597103774348],[120.45382818878107,23.24672971786949],[120.45302536310977,23.247090381794465]],[[120.46917158789377,23.245781565973846],[120.46733521694706,23.244748372039446]],[[120.4558121171015,23.244718514134966],[120.45755649741083,23.244543877892742],[120.458959505812,23.245056523899873]],[[120.47370823218364,23.244304527858713],[120.47401719845203,23.244734436751028]],[[120.47454905920438,23.244703905293214],[120.47707772185369,23.245272718058075],[120.47871321651714,23.247144881454858]],[[120.47370823218364,23.244304527858713],[120.47409350339412,23.24429225530874]],[[120.4512090696319,23.24604692692603],[120.45169574078658,23.246521498349967]],[[120.44974390305562,23.244133377769607],[120.45115061887317,23.245984400069577]],[[120.46917158789377,23.245781565973846],[120.46981385765444,23.24561440603967],[120.47037992231712,23.24429350880768],[120.47139418486168,23.24467158614019],[120.47267078261476,23.24414534551464],[120.47370823218364,23.244304527858713]],[[120.47409350339412,23.24429225530874],[120.47428460199237,23.24287755024174]],[[120.47470372867312,23.24280285643565],[120.477519984717,23.242827231549974]],[[120.47428460199237,23.24287755024174],[120.47464324294506,23.242813635855878]],[[120.4569457733626,23.24224841816513],[120.45602403387082,23.242976632147936],[120.45476340294009,23.242599882005315],[120.45528687907364,23.2434865148016],[120.45494965338963,23.24387361097342],[120.4558121171015,23.244718514134966]],[[120.47428460199237,23.24287755024174],[120.4749414108985,23.241942927474526]]]}},{"type":"Feature","properties":{"NAME":"崠腳溪","FROM":""},"geometry":{"type":"MultiLineString","coordinates":[[[120.59527584308128,23.409777002193653],[120.59683320897192,23.408935555453183]],[[120.5894499571065,23.409381629780405],[120.5902885319006,23.406593175644172],[120.591298372405,23.406364276126652],[120.59280589158902,23.40708344904876]],[[120.57668804247932,23.421550574652052],[120.57852952873064,23.420296849328942]],[[120.58318085833093,23.410940555131077],[120.58470274533502,23.407900148439587],[120.58481254783649,23.406137517430903],[120.58552973232402,23.404456404760655],[120.58802856980094,23.403614140294767]],[[120.57521651550356,23.42347504375747],[120.57663574920518,23.421578498336103]],[[120.57762156945243,23.418323934223928],[120.58088091012074,23.417527503141702]],[[120.59683320897192,23.408935555453183],[120.59765504910662,23.407866362921478]],[[120.59527584308128,23.409777002193653],[120.59744373178596,23.410625236947997],[120.59803318809405,23.411530323259964]],[[120.59683320897192,23.408935555453183],[120.59778497820987,23.408779669093583]],[[120.57861702141776,23.416219062258072],[120.57735437990421,23.412646548456834]],[[120.57866615155872,23.416293318064586],[120.5786371208619,23.416249440778003]],[[120.57657840081433,23.41813013818824],[120.57758883987223,23.418296226367552]],[[120.57703352670299,23.417495515456704],[120.57635061379952,23.41644832029641],[120.57576911767471,23.413575606309863]]]}},{"type":"Feature","properties":{"NAME":"普亞汝溪","FROM":""},"geometry":{"type":"MultiLineString","coordinates":[[[120.66763273462284,23.320510356618183],[120.66808108651922,23.321401466882254],[120.6694493508453,23.32164106707627],[120.66991633611369,23.323023018773274],[120.67088050687912,23.323716490094753],[120.67281962929404,23.3234948986884],[120.67271962324695,23.325150147190556],[120.67320109704092,23.326410122528074],[120.67267803594287,23.327394719353503],[120.67353922959028,23.328180019475646],[120.67544299657538,23.32843672694068],[120.67765111639453,23.32749351673753],[120.67954505878889,23.32935970678907],[120.68350079423737,23.330495969382252]],[[120.6835796020542,23.330521427243013],[120.68512816916574,23.33083920328523],[120.68673243856354,23.33032434153135],[120.68845590334683,23.331540955516164],[120.69145963901248,23.330169465633375],[120.69229530219305,23.33022165225153],[120.6927735795979,23.328993429461512],[120.69411697272791,23.32873064549195],[120.69597719948064,23.330136941573194],[120.69764866221452,23.330190705638447],[120.69898054746291,23.331779077420453],[120.70000978563678,23.331048101979317],[120.70125612175126,23.33125268198785],[120.70181678469473,23.331733963750427],[120.70178782157228,23.332428951174016],[120.70258178303435,23.332746392038107],[120.70143360324353,23.33329559258662],[120.70206108101766,23.334535228975838],[120.70514277535959,23.33504655741428],[120.70736207830566,23.3372055509889],[120.70817034153686,23.33727024755714],[120.70900991460668,23.33837818701809],[120.70851950175178,23.339786135383388],[120.71049995863903,23.339936730366812],[120.71125752037264,23.340646885038765],[120.71242026382286,23.340346511522007],[120.71337639334675,23.34176229526941],[120.7143506445246,23.341954232553928],[120.71308119968158,23.343764587491357],[120.71432360958572,23.34565110952702],[120.71506338224697,23.346003724924447],[120.71489221823472,23.34715297590223],[120.7165088882945,23.34788654104308],[120.71742502837863,23.348903774801503],[120.71892870794542,23.34881194983647],[120.72152295662495,23.350092837113852],[120.7239552125658,23.349464625806917],[120.72496652508146,23.34986644134004],[120.7281061700885,23.348333315044634],[120.73105884544839,23.349494634367936],[120.73255999528891,23.34959957875599],[120.73490726703743,23.35169248461422],[120.73802080969642,23.352066890803474],[120.73988969293785,23.35591829097742]]]}},{"type":"Feature","properties":{"NAME":"曾文溪","FROM":"曾文溪"},"geometry":{"type":"MultiLineString","coordinates":[[[120.5166233648945,23.26709294013329],[120.51741887889487,23.266386534428367],[120.52189338702868,23.26479279839751]],[[120.31827029076567,23.165950914289848],[120.31912837741193,23.165200869086647]],[[120.47154040316302,23.15],[120.47137118493052,23.151134402760338],[120.4719415733554,23.152296567948923],[120.47120240666649,23.15299855692176],[120.47144188202937,23.154534415266987],[120.47092734362096,23.155577988605685]],[[120.47388299215098,23.156260118439313],[120.47296344815082,23.156122964376735]],[[120.65335328639274,23.398582478553255],[120.65185289254829,23.39955260128494],[120.65016300484977,23.399880007435904]],[[120.47388109230073,23.15876366024578],[120.47520719356491,23.158090623652917]],[[120.62930555920171,23.319118342515747],[120.63055893889505,23.31837059246242],[120.63057056379033,23.317509969198028]],[[120.65335328639274,23.398582478553255],[120.652453541408,23.399937464099718]],[[120.48370790037033,23.15],[120.48579695706876,23.151475488819347],[120.48654620312017,23.151102756141075]],[[120.48659426469345,23.15106542885183],[120.48763617546722,23.150571421228914],[120.48868403963434,23.151434808971203],[120.49058300000573,23.151205289853593]],[[120.49062757526269,23.151215528760503],[120.49069104526613,23.151237873760437]],[[120.47436893823361,23.15191823781812],[120.47511601335565,23.152426283877425]],[[120.4343166982271,23.15],[120.43332318749034,23.150795936714317]],[[120.43515765066952,23.15],[120.43541953426478,23.15015962261052]],[[120.475275474204,23.161418358971233],[120.47561259690013,23.16129301003624]],[[120.47291310910428,23.156108508785515],[120.4729700129323,23.155388223122902]],[[120.47299682007404,23.15533156826529],[120.47239412603471,23.15040170585293]],[[120.35275807232638,23.151404692422094],[120.35356058249884,23.1506651293882]],[[120.62852460979818,23.30931376543224],[120.62961267974433,23.310946531114816]],[[120.45544902631624,23.16447731349743],[120.45350370166204,23.164668741330896]],[[120.35267932519724,23.151510761364307],[120.35275807232638,23.151404692422094]],[[120.49069104526613,23.151237873760437],[120.49309703763481,23.15150267842103]],[[120.49069104526613,23.151237873760437],[120.49044618717711,23.152907691766902],[120.49127966082904,23.153187957998824]],[[120.35275807232638,23.151404692422094],[120.35352347072315,23.152129720177804],[120.35396596564465,23.153993294958823],[120.3548381686807,23.155111381397067]],[[120.4754106871476,23.15534390829567],[120.47496534271428,23.15544182742289]],[[120.34644877846976,23.15319585890433],[120.3466499531823,23.152535356158445]],[[120.34098808869342,23.155723306580345],[120.3407561307837,23.154991290217872]],[[120.34644877846976,23.15319585890433],[120.34585972966846,23.15327908374639]],[[120.34578861538125,23.15322149135607],[120.34414742879262,23.153692833013736]],[[120.34380069754445,23.153764227344084],[120.34308666692469,23.15397322892158],[120.34307775060877,23.154539627044475],[120.3420601041651,23.1552489213143]],[[120.52189338702868,23.26479279839751],[120.52016705774656,23.267212054363366],[120.51995331068966,23.26888641191042],[120.52040131422335,23.269479211329113],[120.5199050212529,23.272475559291717]],[[120.65012109115413,23.399890071932848],[120.64803739504698,23.399379060822184]],[[120.62852460979818,23.30931376543224],[120.62846884028438,23.310863208516366],[120.62762415143042,23.311992094659264]],[[120.3420601041651,23.1552489213143],[120.34098808869342,23.155723306580345]],[[120.47537638878975,23.156113602422817],[120.4750619126361,23.15704269026897]],[[120.28045718488941,23.182488772877427],[120.28226579354796,23.18266418791448],[120.28229450963113,23.18208217328571],[120.28356292286736,23.18206322585118]],[[120.49743519763989,23.225629262693975],[120.49822846607864,23.224446402206663]],[[120.34560216328904,23.151646789030497],[120.34669620794304,23.151531238808502],[120.34756170863473,23.150773892935298],[120.3500840797907,23.150716358421533]],[[120.35016168716001,23.1507128932168],[120.3526175131735,23.15152945870295]],[[120.69165454459586,23.34203726705077],[120.69347522337254,23.342516044839122]],[[120.67521541934958,23.34226628630386],[120.67541262423912,23.341846961048756],[120.67683929734983,23.341689459377406],[120.67852006026948,23.34193888621374],[120.67971681746239,23.340946784229498],[120.6821373593252,23.34024059359853],[120.68479133557098,23.340855588501306],[120.68786148348886,23.340820832580878],[120.69160556092956,23.34204332882149]],[[120.61581767648731,23.31727455061686],[120.61728277979506,23.31779956488728]],[[120.62934235933469,23.323391855276853],[120.62749086695486,23.323637901787045]],[[120.69349950393776,23.4400320843612],[120.6934094530608,23.44098797387256],[120.6923471680807,23.4419716028546],[120.68982343229693,23.442636414272254],[120.68697361719299,23.444455148454185],[120.68594592848953,23.447289074140876],[120.68329328232501,23.44874371809945],[120.68249160695673,23.452004021842853]],[[120.61363963273438,23.298138914286078],[120.61448563820343,23.296599406959352]],[[120.6322955930466,23.290754608212893],[120.63324548009317,23.289963979350535]],[[120.50515867070736,23.23109116818046],[120.50383697891179,23.231786893331662]],[[120.50170402585017,23.229635154580468],[120.5007068892721,23.2300637469628],[120.50117983407699,23.230665686126855],[120.50081762690415,23.230964788602215],[120.50076190060898,23.233032377931423]],[[120.50380416422172,23.231896201563114],[120.50363251217318,23.233558271201268],[120.50488149498183,23.236043025868163]],[[120.52530646571498,23.23195212137441],[120.52752993034528,23.228868959838003]],[[120.65323949867495,23.364284378287774],[120.65541215030447,23.357655870552414]],[[120.50206069299354,23.229356890808962],[120.50179381767074,23.229577241216433]],[[120.52432890280289,23.233289608121183],[120.52447030111061,23.233036834861004]],[[120.52227502011839,23.235871722904687],[120.52304174145762,23.23511524638454]],[[120.65163658626852,23.365082678765713],[120.64883709235293,23.364985132445863],[120.64846834212605,23.36570617977158]],[[120.51949276310258,23.238156302305697],[120.51994300413081,23.23779296280073]],[[120.5185789311994,23.240262579736797],[120.51903054135563,23.23908235738087]],[[120.52071034079938,23.237434367860526],[120.52058068997296,23.237042741778996],[120.52163446508982,23.236379960181175]],[[120.4941497446863,23.232587226590326],[120.4967593870883,23.23037644395126],[120.49907907760822,23.230162499431913],[120.49971975135466,23.229148681815044],[120.50085981609323,23.228580351174255]],[[120.48217165574984,23.22824645965461],[120.48366041154455,23.228680158704297],[120.48490366672473,23.227074669847298]],[[120.50094136479154,23.228538839348207],[120.50110954148376,23.228453229874674]],[[120.63366864243277,23.326850603419953],[120.62934235933469,23.323391855276853]],[[120.68247539536624,23.452049375765682],[120.68237360181647,23.453370068867073]],[[120.4827550569266,23.226808158855533],[120.48344533174279,23.227557565100046],[120.48490366672473,23.227074669847298]],[[120.4958882602964,23.226551972877285],[120.49726369979585,23.22763757351331],[120.4934768792074,23.228950739225585]],[[120.49180386864782,23.22900865424829],[120.49348845603056,23.22676112727604],[120.4958882602964,23.226551972877285]],[[120.70798911116971,23.44774965106186],[120.70870382696928,23.445940706755618],[120.71258102053038,23.442545017324377],[120.71205978690297,23.439970481172224],[120.71262916363507,23.43886973948564],[120.71232826443803,23.437713836913368],[120.7126496871289,23.436981491511922]],[[120.49711705330593,23.226079521081335],[120.49921930626576,23.2283570335866],[120.50029124363219,23.228615467042992]],[[120.4958882602964,23.226551972877285],[120.49711705330593,23.226079521081335]],[[120.48655696979446,23.235287702124882],[120.48584319608442,23.23386553725451],[120.48651983531336,23.230928641511415],[120.4859514489791,23.227874877556957],[120.48704648271699,23.227070251672238],[120.48695529586259,23.224909670277984]],[[120.48490366672473,23.227074669847298],[120.48695529586259,23.224909670277984]],[[120.49141834274522,23.224449808267604],[120.49152928372423,23.225242496105253]],[[120.49141834274522,23.224449808267604],[120.4921243485823,23.22496897886035]],[[120.49711705330593,23.226079521081335],[120.49738881124489,23.22571201820912]],[[120.49252101342182,23.223938613459783],[120.4929827235181,23.22529675282984]],[[120.49252101342182,23.223938613459783],[120.4932316274278,23.224299779142324],[120.49443121936191,23.223915290165824]],[[120.4909401685227,23.22348665579832],[120.49252101342182,23.223938613459783]],[[120.4909401685227,23.22348665579832],[120.49141834274522,23.224449808267604]],[[120.49552395187844,23.224528859401662],[120.49666620492295,23.224111927272283],[120.49686056948431,23.223354055980085]],[[120.49288860765726,23.226610246768594],[120.49520667054941,23.225353420975864],[120.49496083458686,23.22469575119296],[120.49541953509218,23.224554087697374]],[[120.6823532448499,23.453419755673192],[120.68173666055436,23.454018637198107]],[[120.48918519320841,23.223070250796052],[120.4909401685227,23.22348665579832]],[[120.48918519320841,23.223070250796052],[120.48913419071911,23.224164909961612]],[[120.48809317160334,23.222818469188216],[120.48877998973019,23.22483647785772]],[[120.48816699155371,23.222796130501457],[120.48918519320841,23.223070250796052]],[[120.61244357361237,23.312491477825006],[120.61239461322863,23.313641392311304]],[[120.48809317160334,23.222818469188216],[120.48816699155371,23.222796130501457]],[[120.61241665484913,23.313686149983443],[120.61422518969464,23.31672990637844],[120.61581767648731,23.31727455061686]],[[120.48695529586259,23.224909670277984],[120.48706083793628,23.2243140653693],[120.48786266011214,23.22414054801587],[120.48753765714821,23.222780582517622],[120.48809317160334,23.222818469188216]],[[120.48816699155371,23.222796130501457],[120.48799406946954,23.222398284794206]],[[120.62704420113168,23.317882205788358],[120.62801763035881,23.317810766391844],[120.62930555920171,23.319118342515747]],[[120.62841237203735,23.30636431444707],[120.62915564085853,23.307296820847967],[120.62854592543482,23.30910957221489]],[[120.62854038330188,23.309166638919987],[120.62852460979818,23.30931376543224]],[[120.49291302430282,23.22101230872825],[120.49328805465284,23.220622693549778]],[[120.48799406946954,23.222398284794206],[120.49004325258387,23.221942032760026],[120.49084288143787,23.222326060360118],[120.4928604021878,23.22104597246592]],[[120.48281053700816,23.220555490942022],[120.48400238314993,23.221855040968247],[120.48341269256008,23.22238813848577],[120.48371367092632,23.22298278827425],[120.48301989378315,23.22350651806242]],[[120.48220209292631,23.22069800274254],[120.48281053700816,23.220555490942022]],[[120.48281053700816,23.220555490942022],[120.48402606497902,23.22092283025356],[120.4851675765818,23.220434386175405],[120.48595928158461,23.22069877260911],[120.48655557794734,23.221664570815573],[120.48799406946954,23.222398284794206]],[[120.49208365369861,23.217072557224718],[120.4909063157907,23.218235905909975],[120.49146285561355,23.21972978655245],[120.49056194611862,23.219993308476365],[120.48889366809733,23.219355958545222],[120.48703417057907,23.217970796675516],[120.48689494129698,23.216573042788102],[120.48739030652105,23.215245029178533]],[[120.50023829415659,23.20851541809643],[120.50059437789979,23.2080740348288]],[[120.49093929909331,23.206093340078663],[120.4925215019941,23.207877274553972]],[[120.49093929909331,23.206093340078663],[120.4907430368194,23.206246236065663]],[[120.49829989349956,23.205906405015646],[120.4991503819389,23.206360564225967]],[[120.49303360954235,23.205119378540758],[120.49365783511777,23.208065961008284]],[[120.49228929150676,23.202474223600884],[120.4929644004342,23.205034599321987]],[[120.49158013533622,23.204094553588156],[120.49110754548781,23.204436819537868],[120.49093929909331,23.206093340078663]],[[120.49228929150676,23.202474223600884],[120.49215348211487,23.203751559998842],[120.49165552052582,23.204045760181813]],[[120.49583172448098,23.19988913214232],[120.49403163488377,23.200274070256956],[120.49228929150676,23.202474223600884]],[[120.49476203474643,23.19806396404516],[120.49426655470111,23.198035328931415]],[[120.4966579305874,23.198363341669545],[120.49689565373144,23.19722175850425]],[[120.49669050694452,23.19838601830632],[120.49698056903497,23.19716784084121]],[[120.49445922825254,23.196139598248145],[120.49330658785561,23.19677488717802],[120.49426655470111,23.198035328931415]],[[120.4971171000585,23.19657026473872],[120.4971837696011,23.198556866396768]],[[120.61192991665607,23.309428756703728],[120.61207133407538,23.30907062616756]],[[120.4967415943509,23.195674858448005],[120.49708477428241,23.19650321960707]],[[120.49645272483116,23.195179567646274],[120.49649639096586,23.19485689049841]],[[120.48621753784387,23.195434043156386],[120.4860035138358,23.194130887601837],[120.48818533158236,23.192340896886993]],[[120.61980954919336,23.305739338997125],[120.61926543032311,23.30487157722146],[120.61867883264532,23.30478321173569]],[[120.49426655470111,23.198035328931415],[120.49141246159982,23.198742034365704],[120.48679505865557,23.19656471500071],[120.48624286239935,23.195491237294625]],[[120.61861650868718,23.3047945545891],[120.6181646734656,23.30434172910562]],[[120.50974743870395,23.190113975561157],[120.51160742484639,23.191144488338587]],[[120.50974743870395,23.190113975561157],[120.50943793160994,23.19113115644475]],[[120.4984407478368,23.187526229788823],[120.4999468361235,23.189404555202874]],[[120.48993351583887,23.188647373396467],[120.48951877798221,23.18637649182897]],[[120.4891109428244,23.19121455780481],[120.48975579230206,23.190311939081777],[120.4899151615171,23.18881696110348]],[[120.48833025580333,23.192194624866723],[120.48907060693752,23.19126519520913]],[[120.48949832065084,23.18641689602575],[120.48951877798221,23.18637649182897]],[[120.48889315950389,23.186645404912674],[120.48946059271987,23.186499349557277]],[[120.49735236425585,23.189656154672544],[120.49633084016224,23.188743244688272],[120.49526606801592,23.188882166751355],[120.49106689976198,23.18613080042302]],[[120.49095609124583,23.186156948909492],[120.49106689976198,23.18613080042302]],[[120.48951877798221,23.18637649182897],[120.49088466697265,23.186182088926362]],[[120.49106689976198,23.18613080042302],[120.49213028334908,23.18606867902957],[120.49290766861348,23.185211012928427],[120.49386117254721,23.185943132792882],[120.49421038331882,23.187330286898685],[120.4947736603685,23.18722367768831],[120.49480686699863,23.186763262562955],[120.4954276113939,23.186873543355865],[120.4955267906385,23.187955165712122],[120.49819588869526,23.188101123433018],[120.4984407478368,23.187526229788823]],[[120.45660651469584,23.18319381598315],[120.45740607793235,23.184358980967275]],[[120.45639256145299,23.184127644926726],[120.45623648452903,23.18328965940443],[120.45660651469584,23.18319381598315]],[[120.28009959566974,23.182439715192487],[120.28045718488941,23.182488772877427]],[[120.4984407478368,23.187526229788823],[120.49845697478092,23.18695288772931],[120.49916540519384,23.186720296807206],[120.49869538282806,23.185104766605665],[120.49936887693259,23.18530775479187],[120.49957048147635,23.184385073467222],[120.50091753092299,23.184452419731315],[120.50014365091353,23.18488347705231],[120.50017082410741,23.185323765730246],[120.50133597103437,23.185146744353727],[120.50155864644253,23.18462143726501],[120.50257655521067,23.18539661130986],[120.50279353646883,23.18504285369556],[120.50345407182357,23.185279652449367],[120.5042198603788,23.18374917031924],[120.50344916979589,23.18314181367086],[120.50390858950264,23.182924242867987],[120.50437287419871,23.183399729253985],[120.50480893666706,23.183062438419014],[120.50717477439754,23.18382588874103],[120.50685165560323,23.185583481727043],[120.50883370939258,23.185785894922954],[120.51016245560837,23.188469534222985],[120.50974743870395,23.190113975561157]],[[120.67744660532401,23.418754960406194],[120.67675553695442,23.419245894655653],[120.67567792902949,23.41917590068144],[120.66739238571688,23.423404198305782]],[[120.27662571799853,23.181074034957565],[120.28039416407196,23.181633297332972],[120.28045718488941,23.182488772877427]],[[120.27642714948527,23.18200050310409],[120.27662571799853,23.181074034957565]],[[120.28517784787579,23.182939382873094],[120.28520523725528,23.18133298831804],[120.28394659164191,23.18101804660401]],[[120.52952703900701,23.249564275171],[120.5295055586766,23.24949957344273]],[[120.66661151296157,23.363686956069913],[120.6652969988199,23.363827221738372],[120.66525146255735,23.364356884479676],[120.66424854005943,23.364823359834432],[120.66337287450679,23.36448867194318],[120.66338310678162,23.36336804625492],[120.66180480771845,23.36465498532842],[120.66062781794331,23.364068329750694],[120.65979440053964,23.364494394412084],[120.65944971464296,23.3639163374622],[120.65627352556534,23.364735580721984],[120.65393804881948,23.364734578385114],[120.65323949867495,23.364284378287774]],[[120.45714865769393,23.181078221818055],[120.4562863676102,23.18205732119296],[120.456828382602,23.182677618777983],[120.45660651469584,23.18319381598315]],[[120.67502197854577,23.40860917092716],[120.67238736022179,23.409795236291778],[120.66957622882423,23.40980149514409],[120.66818930558837,23.41052201028266],[120.6677219625593,23.41133258457788],[120.66333879209668,23.412401998028994],[120.6621477252556,23.413229259684115]],[[120.27662571799853,23.181074034957565],[120.27740574653605,23.17953656406357]],[[120.73627417460122,23.441480206635543],[120.73619990381421,23.440110340700773],[120.73428681046838,23.437868953419237],[120.72938425154247,23.437053589130613],[120.72882368338041,23.436616335216858]],[[120.52947023140787,23.24939316267754],[120.52963212931459,23.24883769233768]],[[120.47344630533824,23.18073315473034],[120.47026735578939,23.181037430981025]],[[120.47640361247898,23.179312158101325],[120.4735008931223,23.180709974077637]],[[120.74365084228208,23.434083615904676],[120.74877152861228,23.43129302285108],[120.75,23.431161633214174]],[[120.73878341831805,23.437715610547652],[120.74221959189192,23.43454535700886],[120.74360479663154,23.43408758034411]],[[120.73627417460122,23.441480206635543],[120.73763801281724,23.440831741220155],[120.73783075387367,23.43896760781746],[120.73876793551834,23.437756586266495]],[[120.50498413170077,23.251589949314592],[120.50274574345755,23.25336627904593]],[[120.52617449539594,23.25481411924187],[120.52422711226463,23.25553744726424],[120.52112141418031,23.25504502769228],[120.51882805591508,23.255539258602376],[120.51694821792657,23.256680327097964]],[[120.52638757891955,23.258835237402444],[120.52571123973617,23.256894082313543],[120.52681621308636,23.25487246843557]],[[120.67119188725036,23.359652244848366],[120.67358550688157,23.3617912499936],[120.67540198666552,23.361996467357834],[120.67717687551689,23.36297064215012]],[[120.68104511950105,23.356225465969867],[120.68905834555613,23.358734785020232]],[[120.6711772416773,23.358054297717594],[120.67274597021441,23.35663330914579],[120.67392507359368,23.356371718367022],[120.67719600190681,23.356419145432792],[120.67881264626409,23.35561862068984],[120.68099328876603,23.356203937289017]],[[120.47918344236912,23.175718157899478],[120.4791197960126,23.175408687736283]],[[120.48162669730759,23.18234946337154],[120.48011615578338,23.18061068855451],[120.48062454950234,23.178370680206577],[120.47921108068945,23.177077221756086],[120.47973782474321,23.176354251544936],[120.4792177412539,23.17537739360509]],[[120.65323949867495,23.364284378287774],[120.65226677870447,23.36521468602861],[120.65163658626852,23.365082678765713]],[[120.48297496948115,23.183676282961034],[120.48165640861036,23.182384513901837]],[[120.48956034382545,23.176632863659684],[120.48924712741984,23.17488748283268]],[[120.52591288052677,23.244097334577717],[120.52773448048373,23.247256379905814]],[[120.4897486707529,23.17815857234835],[120.48957112176008,23.176690113472485]],[[120.4889682271986,23.184164204702007],[120.48974976337713,23.17822336583228]],[[120.49106689976198,23.18613080042302],[120.48897948857422,23.184214079076092]],[[120.52638757891955,23.258835237402444],[120.52697243936055,23.256875270844194],[120.52756006238629,23.25640296123141],[120.52677039193458,23.256506708251663],[120.52731805577142,23.255853686229212]],[[120.51422694927156,23.265498797993903],[120.51096870190274,23.25992916733232],[120.50893314883156,23.25890709886254],[120.50830359117091,23.257471722897616]],[[120.45426829920953,23.177863289895047],[120.45301265115502,23.175676284359838],[120.45141114710984,23.174217256706406]],[[120.45141114710984,23.174217256706406],[120.45081047232723,23.173619328246126]],[[120.6822626434203,23.38691049685835],[120.68317915178352,23.388109672654053],[120.685507485674,23.389471039400902]],[[120.67047922799912,23.367966650639595],[120.67196195043208,23.367498484184384],[120.67433044483347,23.367745281000428]],[[120.52565392514585,23.259609629707505],[120.52638757891955,23.258835237402444]],[[120.47779794788059,23.174941578215897],[120.47773401605662,23.176207941152544]],[[120.47671349651864,23.17334001864672],[120.47766292202995,23.173715510992384],[120.47780668049323,23.17487967743327]],[[120.6935098889016,23.342569583208324],[120.69485469703869,23.342732597994853]],[[120.69347522337254,23.342516044839122],[120.69397596865855,23.341608002824447]],[[120.6935098889016,23.342569583208324],[120.69282436172071,23.343145742147637],[120.693212064698,23.34605070652377]],[[120.6698531463676,23.31536129428565],[120.67365978744128,23.316145653710795],[120.67465540816922,23.314613278020456],[120.67620700203844,23.313854024247526],[120.68201159759863,23.31343274031897],[120.68356656985182,23.314903296460688],[120.68518890612495,23.31536929989597],[120.6857658070428,23.316075685392168]],[[120.66937921130346,23.31553513163909],[120.66979473937792,23.315357238214883]],[[120.67232869309551,23.31214950082081],[120.67433186133762,23.31011893788648]],[[120.66867442472224,23.31247415562088],[120.669681682778,23.312760106984452],[120.67046357751924,23.311785902171607],[120.67227320839788,23.31219195715696]],[[120.6686475487343,23.298319138456588],[120.66954474190199,23.298113695525988],[120.67087068239287,23.299549960458858],[120.67368524363002,23.299516612169427],[120.67450570999306,23.29842085005126],[120.67698792129877,23.299660594549565]],[[120.26053482590034,23.17187027698425],[120.25922987211291,23.172827443386694],[120.25864036706142,23.174124420996957]],[[120.46561408883463,23.173010407051216],[120.46595363105021,23.172497322218653]],[[120.46115212545503,23.175004129995205],[120.46155457279907,23.17476978363511],[120.46166214872777,23.17568437202686],[120.46239100367612,23.175991489881916],[120.4625636695631,23.176621860499942],[120.46467929358178,23.176477493725542],[120.4650499283135,23.175767618026367],[120.46387882725139,23.175948923230585],[120.46454748678107,23.175054911149147],[120.46359816289564,23.174239170603773],[120.46452922814076,23.174050313908673],[120.46555095495978,23.17303393894903]],[[120.46062425619616,23.176288209433583],[120.46041921624038,23.17585413788966],[120.46113833383035,23.175051827824632]],[[120.45728378222474,23.181214107564383],[120.45943017528596,23.18079677865432],[120.45936817506295,23.180164516454962],[120.45996209880153,23.180290616715695],[120.46044866592818,23.179791075751616],[120.45973311060827,23.179400468947065],[120.46130989911303,23.17864715042423],[120.46073837494728,23.178417291289552],[120.46062399735946,23.17635250798051]],[[120.6671132300891,23.299432604650274],[120.66849436854069,23.298381561317704]],[[120.66433412387877,23.30451698211136],[120.66539325898341,23.30328565254366],[120.66707334605117,23.30250532410157],[120.66812451681422,23.302625123823987],[120.66782494702855,23.300082427090082],[120.66712113680198,23.29948452750853]],[[120.46595363105021,23.172497322218653],[120.46651351347293,23.17223727118393]],[[120.46651351347293,23.17223727118393],[120.46652297503248,23.172237301712865]],[[120.46595363105021,23.172497322218653],[120.46535870120603,23.171784317869868],[120.46651351347293,23.17223727118393]],[[120.65577564306412,23.399397599270937],[120.65489648766476,23.40007533925754],[120.65468739600949,23.400986508502168],[120.65292602385716,23.401937663563125]],[[120.65695092862062,23.402458339749323],[120.65773050754079,23.40392308553442],[120.65659274418088,23.405459023571]],[[120.48045341880541,23.17469261192189],[120.47917581718266,23.17135224447031],[120.47871801809985,23.17111376517691]],[[120.48152841532546,23.17808073748213],[120.48117042681496,23.175521264581867],[120.48047569105691,23.17473745331958]],[[120.48186296737805,23.179157917516566],[120.4815496228598,23.178127016415992]],[[120.47781853947951,23.171937143274384],[120.4769506624528,23.170654419042716]],[[120.46652297503248,23.172237301712865],[120.46688877781457,23.17208272085925],[120.46653770095861,23.17098674857033],[120.46767229858357,23.16971948746508]],[[120.46516294725123,23.170573375895625],[120.46767229858357,23.16971948746508]],[[120.4603829522255,23.17231445404416],[120.46181807724896,23.17170511349531],[120.46375856263641,23.171950697474756],[120.46511447825004,23.170630686929556]],[[120.47163303532763,23.17191556981947],[120.47164261152369,23.171958076110354]],[[120.47414816829136,23.168379032366847],[120.47325842316037,23.169168551485328],[120.47150866806803,23.16932097437467],[120.47120914275452,23.169929518924402],[120.47161933080723,23.17186095608867]],[[120.47659691169487,23.168752528490714],[120.4759423252479,23.168303476006347]],[[120.4758517586193,23.168366718794157],[120.4759423252479,23.168303476006347]],[[120.47632756092666,23.169709614182253],[120.47578630573966,23.168405332888906]],[[120.47655417440022,23.169842737918685],[120.47640467650102,23.16971490807685]],[[120.4743499929662,23.168241972231513],[120.47567420234087,23.169894119431426],[120.47671349651864,23.17334001864672]],[[120.47414816829136,23.168379032366847],[120.4743499929662,23.168241972231513]],[[120.4759423252479,23.168303476006347],[120.47591025208287,23.167766100314406]],[[120.4743499929662,23.168241972231513],[120.47531283934555,23.167292392845365]],[[120.46406762492929,23.16750461639626],[120.46405417754346,23.167163704048594]],[[120.46110602575513,23.168025751943862],[120.45941943036738,23.16946023414823],[120.45841939123794,23.172341902459422],[120.45705237893773,23.172669258952656]],[[120.46225646021169,23.16733378288991],[120.46119471065695,23.167975121908984]],[[120.46405417754346,23.167163704048594],[120.46346694927512,23.166976693459493],[120.46300504220592,23.16781720633624],[120.46231557600403,23.167326132278518]],[[120.52366975700757,23.260113884045225],[120.52458672826802,23.25948227414559],[120.52565392514585,23.259609629707505]],[[120.52497065424261,23.261214931661847],[120.52565392514585,23.259609629707505]],[[120.52149902458238,23.26040760140518],[120.52366975700757,23.260113884045225]],[[120.48730011973544,23.236888286753935],[120.48655696979446,23.235287702124882]],[[120.48655696979446,23.235287702124882],[120.48763613113658,23.235227954412924],[120.48877239466131,23.23601714344974]],[[120.51029048911509,23.234752230687683],[120.51139069850711,23.23397950779582]],[[120.50981231185278,23.235467305389026],[120.51020096667567,23.234758906208604]],[[120.62460220445634,23.29343048928989],[120.62582624220296,23.292043029452117],[120.62589358468655,23.290385138102877],[120.62542041074182,23.289649533710502]],[[120.63129761301511,23.287128260996944],[120.63007834776134,23.28681103987196]],[[120.6271963013623,23.28254442874264],[120.62472556449198,23.281714217560875]],[[120.6272712198775,23.28259497568525],[120.6271963013623,23.28254442874264]],[[120.62745299902808,23.283457209321487],[120.6272712198775,23.28259497568525]],[[120.63007834776134,23.28681103987196],[120.62996660184832,23.286198547373452],[120.6278659372326,23.28505534855058],[120.62745299902808,23.283457209321487]],[[120.74774249747621,23.459679817941858],[120.74581882372686,23.461423481941456],[120.74468666010107,23.46138190512689],[120.74253211545081,23.462784627024316],[120.74142148791535,23.462752997031245],[120.74078008071741,23.46446538588338],[120.74002487697561,23.464642977958366],[120.73939411365052,23.465769599306924],[120.73927254760459,23.46721999703458],[120.73797551964722,23.467940752434778],[120.73869385617036,23.46998868417922],[120.7382592867172,23.471891918918068],[120.73897844431708,23.473562282469455],[120.73901254090366,23.478433057177217],[120.73829789567456,23.479282871279544]],[[120.73426064878363,23.449402436102368],[120.73449893973549,23.450487238432572]],[[120.72748799877107,23.456088334688268],[120.72548067231881,23.458523376402123]],[[120.72748799877107,23.456088334688268],[120.7270066792016,23.45871786510403]],[[120.71336813187489,23.45998332903319],[120.71743410087127,23.460955544732812]],[[120.71336813187489,23.45998332903319],[120.71375191744053,23.460670752022136],[120.71366581316495,23.464477202126],[120.714384722069,23.46748739649249],[120.71393635216741,23.468994901105447],[120.71451426522486,23.472402282096223],[120.71392720294405,23.473139947836145],[120.71392530513684,23.474028738783495],[120.71473820210484,23.474769009614366],[120.71513981132516,23.479257363384143]],[[120.45546626488265,23.164189846428798],[120.45709125056383,23.163714336553042],[120.45752783907227,23.164207874740228]],[[120.45752783907227,23.164207874740228],[120.45587139152032,23.16431081515722]],[[120.45587139152032,23.16431081515722],[120.45551824006465,23.164443785569212]],[[120.65115707777046,23.402392026603643],[120.65074192072532,23.40242638780505]],[[120.65065703421868,23.402426195821384],[120.64957092628617,23.402450947720904]],[[120.46405417754346,23.167163704048594],[120.46456736619409,23.166436221449036],[120.46417478208359,23.166076023067028],[120.4630928930523,23.166831006277484],[120.46272008402316,23.16637154518163],[120.46318054616204,23.165894467876388],[120.4617400162375,23.165889802094274],[120.46127837379935,23.165016947792168],[120.45916312946615,23.165718895263613],[120.45752783907227,23.164207874740228]],[[120.47043960347474,23.165441531353157],[120.46949025248747,23.16548363736178],[120.46775140004577,23.163550202289912]],[[120.49863729094072,23.236091249375157],[120.49903080816871,23.23492316200936],[120.50004145160331,23.234499682141923],[120.50076190060898,23.233032377931423]],[[120.61581767648731,23.31727455061686],[120.61801049022743,23.317043334229265]],[[120.62312293959006,23.31161956482875],[120.62310708638121,23.31300771174238],[120.62269815266735,23.313372647364595]],[[120.62691280264804,23.317876736224477],[120.62434029230673,23.32011791653011]],[[120.65208836935933,23.40225938844065],[120.65120172753615,23.402388012888697]],[[120.71515500429912,23.47930594319032],[120.71557876820084,23.480515281741695],[120.71525868953866,23.481382418001452]],[[120.6528890419735,23.40195012725474],[120.65213675451146,23.4022511390987]],[[120.71043256301463,23.456722745038817],[120.7098393696652,23.457196548080464],[120.71048489213338,23.4578545658644],[120.71012172575408,23.45843995720151],[120.71067742295429,23.46123779293165]],[[120.7106872060454,23.46128565232137],[120.71091477492897,23.462582758230454],[120.7120505627084,23.46424123873024]],[[120.71206209382065,23.464286270096085],[120.7127394351632,23.466804004321325]],[[120.70140860539115,23.44836499716881],[120.70181476798214,23.44964923598306],[120.70245004868431,23.449907220815565],[120.70281537954183,23.451749882594232],[120.70368139774976,23.45211056359961],[120.70473283793739,23.45348312357894],[120.70476558547118,23.45626448036088],[120.70569429013274,23.45944036193637],[120.7039969932605,23.463954393228036],[120.70428664391584,23.46509478035248],[120.70567900025286,23.46632548299235]],[[120.5095068954502,23.238463698304734],[120.50986043001808,23.23807651299522],[120.5081684793853,23.236825224113637],[120.50968569319701,23.23550749168819]],[[120.50076190060898,23.233032377931423],[120.50152905995674,23.23530344270065]],[[120.65719630380649,23.396672828450857],[120.65540925004098,23.396636256970293],[120.65488365615177,23.397560602448873],[120.65335328639274,23.398582478553255]],[[120.62978062252307,23.305989450109273],[120.63090774810458,23.30759709820321]],[[120.65577564306412,23.399397599270937],[120.65704657359882,23.401601997483738],[120.65695104183222,23.402415198374158]],[[120.52163403409756,23.23638072417726],[120.52227525783351,23.23587157030189]],[[120.52304169266056,23.23511532222321],[120.5243289721833,23.233289532090367]],[[120.52447029381695,23.233036856383606],[120.52530318104013,23.231954853133875]],[[120.51903065571918,23.239081792110678],[120.51949313870729,23.238155459843387]],[[120.51994298945063,23.237792963590152],[120.52046765340268,23.237898989014568],[120.52071017739833,23.23743553796525]],[[120.52251663322716,23.24089989755491],[120.5229741176402,23.24002970675305],[120.5239591468101,23.23991317672625],[120.52439857265807,23.23926461227557],[120.52784908565768,23.237674038378955]],[[120.64335331493054,23.29549418775197],[120.64320367679832,23.29464708477324]],[[120.65659274418088,23.405459023571],[120.65465924824329,23.406974594678076]],[[120.62930555920171,23.319118342515747],[120.62869688942281,23.32067717829705],[120.6296911595988,23.32232619582274],[120.62934235933469,23.323391855276853]],[[120.62745299902808,23.283457209321487],[120.62910385039322,23.28138548083551]],[[120.6272712198775,23.28259497568525],[120.62827019678896,23.28159892468316]],[[120.6271963013623,23.28254442874264],[120.62707022144967,23.281294345828353],[120.62756341319941,23.280643563322716]],[[120.62472556449198,23.281714217560875],[120.62293604728816,23.28083942009991],[120.62203941974138,23.27908564632858],[120.62030263681572,23.277751385890447],[120.61975947864144,23.276320814020234]],[[120.62472556449198,23.281714217560875],[120.61997440988915,23.282746359422177]],[[120.63007834776134,23.28681103987196],[120.62863120359673,23.287453569505267]],[[120.62542041074182,23.289649533710502],[120.62284600187613,23.28944163254704]],[[120.62542041074182,23.289649533710502],[120.62441584662919,23.287272156103597],[120.62378072224269,23.28701671107331]],[[120.61363963273438,23.298138914286078],[120.61360936353108,23.29667843721424]],[[120.51555800491681,23.237781697400912],[120.51683852399132,23.23694569099975],[120.51795002857338,23.23401665976438],[120.51971385650148,23.232030918920263]],[[120.52366975700757,23.260113884045225],[120.52497065424261,23.261214931661847]],[[120.52189338702868,23.26479279839751],[120.52317686768141,23.26426165506458],[120.52497065424261,23.261214931661847]],[[120.65659274418088,23.405459023571],[120.65670751533155,23.406898320628144]],[[120.64782113587796,23.297447257028555],[120.64856191770161,23.29725038712159],[120.64903175314042,23.297999514108156]],[[120.64904814952943,23.29802537485606],[120.65056731265713,23.300561976093235],[120.6513115804263,23.30326775701751],[120.65238876773103,23.30398580309464]],[[120.70958068338183,23.447540123901884],[120.71195114814283,23.451316411166125],[120.71260157036241,23.454334450494827]],[[120.62458714825438,23.305335446150348],[120.6259125961677,23.304114572001065],[120.6274049501188,23.304227327441595],[120.62824561720501,23.303204997516012]],[[120.6282808252274,23.303163245750046],[120.62927310692582,23.30191922220527],[120.63001638163723,23.299621020646814],[120.63088306183256,23.298891805450783],[120.6301059734894,23.294620090262242],[120.63076524662186,23.29337851366532]],[[120.6181646734656,23.30434172910562],[120.61875560103442,23.303607624152164],[120.6182881409673,23.302325470309036],[120.61445463909945,23.29969439297464],[120.61363963273438,23.298138914286078]],[[120.71259851009155,23.454399000015158],[120.71246874842913,23.4552854296694],[120.71043256301463,23.456722745038817]],[[120.6181646734656,23.30434172910562],[120.61787983700142,23.303624093872205],[120.61660188885854,23.303174281873474],[120.61500925526543,23.30136865235629]],[[120.71043256301463,23.456722745038817],[120.71223627271203,23.459641148625582],[120.71336813187489,23.45998332903319]],[[120.61207133407538,23.30907062616756],[120.6110147647509,23.307237625753928]],[[120.7266581720052,23.447274333118656],[120.72691641575142,23.451694053765834]],[[120.72693105072885,23.451757587024733],[120.72748799877107,23.456088334688268]],[[120.61098088603802,23.30719046580478],[120.6099712053166,23.30466112465014]],[[120.7319323875342,23.447911603899207],[120.73367985836109,23.44822516458837],[120.73360692462832,23.44697268690996],[120.73524205343277,23.444925968942382],[120.73627417460122,23.441480206635543]],[[120.65796802644762,23.395885335686284],[120.65719630380649,23.396672828450857]],[[120.61207133407538,23.30907062616756],[120.61360927932394,23.308151837438047],[120.61275028816905,23.30681358394347]],[[120.68544682731144,23.428093612823428],[120.68371271216992,23.428081005628915],[120.68069754918936,23.42941084163769],[120.67718703234615,23.430118177594498],[120.67557867021699,23.431425466419753],[120.67317513910122,23.432286061826307]],[[120.68602034429503,23.42687360628628],[120.68741007542694,23.427188648634438],[120.68913647614427,23.426561194031915],[120.69183815962651,23.42658729151578],[120.69355983636983,23.42576196652608]],[[120.61272451035673,23.30676409165055],[120.61255841248926,23.303856160585482],[120.61150688154505,23.30221499371333]],[[120.72959506790677,23.460103211554767],[120.7316244682961,23.45633606831812]],[[120.73422504587529,23.45131606367218],[120.73391955833283,23.4531731413512],[120.73162493647031,23.456111032334963],[120.73162118968985,23.457911324696138],[120.73092800015516,23.45976796669322],[120.73006080787297,23.460359746906732]],[[120.73449893973549,23.450487238432572],[120.7341798101441,23.451177570866534]],[[120.7355002341337,23.452033246996997],[120.7356269571139,23.452814956272867],[120.73483116914677,23.453256697065168],[120.73505492285571,23.454149108921825],[120.7368964743389,23.45581610572746],[120.73669038550759,23.456481762592528],[120.73762873209897,23.45833711761908],[120.73939287210848,23.460599544722843],[120.73799867264621,23.46227879298189],[120.73757835947089,23.465052486302667],[120.73336300012667,23.469669181517503]],[[120.73449893973549,23.450487238432572],[120.73546037682861,23.451967372295034]],[[120.63129761301511,23.287128260996944],[120.63087833117143,23.285664321591632],[120.63117278841611,23.28520365303278]],[[120.62843731555321,23.29416996883439],[120.62819123813698,23.293704181591625]],[[120.63016073076248,23.29612614221866],[120.62850613032063,23.294201914172675],[120.62739793826225,23.29401559770552]],[[120.62460220445634,23.29343048928989],[120.62148123366208,23.292085704240375]],[[120.65719630380649,23.396672828450857],[120.65577564306412,23.399397599270937]],[[120.63096268033644,23.307630154021087],[120.63282089285217,23.308774995921176],[120.63482532561798,23.311368661687354]],[[120.69347522337254,23.342516044839122],[120.6935098889016,23.342569583208324]]]}},{"type":"Feature","properties":{"NAME":"渡子頭溪","FROM":""},"geometry":{"type":"MultiLineString","coordinates":[[[120.35320220305908,23.170947641722606],[120.35329411214852,23.170899933189993]],[[120.39262193496387,23.17749619928905],[120.39241111925969,23.177371298954732]],[[120.39241111925969,23.177371298954732],[120.39464175417737,23.1769505820564]],[[120.38212047403842,23.177410289237415],[120.38511578773287,23.177513863372067]],[[120.35210127995192,23.175370052877906],[120.35319508222113,23.176748432091514],[120.35385093954059,23.176917922308412],[120.35401090658044,23.17792716591897],[120.35467709603697,23.178442052329395]],[[120.35018385601987,23.17438566375783],[120.3513487234608,23.17441720415425],[120.35164935673941,23.17540442375687],[120.35210127995192,23.175370052877906]],[[120.37004648638207,23.17413367092952],[120.37006385428911,23.17463021506115]],[[120.39346624598168,23.180564228700593],[120.3937327753038,23.180757043220233]],[[120.38212047403842,23.177410289237415],[120.38159913977063,23.178216311795676]],[[120.3550592212488,23.17857903177746],[120.3583371803418,23.181026137601847]],[[120.381017129437,23.173300989641337],[120.38167025990255,23.173872122994826],[120.38135827545285,23.174374254423245],[120.38198005549802,23.175486923660944],[120.38212047403842,23.177410289237415]],[[120.3937327753038,23.180757043220233],[120.39416587812664,23.182198560620456]],[[120.35210127995192,23.175370052877906],[120.35210167435692,23.17318354816091],[120.35310965581569,23.17359355744075],[120.35362985639007,23.173232247124414]],[[120.381017129437,23.173300989641337],[120.3819541575214,23.172880145702774],[120.38346660800046,23.173598870690416],[120.3846046699184,23.17348342517872],[120.38535363292591,23.175321032566085],[120.38658708611571,23.176081620836857]],[[120.38722814504105,23.172824968036146],[120.387511936623,23.17435168616323],[120.39002431202917,23.175414840431195],[120.39118452023713,23.17676422135256],[120.39241111925969,23.177371298954732]],[[120.37218071346038,23.175447327256034],[120.37268399254238,23.175732277800343],[120.37349909520185,23.175103425099294],[120.37385657529667,23.17589462747711],[120.37503253122857,23.176508341371818],[120.37525148492652,23.17595850062514],[120.37659246777052,23.175437653704176],[120.37675999118031,23.174081933747992],[120.37787984561308,23.173734015319646],[120.37762720128194,23.172699458177423],[120.37991484841551,23.173540666519205],[120.3806085688199,23.1733762178188]],[[120.37006385428911,23.17463021506115],[120.37216918489075,23.17538731386708]],[[120.35880166126957,23.17340082077627],[120.35872380693147,23.17249564557752]],[[120.3453253674998,23.174373863304538],[120.34775072895924,23.17446207115097],[120.34870273877932,23.175149419026283],[120.34869973130577,23.17444089687032],[120.35018385601987,23.17438566375783]],[[120.34221183866974,23.17249351540424],[120.34334644162192,23.172445994335234],[120.34412748725022,23.174082584457278],[120.34527772101876,23.1743542382768]],[[120.3806085688199,23.1733762178188],[120.381017129437,23.173300989641337]],[[120.3935496125005,23.17851746599688],[120.39269357121353,23.177586738419766]],[[120.39346624598168,23.180564228700593],[120.3947660587422,23.179356968914785],[120.39605338692849,23.17916528026451],[120.39619006355045,23.17815915849198],[120.3969591025316,23.177656371724492]],[[120.38159913977063,23.178216311795676],[120.38352520261667,23.179311239386447],[120.38676996523559,23.17911782635886]],[[120.39219269100916,23.180751416941085],[120.39346624598168,23.180564228700593]],[[120.35362985639007,23.173232247124414],[120.35377864193204,23.17276354589818]],[[120.3806085688199,23.1733762178188],[120.38049678498206,23.172831904644834],[120.38143546303168,23.17171368708101],[120.38209041033149,23.172395419209472],[120.38459615751353,23.172034459929105],[120.38545469992773,23.17302838565662],[120.38722814504105,23.172824968036146]],[[120.35385557842096,23.170826103821863],[120.35397767565003,23.17082361071591]],[[120.35368362470952,23.17083142281526],[120.35370486436923,23.170829181118204]],[[120.38248814851346,23.181453669789374],[120.38157819257887,23.18206188861865]],[[120.35362985639007,23.173232247124414],[120.3531031140799,23.17100704076126]],[[120.35397767565003,23.17082361071591],[120.35706272505747,23.169720532633356]],[[120.37815305017513,23.169375076868082],[120.37795111178363,23.170012736109626]],[[120.38013102848464,23.168352899499233],[120.37835660004264,23.168429905092946],[120.37815086011629,23.169308294125322]],[[120.33576316243206,23.168501984986715],[120.33532263105454,23.167674482682337]],[[120.33187650731685,23.166568582947757],[120.33073131079686,23.167117360979656]],[[120.33404533126621,23.166329276458573],[120.3319472688036,23.16656020239823]],[[120.33430529653445,23.166188136268726],[120.33404533126621,23.166329276458573]],[[120.33430529653445,23.166188136268726],[120.33393646031192,23.166062610063083]],[[120.33404533126621,23.166329276458573],[120.33393646031192,23.166062610063083]],[[120.35397767565003,23.17082361071591],[120.3540677008469,23.16904579758961],[120.35490590755484,23.167963558811525],[120.358377869978,23.16740794223122],[120.36132324617273,23.166116842804765]],[[120.33961185703451,23.163613724176788],[120.33921976644542,23.164298169883327],[120.33677577055987,23.164638541792304],[120.33677989494906,23.165155262380196],[120.33547625900134,23.165351056150747],[120.33430529653445,23.166188136268726]],[[120.38885373009738,23.178696660788994],[120.3897234057592,23.178183008130645]],[[120.38159913977063,23.178216311795676],[120.38156767725722,23.17885036818948],[120.38302245350701,23.179880365866648],[120.38308940497755,23.180659229864677],[120.38248814851346,23.181453669789374]],[[120.38248814851346,23.181453669789374],[120.3826986529575,23.182379754188943]],[[120.39219269100916,23.180751416941085],[120.39150784865247,23.181369570045614],[120.39110636645128,23.180977647274982],[120.38908303189623,23.181130461664893]],[[120.38676996523559,23.17911782635886],[120.38749953485608,23.178608190151266],[120.38885373009738,23.178696660788994]],[[120.34066751894024,23.16378207163617],[120.33961185703451,23.163613724176788]],[[120.34381351634495,23.162023053937943],[120.34333436435969,23.163002840529717],[120.34180012243941,23.163798061244634],[120.3409965242115,23.163690348723968]],[[120.38885373009738,23.178696660788994],[120.38902850781285,23.178828202184363]],[[120.32714431436574,23.162067398767306],[120.32737320601831,23.161844921439332]],[[120.38902850781285,23.178828202184363],[120.38920234303482,23.17938629855804]],[[120.38902850781285,23.178828202184363],[120.38994712313338,23.178919586773873]],[[120.38718728803916,23.17930894022035],[120.38676996523559,23.17911782635886]],[[120.38908303189623,23.181130461664893],[120.38860763206986,23.180047652354787],[120.38718728803916,23.17930894022035]],[[120.38908303189623,23.181130461664893],[120.38718728803916,23.17930894022035]],[[120.39182165907515,23.18023547509441],[120.39219269100916,23.180751416941085]],[[120.3937327753038,23.180757043220233],[120.3958880832285,23.18163382138511],[120.3962046958121,23.180450054549613],[120.39729815141949,23.180941527244055]],[[120.35872380693147,23.17249564557752],[120.35917197395797,23.172059559996068]],[[120.36144054127622,23.17296173433672],[120.36198020824591,23.172959257059194],[120.36216364090154,23.173871619648178],[120.36272535821728,23.173957234269526],[120.36304948370856,23.173685405165937],[120.36251697615673,23.17232717097112],[120.36420396276084,23.172314694572453]],[[120.35415600735648,23.17266632085988],[120.35512874246733,23.17177572215745],[120.35568813705544,23.172398395179496],[120.35644671562471,23.17179200219268],[120.35722462284129,23.1727020864401],[120.35872380693147,23.17249564557752]],[[120.39416587812664,23.182198560620456],[120.39591282991277,23.182719510117607]],[[120.39416587812664,23.182198560620456],[120.39488866395148,23.18300241331976]],[[120.38722814504105,23.172824968036146],[120.38791218125107,23.17246409384316]],[[120.3642764642003,23.172313476780136],[120.36742391466514,23.172113139656215],[120.36775570036053,23.17305768106304],[120.36696742797949,23.17306149792301],[120.36693050021145,23.17358490901718],[120.3679212844202,23.173617960789137],[120.36871680296498,23.174821505714423],[120.3700358768974,23.175480894784666],[120.37006385428911,23.17463021506115]]]}},{"type":"Feature","properties":{"NAME":"湖子厝圳","FROM":""},"geometry":{"type":"MultiLineString","coordinates":[[[120.6972307641501,23.74629060603575],[120.69763354238236,23.74525848815948]],[[120.69717396070732,23.746364777199915],[120.69718419493036,23.74635141383953]],[[120.70634696906565,23.74620906764925],[120.70696913647915,23.74534958188174],[120.70849415504931,23.745239835406696],[120.70906855095154,23.74603090908534],[120.7111394925109,23.744887657636756],[120.71212675069478,23.743028854916954],[120.7123768317333,23.739819112927268]]]}},{"type":"Feature","properties":{"NAME":"湖底坑","FROM":""},"geometry":{"type":"LineString","coordinates":[[120.47290751577967,23.416957619894006],[120.47488389633381,23.417163829078184],[120.47666631683394,23.416093286090774]]}},{"type":"Feature","properties":{"NAME":"猴櫥底坑","FROM":""},"geometry":{"type":"MultiLineString","coordinates":[[[120.6244113844546,23.362943556252233],[120.62405616485378,23.364570639783082]],[[120.62489219263982,23.364190638743388],[120.6244113844546,23.362943556252233]],[[120.63039523148885,23.361304533173374],[120.63029184101218,23.364581919357484],[120.62936549967849,23.365363670115254],[120.62905604132219,23.36641528239017],[120.62710033153849,23.367025174413513]],[[120.62838335729437,23.359804255844526],[120.62991014908405,23.360506368023803],[120.63039523148885,23.361304533173374]],[[120.62426636391092,23.35890660133701],[120.62838335729437,23.359804255844526]],[[120.61972804923575,23.35567892405331],[120.62095405392856,23.358376832905336],[120.62218916180753,23.358930957374977],[120.62426636391092,23.35890660133701]],[[120.62426636391092,23.35890660133701],[120.62383103656583,23.36070663033965],[120.6245856549025,23.362198841770827],[120.6244113844546,23.362943556252233]],[[120.63510058254639,23.367540947684063],[120.63453084688764,23.368862931864037],[120.63337549582224,23.369769436559345]],[[120.63794363152344,23.369556710758154],[120.64269708630349,23.370128017959942],[120.64505775622911,23.37149177550673]],[[120.63510058254639,23.367540947684063],[120.63691054568926,23.36824401720079]],[[120.63039523148885,23.361304533173374],[120.63230121037854,23.361246418682505],[120.63318831661746,23.361879789941977],[120.6331952676591,23.36285262673898],[120.63510058254639,23.367540947684063]],[[120.63976457184773,23.375375323912188],[120.63835422822737,23.371943136203672]],[[120.62838335729437,23.359804255844526],[120.63108319164813,23.356245809498855],[120.6312644550131,23.355357907679462]],[[120.63691054568926,23.36824401720079],[120.63794363152344,23.369556710758154]],[[120.63957087289158,23.36837811047736],[120.6417321784174,23.368272572452618],[120.6431924784744,23.36763418954091],[120.64390068196808,23.366312082241997],[120.64461713312521,23.365952635015887],[120.64455815328901,23.365383299872228],[120.64515196878035,23.365127975121382]],[[120.63691054568926,23.36824401720079],[120.63952748261921,23.368373207555024]],[[120.63833217812274,23.37190379487628],[120.63794363152344,23.369556710758154]],[[120.6312644550131,23.355357907679462],[120.63286444753186,23.355291144420047]],[[120.6312644550131,23.355357907679462],[120.63130993368232,23.353629868486895]]]}},{"type":"Feature","properties":{"NAME":"番子坑","FROM":""},"geometry":{"type":"LineString","coordinates":[[120.5566790034339,23.15],[120.55821623760629,23.1521047802324],[120.55952678250905,23.152503482258446]]}},{"type":"Feature","properties":{"NAME":"番尾坑","FROM":""},"geometry":{"type":"MultiLineString","coordinates":[[[120.56766198467443,23.589372956328415],[120.5688031004766,23.59009326318939],[120.56973212254495,23.58973689540243],[120.57002844147665,23.590326945423257],[120.57189921181521,23.590706189017986]],[[120.56339496244449,23.58952872359562],[120.56346680153011,23.58957864870777]],[[120.57196754393868,23.590685283390826],[120.57287395892244,23.590890193242213],[120.57435256589191,23.59031302340369],[120.57510489379167,23.590995664537918],[120.5774685702631,23.590218746126503]],[[120.56605236884695,23.5890544337994],[120.56762756862686,23.589388979100146]],[[120.5774685702631,23.590218746126503],[120.57806447805302,23.592279282629356],[120.58043821238437,23.59255211359526],[120.58355047613499,23.59193740394478],[120.58576857201051,23.59229101191039],[120.58983764718583,23.59009163968529],[120.5901990226999,23.58894573585596],[120.5911303839794,23.58810677094901]],[[120.56542471868256,23.589451916831635],[120.5660526009294,23.589053465859134]],[[120.5774685702631,23.590218746126503],[120.5785210575023,23.590068096769592],[120.58198743606387,23.587600917648285]],[[120.56437030002978,23.589913439036565],[120.56542271656767,23.58945204902956]],[[120.56346676668088,23.58957865798223],[120.56433232184563,23.58991118698081]],[[120.59114652258059,23.588072486381098],[120.59955178845577,23.583777639365938]]]}},{"type":"Feature","properties":{"NAME":"番厝坑","FROM":""},"geometry":{"type":"MultiLineString","coordinates":[[[120.43410053413626,23.19792775101965],[120.43487252724083,23.19738186915451],[120.43484864310848,23.196508168842342],[120.43664349036762,23.195701678047275]],[[120.44430274872043,23.19604487863538],[120.44457790830786,23.196672372748427],[120.44534031594357,23.196668186176407],[120.44648579740094,23.197739859567466],[120.44817690668833,23.198129352547863]],[[120.44294912871976,23.19520625543627],[120.44428159205616,23.19598640547668]],[[120.43683952507695,23.195722668301542],[120.43765541880924,23.19542748744257],[120.4382562717873,23.19598713319479],[120.43928105011999,23.195638479730253],[120.43945942336663,23.196165074095692],[120.44044519933163,23.196419018550728],[120.44108797366286,23.19565141891004],[120.44075146436623,23.19472475567521],[120.44199058544821,23.195866693095237],[120.44243643314091,23.195622145570734],[120.44223029326953,23.195088688786555],[120.44294912871976,23.19520625543627]],[[120.45086852731679,23.1904455458685],[120.45101260405104,23.18996296677481],[120.45239860856121,23.189583855063855]],[[120.4500208444306,23.190670692477013],[120.44983860252434,23.18900420200408]],[[120.45086852731679,23.1904455458685],[120.45217646165585,23.191382136074434]],[[120.44572095253568,23.19481837850254],[120.44748780636519,23.195982396581865],[120.45081065025032,23.19393040733233],[120.45219663793469,23.193822188499094]],[[120.44294912871976,23.19520625543627],[120.44288824944323,23.194765879639203],[120.44397353383667,23.19448289778443],[120.44468875013385,23.19507446105066],[120.44572095253568,23.19481837850254]],[[120.4500208444306,23.190670692477013],[120.45086852731679,23.1904455458685]],[[120.44572095253568,23.19481837850254],[120.44695252211586,23.194052848410323],[120.44656569495638,23.192026851141],[120.44698135968723,23.1913150015029],[120.44865393370254,23.19167504842763],[120.44899923376757,23.190965207966496],[120.4500208444306,23.190670692477013]]]}},{"type":"Feature","properties":{"NAME":"番婆夾坑","FROM":""},"geometry":{"type":"MultiLineString","coordinates":[[[120.65232545853343,23.653705897201096],[120.65180394604691,23.653736425335502]],[[120.6514520086085,23.65384943744125],[120.64981294328987,23.653408099939494],[120.64778162859717,23.654164127409455]],[[120.63925831340993,23.65193445582727],[120.63880515800267,23.648489995767356],[120.63843080122331,23.64826959069458]],[[120.65245248299448,23.653809336611953],[120.65237060086905,23.653740946699322]],[[120.64096685377828,23.652372695990824],[120.64116135899238,23.64996323215875]],[[120.651779264876,23.65379528999022],[120.65150767378981,23.653849362011403]],[[120.6452383396089,23.658849041558994],[120.64509266825361,23.6572768473464]],[[120.64387463450086,23.659852190156837],[120.644350168502,23.65768858544943]],[[120.64193042056263,23.660315354935953],[120.64313528837289,23.65811789454803]],[[120.64200116393131,23.65827255981677],[120.6405898529815,23.659936387388992]],[[120.64398361149173,23.653386448046586],[120.64036589734035,23.655690934033235],[120.63805962055615,23.6558522539466]],[[120.64705781696848,23.65411894381892],[120.64432227001107,23.65362484378807],[120.64024867613432,23.65196388488703],[120.63946018212559,23.652093871876218],[120.63792638029014,23.651483009791047],[120.63735825218583,23.650536773453126]],[[120.64109415879403,23.650170541811057],[120.64105376888855,23.64994412239386]],[[120.64345352385631,23.653268361108285],[120.64347272550235,23.651960589469777],[120.64246776868636,23.649882945698003]],[[120.641595365095,23.65814532752483],[120.63946983457906,23.65822901395662]]]}},{"type":"Feature","properties":{"NAME":"華興溪(到孔山溪)","FROM":""},"geometry":{"type":"MultiLineString","coordinates":[[[120.47084891986431,23.630443912506138],[120.47162718613457,23.629792100114503]],[[120.53927512234611,23.601948582607427],[120.53891579503485,23.600927109615427]],[[120.54816173237583,23.595690692024956],[120.54753912821045,23.594324359293147],[120.5450197298237,23.594010046677877]],[[120.54940059224249,23.597173308257542],[120.54827689727293,23.595738294229744]],[[120.55484654360029,23.598400052919217],[120.55010728179639,23.59831634360366],[120.54951258311524,23.597273892475812]],[[120.58196997527295,23.576036308878408],[120.58473433834547,23.575320974955957]],[[120.58476682366377,23.575305560467214],[120.58719979866623,23.573230515080798],[120.58876367197958,23.572790442602628],[120.591744817181,23.569392423312944]],[[120.57941316932146,23.574697433539527],[120.57997552493234,23.573801221362693]],[[120.58000181558066,23.573773141628525],[120.58085989588146,23.57250804181138],[120.58187758083666,23.572217811815605]],[[120.47236623293297,23.628907913712002],[120.4740444140369,23.62774801643987],[120.47831736377772,23.627210803352767]],[[120.47162718613457,23.629792100114503],[120.47236623293297,23.628907913712002]],[[120.50531550184256,23.626809657112908],[120.5054749003685,23.625369609198767],[120.5048347881864,23.62371811578526]],[[120.50482600290579,23.623681122846957],[120.50444999777687,23.62191625471611]],[[120.59391673836525,23.575506751266605],[120.59530178784233,23.575181947077784]],[[120.46117409622437,23.627715474907493],[120.46043071124872,23.62728257427443],[120.46004439882394,23.626040280974014]],[[120.46003817923393,23.626002507921225],[120.4600356041185,23.625986868624448]],[[120.53927512234611,23.601948582607427],[120.54053440964644,23.601509833929104]],[[120.60741025780517,23.581028691458066],[120.61003941576553,23.580437881209257]],[[120.59439869199747,23.581127364732087],[120.59769392354188,23.57884152449659],[120.59947282932849,23.576742162511536],[120.60335953630236,23.575028476078245]],[[120.58440195587559,23.57717934874475],[120.58511206618695,23.577222695180872],[120.58610290762445,23.57628363282971],[120.58773037171449,23.576841001179854],[120.5888175803669,23.576667628302644]],[[120.58885242019798,23.576663711478023],[120.5938916442102,23.5755205279911]],[[120.5450196535388,23.594010074888725],[120.54398662607585,23.593744278393064]],[[120.47831736377772,23.627210803352767],[120.47852921215878,23.627191777905544]],[[120.47859112720347,23.62717933406931],[120.4786061836592,23.627176307981387]],[[120.53268326374432,23.601784254330976],[120.53367811904249,23.601913845582956],[120.53443132915893,23.603293195155004],[120.53927512234611,23.601948582607427]],[[120.53221676974478,23.60195199921442],[120.53258643550656,23.60182255052656]],[[120.5282585156993,23.60255456559125],[120.53058813755301,23.601602044689713],[120.53215181481602,23.601973708539035]]]}},{"type":"Feature","properties":{"NAME":"雲林溪","FROM":""},"geometry":{"type":"MultiLineString","coordinates":[[[120.52788757489517,23.720278751832133],[120.52742840594858,23.720207376824682]],[[120.51401167846515,23.7193396992007],[120.51530258120854,23.719165473593478],[120.51718000637386,23.720318074084332]],[[120.51401167846515,23.7193396992007],[120.51493267068727,23.721138666515838]],[[120.56537894777321,23.681572609318298],[120.56520665728492,23.68161080538265]],[[120.51401167846515,23.7193396992007],[120.51322638621998,23.719199504573727]],[[120.52844876490775,23.717418601843313],[120.52893662830026,23.716676961845522]],[[120.52110283571447,23.718492851322345],[120.52020736507767,23.718765509269915],[120.51847748134766,23.717403465705615],[120.51813822588602,23.71895997555162],[120.51716882049335,23.71904581156825]],[[120.52272156347318,23.717814441567704],[120.52348363790382,23.718004377829228]],[[120.50694961556614,23.712102962073338],[120.50947880826132,23.711728570114754]],[[120.52204558237428,23.718197760978992],[120.52340450569992,23.717043733865236],[120.52408736852081,23.71710813186845]],[[120.51530244208234,23.71688785274281],[120.51905767638833,23.716127612190792],[120.52110283571447,23.718492851322345]],[[120.55757540812996,23.6828352504498],[120.55878397299249,23.684863612682324]],[[120.56448614159036,23.681796064026408],[120.56772346055847,23.679760012187348],[120.56787179800935,23.678898099341403],[120.56934227585697,23.67892929896399]],[[120.52656845435892,23.720107691010302],[120.5268255073475,23.719697046072845]],[[120.52264606699333,23.71498965035114],[120.52430847368137,23.715866059968416],[120.52481674879108,23.71486665415308]],[[120.52124869986527,23.72196244751728],[120.52134066423214,23.721992330263323]],[[120.52685936511023,23.719638003742194],[120.52841104341351,23.717471993273087]],[[120.51827820846778,23.723305581379964],[120.51784954019816,23.72463150994399],[120.51884556273167,23.725718119125478],[120.51964356608941,23.72494184802525],[120.52089355864945,23.72530010119334],[120.52091600528085,23.72566359315933],[120.5222544492154,23.725717382856228],[120.52153056001322,23.725785127036918],[120.52148124503343,23.726245462747933],[120.52298501990684,23.726574865338883],[120.52403523097064,23.72515626698683]],[[120.50959785026842,23.711772612856056],[120.51137382955733,23.711753477759434],[120.51155938846182,23.71335683908621]],[[120.51718000637386,23.720318074084332],[120.51723145206307,23.720316638761407]],[[120.51731035963388,23.720314437225177],[120.51878147133569,23.72045854602704],[120.5186940801921,23.720997559013735],[120.52119779109971,23.721945905289356]],[[120.52195836357252,23.71820426675292],[120.52110283571447,23.718492851322345]],[[120.51718000637386,23.720318074084332],[120.51720647102229,23.720710914857733]],[[120.56882460721974,23.68137897298526],[120.56720477777795,23.681164924139832],[120.56542532781846,23.68156232702905]],[[120.51494919521994,23.721219900260028],[120.51620114491251,23.723170379086156],[120.5173729168011,23.722943835373773],[120.51731516550849,23.722388376082385],[120.51779932772314,23.72228606761659],[120.51827820846778,23.723305581379964]]]}},{"type":"Feature","properties":{"NAME":"黃狗坑溪","FROM":""},"geometry":{"type":"LineString","coordinates":[[120.6562878713612,23.29333372936144],[120.65695465741337,23.293005580306996],[120.65685318539,23.29179757843845],[120.65786461424403,23.290731960298906],[120.65737858022153,23.289631484397407],[120.65786967670348,23.28878371419329],[120.65764562082539,23.288078876012786],[120.66079618990005,23.286157737695202],[120.66088282912997,23.282688004833645],[120.65995139941712,23.27985501910709],[120.66075566124236,23.277673656591134],[120.66056520050132,23.27652409833869],[120.6612400238881,23.276031066296753],[120.6621523604699,23.27205234255754]]}},{"type":"Feature","properties":{"NAME":"黃德坑溪","FROM":""},"geometry":{"type":"MultiLineString","coordinates":[[[120.61667335186212,23.68158317840482],[120.6168607601753,23.681593065262607]],[[120.6169283931767,23.68157331961388],[120.61787283847343,23.681708070745515],[120.61898939719467,23.68103304913438]],[[120.60757219972466,23.687399975907372],[120.60565730880879,23.686013124398556]],[[120.60565730880879,23.686013124398556],[120.60179532502028,23.689163870020973],[120.60185898439406,23.688319774414616]],[[120.63374319691256,23.66488814596479],[120.63361546007245,23.66427831970789],[120.63695412865533,23.661401159354575]],[[120.60565730880879,23.686013124398556],[120.6052301552575,23.685700916795117]],[[120.63693305561547,23.666518848176633],[120.63516476275987,23.668438020680707],[120.63293769323765,23.668915807350352]],[[120.63291026708147,23.665576945392132],[120.63374319691256,23.66488814596479]],[[120.63374319691256,23.66488814596479],[120.6385968621328,23.663513518342313],[120.63917512972166,23.662476406084757]]]}},{"type":"Feature","properties":{"NAME":"黑肉肚腳溪","FROM":""},"geometry":{"type":"MultiLineString","coordinates":[[[120.64623365055866,23.38580325879423],[120.64469931435298,23.387213147316075],[120.64407025595627,23.388745009988313]],[[120.64835068461421,23.376318849350206],[120.6457814888578,23.376001231333937]],[[120.6476125382928,23.379723994036087],[120.64918906939509,23.381512768924797],[120.65097720565126,23.382332982675862],[120.65150817697467,23.38382310911133]],[[120.64712401864259,23.383589578908236],[120.64920567495739,23.38602680873694]],[[120.64712401864259,23.383589578908236],[120.64623365055866,23.38580325879423]],[[120.64623365055866,23.38580325879423],[120.64758902790567,23.388076232381316],[120.6488004116905,23.39252494198913]],[[120.6476125382928,23.379723994036087],[120.64774681385867,23.381818660599663],[120.64712401864259,23.383589578908236]],[[120.64835068461421,23.376318849350206],[120.64786202537849,23.376807117356616],[120.6476125382928,23.379723994036087]],[[120.65163658626852,23.365082678765713],[120.65232886849317,23.366621763829595],[120.65187850582801,23.36890288091408],[120.65093518130722,23.369567879992676],[120.65125871027917,23.37016340615827],[120.65096748109703,23.371117569296484],[120.65010044571068,23.371502447139953],[120.64871934965494,23.37322285130534],[120.64861009169654,23.37462748830447],[120.64902059602805,23.37528084650116],[120.64835068461421,23.376318849350206]]]}},{"type":"Feature","properties":{"NAME":"塔乃庫溪","FROM":""},"geometry":{"type":"MultiLineString","coordinates":[[[120.69675660469137,23.370439313621453],[120.69546132629081,23.36759781143603],[120.69620276943006,23.36397256362176]],[[120.70773461419601,23.36935714089459],[120.70845111377906,23.368829310216096],[120.709168320826,23.369332132344212],[120.71294530585024,23.369017431283243],[120.71963705794626,23.370737921567738],[120.72313730642213,23.37027108035823],[120.72502355936233,23.371192229850426],[120.72957598202312,23.371550986662196],[120.73113065354084,23.37042580948134],[120.73232024691988,23.370758897478773],[120.73389390258711,23.372091543310965],[120.73590467194369,23.372293454284414],[120.73856727119218,23.372180665344843],[120.74237212753806,23.370036768648806],[120.74480407517598,23.37151998211809],[120.74842820876735,23.372074063000248],[120.75,23.372994858817435]],[[120.69100533951602,23.403792880972986],[120.69241997717677,23.404048504630843],[120.6969249764682,23.40347096443674],[120.70111391395577,23.401898644758354],[120.70241834122379,23.402366343179306],[120.7051698370966,23.401084195840916],[120.70928571373672,23.400910249842305],[120.7116317146824,23.39961524129068],[120.71392254436823,23.400110196879186]],[[120.68164368391422,23.39862262833266],[120.68708530339542,23.401015117765816],[120.6889224139574,23.40097160725386],[120.69100533951602,23.403792880972986]],[[120.7219152053139,23.402803539220074],[120.72334989270492,23.402002768252665],[120.7252431174395,23.40307872493869],[120.72658561512519,23.402769680380292],[120.72961193138586,23.403298111533033],[120.73301564646057,23.40215667081431],[120.73543543427886,23.40267965587707],[120.73653420730248,23.40222304101407],[120.73762039950373,23.402397964098864],[120.73932126520768,23.401163861350344],[120.73937261974055,23.3999637494908],[120.74052043029337,23.398417303054245],[120.7404927150735,23.39668288416147],[120.74357339181714,23.39357047305231],[120.7460056622094,23.38911469269388],[120.74788102144741,23.390061422053876],[120.75,23.38997949465203]],[[120.7219152053139,23.402803539220074],[120.7230577145169,23.40387407020862],[120.72277582434421,23.40582799490808],[120.72365574988757,23.4077422398699],[120.72359885028949,23.408804040531713],[120.72704545713368,23.412924411796116],[120.72976193331779,23.413237888108895]],[[120.68605929812061,23.379690314872356],[120.6870641040476,23.381402368596305],[120.69002339836818,23.382579656925603]],[[120.71618378399384,23.400677686310885],[120.7208547200389,23.402870839013055],[120.7219152053139,23.402803539220074]],[[120.69741887473326,23.372894573870067],[120.69627248730517,23.371493161955414],[120.69675660469137,23.370439313621453]],[[120.69675660469137,23.370439313621453],[120.69665580009263,23.366598768006963],[120.6981551205971,23.364418106317448]],[[120.69100533951602,23.403792880972986],[120.690553118713,23.404823491960023],[120.69080180880792,23.406417773085742],[120.69434465243734,23.408484802675787],[120.69519683832634,23.410033741060285],[120.69657845650873,23.4103802723081]],[[120.71392254436823,23.400110196879186],[120.71533774458167,23.399713966907747],[120.7158785676482,23.39862670492465]],[[120.71392254436823,23.400110196879186],[120.71481647451327,23.400687932254364],[120.71611911308607,23.40068633278204]]]}},{"type":"Feature","properties":{"NAME":"塔羅留溪","FROM":""},"geometry":{"type":"MultiLineString","coordinates":[[[120.7091763509105,23.164727663042026],[120.71023452444571,23.163950721996]],[[120.71023452444571,23.163950721996],[120.71415475270548,23.164057142040427],[120.71839864349259,23.163357977658094],[120.71973478105069,23.16165336951299]],[[120.71973478105069,23.16165336951299],[120.72237737759444,23.16007272201773],[120.72303243088827,23.158166153007745],[120.72431117302855,23.158055480153983],[120.72458822587464,23.15756380849473]],[[120.71023452444571,23.163950721996],[120.70947316212957,23.163542969221936]],[[120.72014090360946,23.177636046044125],[120.717727690621,23.176157498802958],[120.71579835259026,23.172857778472125]],[[120.71182948677021,23.174272908457812],[120.71357048508064,23.174165454802573],[120.71579835259026,23.172857778472125]],[[120.72458822587464,23.15756380849473],[120.72394939663762,23.156445209621324],[120.72393448909283,23.154212430058422],[120.72236953688565,23.151024220051315],[120.72316732355272,23.15]],[[120.71579835259026,23.172857778472125],[120.71739445419844,23.16777202306038],[120.71685418734164,23.166707777475185],[120.71967332808849,23.16353625550079],[120.71973478105069,23.16165336951299]],[[120.72458822587464,23.15756380849473],[120.73078487391078,23.159109687469485]]]}},{"type":"Feature","properties":{"NAME":"塔羅塔羅曾北溪","FROM":""},"geometry":{"type":"LineString","coordinates":[[120.7174752226248,23.23500621351056],[120.71803361360348,23.236926152357356],[120.71861454126619,23.23669239552149],[120.72100176939469,23.23795860568383],[120.72278588965531,23.237571176863195],[120.72421072990089,23.23578339956]]}},{"type":"Feature","properties":{"NAME":"塔羅塔羅曾南溪","FROM":""},"geometry":{"type":"MultiLineString","coordinates":[[[120.70841061675509,23.228372830902785],[120.7129129254071,23.22806272448836],[120.71456659361614,23.229372849029495],[120.71504903822985,23.227840817736602],[120.71650868873579,23.22706230832344],[120.7194007748275,23.22294735416277],[120.7223039331949,23.221503086281874],[120.72716888216854,23.220012863594615]],[[120.72723843351288,23.219971063683705],[120.7314151933725,23.219098564817426]],[[120.7314151933725,23.219098564817426],[120.73289457050717,23.218662922692122]],[[120.7314151933725,23.219098564817426],[120.73325187740522,23.21982162823632]]]}},{"type":"Feature","properties":{"NAME":"新社坑","FROM":""},"geometry":{"type":"MultiLineString","coordinates":[[[120.56701887334309,23.49115039688062],[120.56917788972987,23.491967623904063],[120.5716795302762,23.491911502561024]],[[120.57649518241352,23.497603555732322],[120.58121981320416,23.496555658671728],[120.58512845411013,23.49323050698407],[120.5870030420435,23.49374970020482]],[[120.5716795302762,23.491911502561024],[120.57286619098502,23.490720047568725]],[[120.57175392512228,23.499737791570976],[120.5727321282492,23.500549763152442],[120.57238685756396,23.501657894919937],[120.57269408336394,23.502752548880146],[120.57356022396304,23.503480002628258],[120.57324224694493,23.504258892567293],[120.57391321337357,23.504913563799857],[120.57533815701332,23.50505477982542]],[[120.57537347343758,23.5050698090292],[120.57607630237598,23.505496597103587]],[[120.57607630237598,23.505496597103587],[120.58029728669413,23.506987781311054],[120.5813964689822,23.50688422679628]],[[120.57607630237598,23.505496597103587],[120.57693843193523,23.51039276609677]],[[120.59089967690402,23.505399728724296],[120.59142668724711,23.5029557575264]],[[120.5813964689822,23.50688422679628],[120.5828354890259,23.508135014719073],[120.58438722140268,23.508568068603864],[120.58602712098535,23.50828132995765],[120.588184859997,23.506597295914283],[120.59089967690402,23.505399728724296]],[[120.59145925201459,23.502893842741504],[120.5915972634607,23.502631443303763]],[[120.57589231177356,23.498527913405567],[120.57708152398823,23.499079753831225],[120.5795884896036,23.499058943310693],[120.5829792043984,23.498280478548473]],[[120.5813964689822,23.50688422679628],[120.58385309477501,23.50448983031154]],[[120.57649518241352,23.497603555732322],[120.57602976471868,23.496173163553177]],[[120.59089967690402,23.505399728724296],[120.59244541554675,23.505398996736655]],[[120.5716795302762,23.491911502561024],[120.57182734525131,23.493327421369045],[120.57262653178694,23.494184162700606],[120.57524015386062,23.49438817561744],[120.57608977302421,23.49385806733779]],[[120.58736219031745,23.493670125132663],[120.59338201913747,23.49542560066657]],[[120.59339638677079,23.495453938341647],[120.59492978828038,23.495942520627054]],[[120.5870030420435,23.49374970020482],[120.5877131723475,23.494776339629563],[120.58990664252558,23.496027340269432]],[[120.58736219031745,23.493670125132663],[120.58904715275459,23.49221750019573],[120.5901198446414,23.492021133455882],[120.59177227524565,23.49264042309165]],[[120.5870030420435,23.49374970020482],[120.58736219031745,23.493670125132663]],[[120.5763239584118,23.498143632228956],[120.57649518241352,23.497603555732322]],[[120.56635372908129,23.49097442504065],[120.56697634641012,23.49115198163909]]]}},{"type":"Feature","properties":{"NAME":"新虎尾溪","FROM":""},"geometry":{"type":"MultiLineString","coordinates":[[[120.4762614803025,23.748947820226903],[120.47630249879629,23.748958953811155]],[[120.48119984397412,23.749546812709582],[120.47994408883577,23.749384492257352],[120.47991056446875,23.75]],[[120.47363244396966,23.748004396155032],[120.47608493136202,23.748899899710803]],[[120.47358485590534,23.74799475089647],[120.47087678010153,23.747318709157184]],[[120.47087678010153,23.747318709157184],[120.47074878666811,23.74763194244401],[120.46803612702699,23.747124297669686]],[[120.47087678010153,23.747318709157184],[120.47052359829163,23.74701522165292]],[[120.47618699123439,23.748927601751433],[120.47621598634164,23.74893547186156]]]}},{"type":"Feature","properties":{"NAME":"新寮溪","FROM":""},"geometry":{"type":"MultiLineString","coordinates":[[[120.51826786312438,23.155310767030244],[120.51991723414545,23.156008720308602]],[[120.51807950400318,23.15549532984183],[120.51826786312438,23.155310767030244]],[[120.51695558413877,23.15740380890661],[120.51856372666204,23.157939458286556]],[[120.51649535321135,23.157481799171823],[120.51690124651898,23.157401986240902]],[[120.53200144150583,23.155229182683],[120.53306405535358,23.156095632434717]],[[120.51690460993099,23.15615105426878],[120.51730842265165,23.155957438518335]],[[120.53171717447002,23.155245124015288],[120.53192036947132,23.155239763940997]],[[120.52959238007782,23.15594299152994],[120.52874809184289,23.15520043248074]],[[120.51690460993099,23.15615105426878],[120.51639486391858,23.155300679791853]],[[120.52973118312492,23.156144755525474],[120.5296369383166,23.156007761918456]],[[120.53171717447002,23.155245124015288],[120.53157202572312,23.154872202727724],[120.53230229448931,23.15465760446618]],[[120.52973118312492,23.156144755525474],[120.53023928466268,23.155518553015295],[120.53171717447002,23.155245124015288]],[[120.52973666953508,23.156633782124292],[120.52973118312492,23.156144755525474]],[[120.51826786312438,23.155310767030244],[120.51927631060259,23.15451908481665]],[[120.5128517084047,23.15783870125804],[120.51649535321135,23.157481799171823]],[[120.51856372666204,23.157939458286556],[120.51930703219283,23.159307488827647]],[[120.53534666284239,23.153799525707534],[120.53621446288638,23.154508659093405]],[[120.53230229448931,23.15465760446618],[120.53534666284239,23.153799525707534]],[[120.52856420955365,23.15935896795451],[120.52822820921239,23.158594890873754]],[[120.5409133207397,23.15933522893074],[120.5424202132117,23.159614754688953],[120.54278227901331,23.16153014364579]],[[120.53230229448931,23.15465760446618],[120.53218234256117,23.15291440572775]],[[120.53218234256117,23.15291440572775],[120.53291084640082,23.15234084039046],[120.53273220336268,23.15199039671704]],[[120.5365388665113,23.151863690730725],[120.53534666284239,23.153799525707534]],[[120.53218234256117,23.15291440572775],[120.53146318258155,23.151088192167848],[120.53214271443086,23.15]],[[120.52353516977813,23.162121600640386],[120.52430289001276,23.161741609483713]],[[120.52435524789098,23.161709346472907],[120.52467752871941,23.16111603078038]],[[120.52471467851404,23.161076430419637],[120.52565679651975,23.16095379001929]],[[120.52571878277834,23.160992452210902],[120.52735633607539,23.16045750493119],[120.52856420955365,23.15935896795451]],[[120.52856420955365,23.15935896795451],[120.52972684556462,23.156697577263106]],[[120.54278227901331,23.16153014364579],[120.54199981694865,23.16202920117985],[120.53974103172825,23.16216964026551],[120.53826926300567,23.16367122530018],[120.5376553000978,23.162606156934917],[120.53716246649466,23.162588940597914],[120.53707805242405,23.16354590272205],[120.53591641519057,23.16398513614299]],[[120.54278227901331,23.16153014364579],[120.54615711944713,23.163972925345362]],[[120.5193683674218,23.16582071616849],[120.51707276246339,23.16508922961996],[120.51588822796705,23.16364083405618],[120.51565679535538,23.162180472472215]],[[120.5156791874415,23.162124004746122],[120.51583647512055,23.161821089645837]],[[120.5193683674218,23.16582071616849],[120.51854703041695,23.164542768574687],[120.51816828551642,23.162376652244017]],[[120.52008698350801,23.162888026299893],[120.52073224443957,23.163115687874242],[120.52113021440069,23.16274001608649]],[[120.5212002491203,23.162726829964424],[120.52286999177542,23.162892584871745]],[[120.52292017685383,23.16291273370486],[120.5229641369082,23.162930383232407]],[[120.5229641369082,23.162930383232407],[120.52224806881584,23.163883218839832],[120.52229623765413,23.164903773660285]],[[120.5229641369082,23.162930383232407],[120.52370410135332,23.163290529796157]],[[120.52375893405437,23.1632820249145],[120.52501689691474,23.16365334872896]],[[120.52503188710558,23.163709439705862],[120.52558698593612,23.164370630630255]],[[120.52564601964566,23.16439574666015],[120.52657237757458,23.16490505783467]],[[120.53770608857886,23.16548273840145],[120.53657369472296,23.16566702132349],[120.53685365463141,23.165010691359452],[120.53590622629494,23.16490192244769],[120.5349060857766,23.163865883116955]],[[120.53491220601795,23.163787445577],[120.53491495682267,23.163752184239975]],[[120.53321469063324,23.16467565409934],[120.53279827343326,23.163816582199]],[[120.49539026077264,23.166330415752974],[120.49562564421299,23.166775001029123]],[[120.49569295178837,23.166870902014015],[120.49897507824778,23.1675153304941],[120.50009071141235,23.16670946668178]],[[120.51283535225498,23.165848434154118],[120.51441049970964,23.164595793467036]],[[120.54702461974678,23.167178834363025],[120.5433731175202,23.16548245768372],[120.54058191072102,23.16553808989707],[120.53884659734028,23.166359674020413],[120.53770608857886,23.16548273840145]],[[120.53770608857886,23.16548273840145],[120.53859276944301,23.167311802526136]],[[120.52036247361355,23.166259363642528],[120.5193683674218,23.16582071616849]],[[120.51283535225498,23.165848434154118],[120.51486245056918,23.16647995979985],[120.51617789856317,23.166332705667067]],[[120.51117024125948,23.16687957888278],[120.51283535225498,23.165848434154118]],[[120.54130964583315,23.166664338323898],[120.54029760507802,23.167226021093583],[120.53859276944301,23.167311802526136]],[[120.51035378182955,23.16697645994437],[120.51117024125948,23.16687957888278]],[[120.51117024125948,23.16687957888278],[120.51246310098608,23.167958093458164],[120.51314935902325,23.167887951970688]],[[120.51035378182955,23.16697645994437],[120.51119782588283,23.168245470603782]],[[120.53859276944301,23.167311802526136],[120.53877136541826,23.16879334282672],[120.54139080901554,23.168779849281467],[120.54280583584814,23.169589594935516]],[[120.51856372666204,23.157939458286556],[120.51939194283892,23.15732559125764]],[[120.51649535321135,23.157481799171823],[120.51690460993099,23.15615105426878]],[[120.51740979937988,23.155928694401624],[120.51807950400318,23.15549532984183]],[[120.50468924708753,23.1645671618084],[120.50504675038663,23.16407983520884],[120.50667501747607,23.16401477922948],[120.50838622014776,23.16573566823379],[120.50884219195241,23.165651256294066],[120.5091420004411,23.166769637292134],[120.51035378182955,23.16697645994437]],[[120.50015672226506,23.166712959899538],[120.50109427319418,23.165729342450497],[120.50463747243803,23.16458379837861]]]}},{"type":"Feature","properties":{"NAME":"會埔大圳","FROM":""},"geometry":{"type":"MultiLineString","coordinates":[[[120.54390452213151,23.45948954658502],[120.54146710093741,23.459794366136535],[120.54055652712299,23.458943320412462],[120.5374590132088,23.459137212865894],[120.53681417702164,23.45863507578457],[120.53425155094256,23.45860173094202],[120.53306359253892,23.458080363729284]],[[120.56076525184348,23.46231484518034],[120.55989504088717,23.46258686498344],[120.55564635524111,23.46053795189174],[120.55298677899559,23.46034206027397]],[[120.52815469835305,23.46079340208638],[120.52803407335209,23.46236877686347],[120.52898896922315,23.463267881202306]],[[120.53064980696948,23.459189140469675],[120.53057225847694,23.459076962802513]],[[120.55294384576628,23.460333711916913],[120.54959115431997,23.46046332674747],[120.54657058367444,23.458928057995397],[120.54395283586686,23.459491240162116]],[[120.56537836327666,23.463930669913818],[120.56346036615066,23.462750083009666],[120.56079474883462,23.462278833109064]],[[120.53424662964866,23.460892676634042],[120.53259521880342,23.460168776765013],[120.53161313136131,23.460409770201966],[120.53079290762055,23.460027047087035],[120.53068602987803,23.45924153859931]],[[120.52425499380207,23.456295381121723],[120.52454760916719,23.457036549060433],[120.52528840588718,23.457357459607152],[120.52520571953411,23.458313160842675]],[[120.51953560749062,23.453348646476485],[120.52318833437296,23.453796728135753]],[[120.52520571953411,23.458313160842675],[120.52714391697319,23.458641210290477],[120.52706730270533,23.45991558150558],[120.52815469835305,23.46079340208638]],[[120.52815469835305,23.46079340208638],[120.52872192814604,23.461312928280297],[120.53030717459411,23.461191584128127],[120.53106501686152,23.46179995571662]],[[120.56754763045201,23.463605118228028],[120.56542315485592,23.46395024173854]],[[120.5255257168048,23.466689738738214],[120.5260677867969,23.467340926467504],[120.52532454410081,23.469566886228407],[120.52592071909658,23.470059959570996]],[[120.52520571953411,23.458313160842675],[120.5244583213117,23.45972928649219],[120.52488861431662,23.460261683482802],[120.52453984188747,23.461029200111977],[120.52631535584793,23.46471276177108],[120.52543231506327,23.46575625102898],[120.52553681842203,23.466651362347605]]]}},{"type":"Feature","properties":{"NAME":"楠梓仙溪","FROM":""},"geometry":{"type":"MultiLineString","coordinates":[[[120.69076122641029,23.252612847461112],[120.69338465817721,23.252412358000115]],[[120.68902610506578,23.26021045934521],[120.68954858115343,23.258069059358707],[120.69248348404265,23.256114817151825]],[[120.69252105537643,23.256100667017467],[120.69358716340551,23.254911882452838]],[[120.69287993506403,23.266241194093894],[120.69430868827014,23.261857567558124],[120.69394544586476,23.26085675085448],[120.6942264536704,23.2593584174917]],[[120.69423173568569,23.25932105117581],[120.69402492424021,23.25842776800948],[120.69461237960154,23.257530413533996]],[[120.71619581865082,23.27983038411417],[120.71583453257405,23.28117524517831],[120.71274628607219,23.282752206703464]],[[120.74602564969771,23.3210906668726],[120.74608413110357,23.318137439627634],[120.75,23.31389166512957]],[[120.74037874526438,23.32005594845715],[120.74029649204854,23.320081116233375]],[[120.64536593258832,23.191219125940982],[120.64842144504422,23.190903111708085],[120.65129987534728,23.187909187932725]],[[120.65580992539088,23.197644548819127],[120.65420914424065,23.19693219301273]],[[120.65419143852048,23.19688205651254],[120.65512056956577,23.195295270981624],[120.65800493920813,23.194445915426208],[120.65953684590129,23.193214314771634],[120.66189014015633,23.19255110388057],[120.663327291703,23.192879226774068],[120.66719358462719,23.19118964320464]],[[120.62646657468166,23.15618369497189],[120.6257526170042,23.15652741598406]],[[120.62646657468166,23.15618369497189],[120.62575973351052,23.157658463221768],[120.6250662185466,23.15789386702769],[120.6252731460169,23.15936176065108],[120.62471916705303,23.15972391567496]],[[120.63299756745418,23.156551122405645],[120.63301042551028,23.15680625499599]],[[120.62811197761599,23.151257078261118],[120.62743622529642,23.15]],[[120.62187939751642,23.15],[120.62080841734915,23.150862765381834],[120.61858913414498,23.151193817983543],[120.61837335370629,23.15209406146729],[120.61577850840007,23.153785472218598],[120.61507654316212,23.15527600990788]],[[120.62666493125785,23.155382733180723],[120.626472651565,23.15385843520023],[120.62699721483764,23.153581991709697],[120.62751867689202,23.151406940765973]],[[120.62992378919613,23.15240137942285],[120.63064884176796,23.153615372858653],[120.63302005374918,23.155018299725025]],[[120.63302005374918,23.155018299725025],[120.63270366376346,23.15565193811303],[120.63299756745418,23.156551122405645]],[[120.63302005374918,23.155018299725025],[120.63318717276161,23.155106730721393]],[[120.62666493125785,23.155382733180723],[120.62389034285455,23.1560985909045],[120.62143244120725,23.158077126593813],[120.6206216050375,23.15793973649692],[120.62066351460265,23.159680406007507]],[[120.62646657468166,23.15618369497189],[120.62666493125785,23.155382733180723]],[[120.6271194872791,23.16121279023315],[120.62869795711856,23.159324667326672],[120.63027605061477,23.158569819584972],[120.63055590675513,23.157699059004592],[120.63299756745418,23.156551122405645]],[[120.62894368300142,23.162555795843],[120.63206949852754,23.160906039127195],[120.63292058236546,23.15976794874166],[120.63301042551028,23.15680625499599]],[[120.6448800982749,23.167030626565914],[120.64536686934345,23.166749122298683]],[[120.64538848711028,23.166720790101202],[120.64798531367163,23.165445976871393],[120.65312835283578,23.164351100636445],[120.65385765198785,23.16357875373814]],[[120.65390458232837,23.163552796807526],[120.65494403256868,23.163201452016537],[120.65592286979836,23.163813117015316],[120.65821627990445,23.163863226273588]],[[120.6349661905613,23.166215717384166],[120.63666098199435,23.165756809846272],[120.6384100020571,23.163954765311598],[120.63983243610247,23.16392188164045],[120.64084412587863,23.163337214350562]],[[120.63311016731944,23.173139851118655],[120.63490799001961,23.170911285734945],[120.63642573522202,23.17016300847143],[120.63866768359654,23.167860913644283],[120.64173830907392,23.166188264908318],[120.64176023110677,23.16471187626571]],[[120.65064795929085,23.170111451535025],[120.65156418585975,23.169104342216986],[120.65371282556862,23.169811146986],[120.65528515425683,23.169372090159744]],[[120.64706682648439,23.171555126772713],[120.64854779147846,23.17129114466071]],[[120.64858562224123,23.17129043948729],[120.65009007852584,23.170008631574415],[120.65064795929085,23.170111451535025]],[[120.65064795929085,23.170111451535025],[120.65195117111568,23.171202457090565],[120.65235452138818,23.172548842182955],[120.65418280463143,23.173363301459098],[120.65439392020225,23.17413584559378],[120.6582010327082,23.175241270566726]],[[120.64284123049902,23.17694121238524],[120.64552825521336,23.17515023280212],[120.64796704734198,23.174841865139108],[120.64859231833526,23.174351105214225]],[[120.64558411904534,23.18085971097292],[120.64890459762765,23.18133667319667],[120.6500563548943,23.181131525160293],[120.65031414488452,23.180658007191717]],[[120.64433941419853,23.18179380815867],[120.64861688519521,23.182774097691567],[120.65053047055356,23.182385514744613]],[[120.65172870596832,23.18841582694235],[120.6527705534898,23.187640525148357]],[[120.65282418998692,23.18762676654313],[120.65403208228263,23.187350792083993]],[[120.64424502156835,23.1940633844101],[120.64617105037365,23.19427539641173],[120.64724306261944,23.19487829806406]],[[120.64724306261944,23.19487829806406],[120.64962759451254,23.19421310821091],[120.65076311756624,23.19434430433319]],[[120.64555034120445,23.195849773193853],[120.64657827991118,23.195606004431042],[120.64724306261944,23.19487829806406]],[[120.7402963840372,23.32008019308027],[120.73670022362128,23.322244264991784]],[[120.64546140495712,23.20132394352837],[120.64768260086748,23.199942779732254],[120.64850128682201,23.198305691211004],[120.6495564177006,23.19739828413224],[120.65055528221038,23.197122831826192]],[[120.64733844322639,23.202822645917966],[120.65042799879252,23.198596667859302],[120.65170848670083,23.198251851215044]],[[120.65332124421997,23.202129276859132],[120.65370119876391,23.20064012540905],[120.65325823307438,23.198438117776902]],[[120.68393494322589,23.20611285732816],[120.68427636402284,23.204666319340074],[120.68390332550739,23.20233338922493],[120.68485722544592,23.19931234745109]],[[120.65669214159959,23.213058666780277],[120.65665718155664,23.211606984012757],[120.65767721501369,23.210451070904092],[120.6580526727503,23.20747868403893],[120.66086308539744,23.20358819867724],[120.66235992965161,23.20320987462031]],[[120.66314553555787,23.20555263272244],[120.6638446050241,23.20401672572264]],[[120.6713616129158,23.21177595280443],[120.67118389857005,23.21270664338502]],[[120.67117552937647,23.212749038420245],[120.67167257429607,23.21371358316787],[120.6713365748483,23.21483048660258],[120.67244382987768,23.21551469789222],[120.6713550741456,23.21540400888558],[120.67107830382548,23.21579853336234],[120.67219144960444,23.21732722944709],[120.67204921445108,23.217834937147124],[120.66903498927479,23.220573766073535],[120.66758548348314,23.220755383761045]],[[120.66754783910316,23.22075437140726],[120.66418566249965,23.221753396058432],[120.66275575932868,23.22124456265528]],[[120.68799753522264,23.223290451324107],[120.68288257236458,23.22425065170077]],[[120.68308462065981,23.25825460973729],[120.68507650666724,23.25713897806455],[120.68549910360501,23.255902702883102],[120.68715671916588,23.255055000930582],[120.68840261415983,23.25356747845367],[120.69071743261624,23.25260155733907]]]}},{"type":"Feature","properties":{"NAME":"楓樹湖南溪","FROM":""},"geometry":{"type":"MultiLineString","coordinates":[[[120.61817690843783,23.712156251223256],[120.62269977838065,23.71038409857664]],[[120.60810654296745,23.713052255812464],[120.60993060503763,23.711140435242513],[120.61048309268416,23.711220679833964]],[[120.61048309268416,23.711220679833964],[120.61144502457631,23.710423979833582]],[[120.60767145995027,23.71342335679827],[120.60810654296745,23.713052255812464]],[[120.61614077769403,23.71220541654448],[120.61701462104419,23.711794512763653],[120.61813048022593,23.712167784835763]],[[120.6116880884652,23.711194162328475],[120.61309052158245,23.711014216189845]],[[120.61148807646673,23.71040376487685],[120.61241755231377,23.70979931952767]],[[120.61315720000646,23.711060331681118],[120.61464553053823,23.712105619182157],[120.61608687700159,23.712166025902423]],[[120.61048309268416,23.711220679833964],[120.61163784621425,23.7111940349546]]]}},{"type":"Feature","properties":{"NAME":"溪邊寮圳","FROM":""},"geometry":{"type":"LineString","coordinates":[[120.48514420258533,23.578316491095787],[120.4865217519046,23.576091966702627]]}},{"type":"Feature","properties":{"NAME":"照東坑","FROM":""},"geometry":{"type":"MultiLineString","coordinates":[[[120.52709211027172,23.214286805586667],[120.5273386230119,23.21454561949218]],[[120.52737922476311,23.214570125186757],[120.52822269157058,23.21515248229867],[120.52749616526404,23.215213553214078],[120.5281258324833,23.216016804055414],[120.52770372890997,23.216108117535025],[120.52912288274237,23.217848276646396]],[[120.56889632660909,23.231673290638163],[120.57151133877386,23.23146182768033]],[[120.52912288274237,23.217848276646396],[120.52884741185586,23.218926529081013],[120.52767364387911,23.219561931695264],[120.52784359079519,23.221149418192375],[120.52699321818315,23.22146520861743],[120.52694235411518,23.22218744084262]],[[120.56889632660909,23.231673290638163],[120.56988062273189,23.228873303448758],[120.57127808917842,23.227271453038345],[120.57304634965251,23.226506672839],[120.57353942056818,23.225588347984612]],[[120.52912288274237,23.217848276646396],[120.53001538206804,23.2178644402034],[120.53085651022705,23.219131078552525]],[[120.52694235411518,23.22218744084262],[120.5259933078286,23.222516478332878],[120.52528495471736,23.224363229902828]],[[120.52694235411518,23.22218744084262],[120.52770354942682,23.22423493710684]],[[120.56653552865534,23.233713001594833],[120.56889632660909,23.231673290638163]],[[120.56376387708833,23.23525738574774],[120.56647803573317,23.233745947931222]]]}},{"type":"Feature","properties":{"NAME":"獅子頭溪","FROM":""},"geometry":{"type":"MultiLineString","coordinates":[[[120.52455668128685,23.529311910183274],[120.52579902793357,23.53025532615528],[120.52582701809379,23.5309521197293]],[[120.51303410639525,23.520565327494023],[120.51390579660679,23.518582405755364]],[[120.53546948347213,23.53010155433485],[120.53728489417364,23.531107710193673]],[[120.53034749052986,23.530055634844505],[120.53017136526238,23.53027712640313]],[[120.53062268058157,23.517505328648294],[120.53132217424337,23.51729390368651]],[[120.53003141448157,23.53935002429756],[120.5292599892368,23.539231316834975],[120.52972445836244,23.538732752622117],[120.52898830989358,23.53769213581725]],[[120.53074137735237,23.5427684731205],[120.53331374359068,23.54369717958474],[120.53391394027867,23.544925664455246],[120.53514818460398,23.545110626971454]],[[120.50606449197765,23.53628379389502],[120.50772140108103,23.536317583417645],[120.5088875635069,23.538221939956685],[120.51050214952083,23.538762078085814]],[[120.52341118630204,23.53473489105599],[120.52360757865414,23.534883174637976]],[[120.54084025516009,23.543880576001538],[120.54098353946111,23.54661627445109]],[[120.53514818460398,23.545110626971454],[120.53584142394601,23.546721417468948],[120.53713663883885,23.547826022415176]],[[120.54084025516009,23.543880576001538],[120.54189095223033,23.544010738136258],[120.54273875822214,23.5449319240849]],[[120.5076524445413,23.524274191201965],[120.50756713263057,23.524376101400467]],[[120.50215694864782,23.52638421526796],[120.50003238986191,23.52933328034262]],[[120.5199258696224,23.527687130273147],[120.52053635177974,23.527585985517486]],[[120.52709331933536,23.516210296436494],[120.52720106853961,23.516807359178763],[120.5280883834182,23.516914037250483]],[[120.5290500482783,23.54457822881985],[120.52887784514505,23.546796054765107]],[[120.50753136668156,23.52441882594554],[120.50677192728757,23.5249099101575],[120.50638129432664,23.5265891487529]],[[120.50606449197765,23.53628379389502],[120.50657356643187,23.537831833651573],[120.506231244638,23.53981870075854]],[[120.52058079944149,23.52759737027368],[120.5229781579404,23.528493188910986],[120.52345262254144,23.52939933717602],[120.5240539234345,23.528782197786374]],[[120.5280883834182,23.516914037250483],[120.53015332191764,23.517723741635134],[120.53058042976272,23.51748291953905]],[[120.5263296768152,23.528133744697772],[120.5274090277714,23.527529155270035]],[[120.5274090277714,23.527529155270035],[120.52970004161281,23.528831958460465],[120.53039755910036,23.52982151235495]],[[120.5240539234345,23.528782197786374],[120.52455668128685,23.529311910183274]],[[120.52558150298144,23.518622805161694],[120.52540332850631,23.518355565861036]],[[120.52128943316859,23.541418247470588],[120.52095063816786,23.54146670046997]],[[120.53039436301638,23.52986734734741],[120.53034749052986,23.530055634844505]],[[120.53040868431152,23.542734509211776],[120.53068720231906,23.54272150202446]],[[120.52974488831734,23.52333057170317],[120.52836588545229,23.522399877551972],[120.52777337442032,23.52097168050968],[120.5282711073282,23.520518700018172],[120.5273004403904,23.5198476254352],[120.52726109875456,23.51931518412881],[120.52560079872627,23.51866154674534]],[[120.51050214952083,23.538762078085814],[120.51104976336732,23.53956907060943],[120.51183133838545,23.539669511040707]],[[120.5290500482783,23.54457822881985],[120.53068248678377,23.543367556473626],[120.53040868431152,23.542734509211776]],[[120.53514818460398,23.545110626971454],[120.53621273220902,23.544636023079605],[120.5361677041235,23.544079288931755],[120.53752858518398,23.544261706095238],[120.53988206020327,23.543332463543415],[120.54084025516009,23.543880576001538]],[[120.51050214952083,23.538762078085814],[120.51152380310779,23.538311251417728]],[[120.5240539234345,23.528782197786374],[120.52545487645253,23.52782157905431],[120.52624056901816,23.528133472593456]],[[120.53040868431152,23.542734509211776],[120.53026443049578,23.541607489754494],[120.52961644699046,23.54156189065721],[120.53003141448157,23.53935002429756]],[[120.50229945802371,23.52590609455595],[120.50217931406817,23.526321780245688]],[[120.5235899824291,23.534954970204296],[120.52248020453335,23.537097688003776],[120.52311032422742,23.53833172387745],[120.52273150047478,23.54026624006734],[120.52128943316859,23.541418247470588]],[[120.52540332850631,23.518355565861036],[120.52485810615288,23.518159006345318],[120.52709331933536,23.516210296436494]],[[120.53017308255458,23.539245283009436],[120.53186446724418,23.54011618122949]],[[120.49139360361643,23.512687299559023],[120.4899109498612,23.51336783107983]],[[120.49369182704548,23.513001184187328],[120.49320423380334,23.512520576044754],[120.49147764134383,23.512657916857844]],[[120.53003141448157,23.53935002429756],[120.53013802284119,23.539271204193277]],[[120.53327283786491,23.52460247095094],[120.52983555815455,23.523383042490842]],[[120.52087147463425,23.531035115499524],[120.52088499841499,23.53286048794788]],[[120.52455668128685,23.529311910183274],[120.52407156044276,23.530181311407013]],[[120.52823919474805,23.51699619533021],[120.52991005617987,23.51776604519209],[120.53009154261167,23.519201078584658]],[[120.49971544471249,23.532613643202072],[120.50027686229667,23.53434496641342]],[[120.52128943316859,23.541418247470588],[120.52144660790667,23.54411968137898]],[[120.5280883834182,23.516914037250483],[120.52820060081822,23.516975170384356]],[[120.53034749052986,23.530055634844505],[120.53057110192393,23.529971938661774]],[[120.51303410639525,23.520565327494023],[120.5141216276041,23.520365460193123],[120.51526999761742,23.519034756306088]],[[120.53132217424337,23.51729390368651],[120.53250109438953,23.51706580664196],[120.53413398045852,23.518765350395928]],[[120.52709331933536,23.516210296436494],[120.52705339858781,23.514932556722815]],[[120.49908720988138,23.529662270890313],[120.49969503169494,23.532556461412725]],[[120.5296764868863,23.534141062228866],[120.53012562637075,23.53366599094052]],[[120.5429972481327,23.540578876252642],[120.54336425095399,23.541669647764802]],[[120.52081352372501,23.532858240561673],[120.52042868723665,23.533044893760508],[120.52046493298023,23.53447005282637]],[[120.52670473618865,23.53562156466899],[120.52688257124443,23.53557483166622]],[[120.53061932903906,23.529953887526055],[120.53398461711558,23.52939105019521],[120.53544215327895,23.53009406225883]],[[120.54115505121402,23.537777947618235],[120.54185957545062,23.539350209557366],[120.54277522535277,23.539518653125388],[120.5430152876915,23.540548566656373]],[[120.52762111710122,23.545400676495365],[120.5290500482783,23.54457822881985]],[[120.52709331933536,23.516210296436494],[120.52825715792058,23.515498625858264]],[[120.51615746855403,23.537913121147938],[120.51664910225165,23.5382920151515],[120.51633993880795,23.539556111134633]],[[120.51913317745128,23.52137063447263],[120.51895830289128,23.52074536349337]],[[120.53132217424337,23.51729390368651],[120.53200293063377,23.516391695124337]],[[120.49999469707215,23.529325143351333],[120.49935941177982,23.529155241690887],[120.49909539107855,23.52963074132694]],[[120.50673256207077,23.535591625532952],[120.50606449197765,23.53628379389502]],[[120.50433604370193,23.527330499296692],[120.5059944275351,23.53320885064547],[120.50685321485935,23.53435258366572],[120.50676569738029,23.535578932266613]],[[120.53203943130673,23.516319480928335],[120.53297092221598,23.514926349426094]],[[120.52705124456025,23.535530506055363],[120.52961299124134,23.534193635792843]],[[120.53887403631812,23.53696614737374],[120.5397645594234,23.53685150387178],[120.541126227915,23.537762520839657]],[[120.51139669814019,23.523915325955393],[120.51197498184472,23.52327510993419],[120.51182150262036,23.52121905709851],[120.51303410639525,23.520565327494023]],[[120.5274090277714,23.527529155270035],[120.52777681732724,23.526830555678995]],[[120.51088560552766,23.524059642087714],[120.51130827270279,23.523940294575784]],[[120.52540332850631,23.518355565861036],[120.52487914234239,23.51901706464653],[120.5228185699765,23.519629970254204],[120.52235951901324,23.520522216936843],[120.52162692494815,23.520389806184355]],[[120.51483295514763,23.534809379586697],[120.51478147905591,23.537504274661895],[120.51612411434068,23.537875320389922]],[[120.52163095290064,23.520426893390212],[120.52038795791988,23.52061609299259]],[[120.51877576168631,23.52768266294901],[120.5172893519341,23.530698694657804],[120.51570791155378,23.532062898023277],[120.51466482264226,23.534021734125115],[120.5148195881891,23.534756610819485]],[[120.51934507580376,23.52663786767109],[120.51882678964087,23.527600535863776]]]}},{"type":"Feature","properties":{"NAME":"葉子寮溪","FROM":""},"geometry":{"type":"MultiLineString","coordinates":[[[120.52674534218734,23.567004610511287],[120.52726746408653,23.565844342127992],[120.52788883419329,23.566289992535886]],[[120.53016255663812,23.57535266334094],[120.53223871584353,23.574208763105933]],[[120.53089029005709,23.57640928643776],[120.53107429137273,23.577490765035837],[120.53200920496691,23.5784196676078],[120.5350095357399,23.57884886470086]],[[120.53377902692297,23.56494104866396],[120.53508043336316,23.565090936387126],[120.53624443981067,23.566005937126597],[120.53633667980802,23.567558107156437],[120.53813345994368,23.56799579907942],[120.53861805776071,23.5697132738627],[120.54009437146911,23.569905891698433],[120.54259557820971,23.57164890708157]],[[120.53000436982508,23.565891950393883],[120.5301546277439,23.566350898847418]],[[120.51922679271593,23.57145041324427],[120.51897878396593,23.57338593952978],[120.51933238134336,23.573475073391343]],[[120.53089029005709,23.57640928643776],[120.53291972425576,23.576590750822493]],[[120.52158839150496,23.571217426666436],[120.52390655666629,23.573476313171405],[120.52641096280661,23.573410401936542],[120.5261130376793,23.574709231673136],[120.52687883757763,23.574073033017847],[120.52712082645361,23.57495920715601],[120.52856956565712,23.574592561766956],[120.53016255663812,23.57535266334094]],[[120.50347315910166,23.56903398145612],[120.50389383810823,23.570071640423876],[120.50362217094586,23.570862005491275]],[[120.5252331322041,23.568161445144366],[120.52558904779907,23.568231904587883]],[[120.5230267307377,23.56942039271637],[120.52285124144994,23.56826542149628],[120.52433230970057,23.568574552644712],[120.5252331322041,23.568161445144366]],[[120.53016255663812,23.57535266334094],[120.53089029005709,23.57640928643776]],[[120.53377902692297,23.56494104866396],[120.5348226889889,23.562329770533047]],[[120.52790855594017,23.566265941619868],[120.52815126520679,23.56587510333947],[120.52912534915873,23.566231794077048],[120.53000436982508,23.565891950393883]],[[120.50361315073941,23.570889355270957],[120.50359231338129,23.570952535280696]],[[120.50359231338129,23.570952535280696],[120.50158113510206,23.57276731537925]],[[120.50441001321978,23.566688346013294],[120.50500638204277,23.56638971763116]],[[120.50522008922768,23.570445643957],[120.50545788455595,23.570189865895454]],[[120.50359231338129,23.570952535280696],[120.50517675147942,23.570474680707004]],[[120.50513501912364,23.56630710948551],[120.5057472678761,23.565863756002194]],[[120.52562199051559,23.56822899292799],[120.52739088048689,23.569298651875105]],[[120.53015177168412,23.566385508898318],[120.53178671944617,23.567813719210072]],[[120.50412931381683,23.565014816977488],[120.50441001321978,23.566688346013294]],[[120.50441001321978,23.566688346013294],[120.50467068278157,23.566926875460968]],[[120.50468810032866,23.566955085764068],[120.50392507035924,23.567868713423255]],[[120.5252331322041,23.568161445144366],[120.52557160287436,23.56688110702739],[120.52608821049996,23.567315027644952],[120.52672011070555,23.56702146852054]],[[120.53000436982508,23.565891950393883],[120.53194068822017,23.565920068220343],[120.53377902692297,23.56494104866396]],[[120.50388551882646,23.567863438134847],[120.50326846274456,23.567956103917783],[120.50344740934332,23.56901150599625]],[[120.50556825037634,23.570087918981024],[120.50705000967938,23.56908874668343]],[[120.50180396769055,23.575021421117352],[120.50508177792263,23.574054893902023],[120.5064016885109,23.574592733354894]]]}},{"type":"Feature","properties":{"NAME":"過溪(田子溪)","FROM":""},"geometry":{"type":"MultiLineString","coordinates":[[[120.6774623742628,23.727471334477688],[120.6775976885813,23.726679975928704]],[[120.69162169161687,23.71512544412595],[120.6931500710875,23.713850454235104]],[[120.703929788968,23.71563913017111],[120.70518993202235,23.716626147627316],[120.70858877431706,23.716956837080865]],[[120.69776474923667,23.7160299119707],[120.69913436753292,23.71604007052957],[120.69994898181471,23.715427774569577],[120.70198729028357,23.7150216534073],[120.70386528784937,23.715589092500178]],[[120.69636029589373,23.7196690761427],[120.69687802818567,23.718947738301534],[120.69669122095048,23.71679508176774],[120.69776474923667,23.7160299119707]],[[120.6907872324239,23.71861531110074],[120.69086052903752,23.716455263439737]],[[120.68991755145753,23.721481537609748],[120.69083519807832,23.719661678872157],[120.69084234783317,23.718672654486653]],[[120.69636029589373,23.7196690761427],[120.69528878421939,23.718469466332664],[120.69429580516129,23.71857082538201],[120.69272988881262,23.720194919669087],[120.69320419409539,23.721853507930835],[120.69239147296315,23.72242264931721]],[[120.70081169397395,23.720755283033434],[120.69834003593907,23.719610889558467],[120.69764909072272,23.720076577099697],[120.69636029589373,23.7196690761427]],[[120.67270629231942,23.727226549702703],[120.67440296976774,23.724543546627743],[120.67456816124638,23.723320468048623]],[[120.67292732955801,23.727919865535284],[120.67275660538014,23.727287512126825]],[[120.67241654601703,23.728486478065555],[120.67295676699288,23.72797666444017]],[[120.67818297009143,23.724754033075385],[120.67837979325218,23.72334139393005]],[[120.67742139954886,23.72772268974433],[120.6774521457935,23.727534080030104]],[[120.67762397653561,23.726607238441623],[120.67823589349213,23.725955062341157],[120.6781845860187,23.72478563966769]],[[120.67531595153707,23.729746971439674],[120.67523319728768,23.728550032126826],[120.6758184511851,23.72816222873195],[120.67909324263273,23.729046294417078]],[[120.69613305326254,23.707023605913005],[120.69704754667374,23.707317147137964],[120.69776048455078,23.705918523183236],[120.70138241391321,23.704456702229912],[120.70243504785374,23.70342915573114]],[[120.68412146573412,23.703669035050705],[120.68431902493239,23.703238166372472]],[[120.7083401475916,23.709879434454063],[120.70726761303915,23.710805482540298],[120.70591598372414,23.71069930608947]],[[120.70498138073059,23.710416480145092],[120.70528587306438,23.70875365072455]],[[120.69086052903752,23.716455263439737],[120.69157386007477,23.715173930200294]],[[120.67209885283475,23.72980364225257],[120.67198060318995,23.72986669894868]],[[120.68458704826872,23.726767563052853],[120.68398986454591,23.729105701848354]],[[120.69396878783458,23.70735056258203],[120.69613305326254,23.707023605913005]],[[120.69323037811574,23.713867754684788],[120.693805535679,23.713596925864955],[120.6953298987901,23.71041633282913],[120.6952268975962,23.709482846469847],[120.69361501975786,23.70860995688831],[120.69349857030298,23.707658870747018],[120.69396878783458,23.70735056258203]],[[120.68413293804974,23.704877655290247],[120.68332448546965,23.707302820732977],[120.68331465191444,23.708847326796114],[120.68344521173942,23.709815627991954],[120.6844720559801,23.71048948562498],[120.68482462768465,23.71672689285318],[120.68378641351146,23.718234799838424],[120.68357315052388,23.72015789045704],[120.68421795089523,23.721105494932836],[120.68347925479013,23.72179670051854],[120.68455816387475,23.726703001199503]],[[120.67198060318995,23.72986669894868],[120.66983700526457,23.73023664728326],[120.6697824696801,23.72950695079572]],[[120.67198060318995,23.72986669894868],[120.67212214284015,23.730013384614274]],[[120.68968710550249,23.71468228807579],[120.68854949515742,23.712680715708355],[120.68821960334428,23.709245221555673]],[[120.69086052903752,23.716455263439737],[120.69069546799399,23.71566452193901],[120.68971566203813,23.714748657963302]],[[120.67909324263273,23.729046294417078],[120.67791863487865,23.728989373839255]],[[120.67787854927236,23.729006191733415],[120.67579756972434,23.730135917245228],[120.67531595153707,23.729746971439674]],[[120.69400530247793,23.707000583214956],[120.6947697276444,23.705535544522423],[120.69481132229336,23.70316980007324]],[[120.69400530247793,23.707000583214956],[120.69191820757842,23.705146054767493]],[[120.69776474923667,23.7160299119707],[120.69894220897648,23.713720141671583],[120.70198572904476,23.713393185035404],[120.70290714924434,23.71204017332085],[120.70498138073059,23.710416480145092]],[[120.67342952693588,23.729379718378098],[120.67216761235585,23.72980338383886]],[[120.67218771993643,23.730076671424065],[120.67351526981145,23.729836736330487],[120.67342952693588,23.729379718378098]],[[120.69396878783458,23.70735056258203],[120.69400530247793,23.707000583214956]],[[120.68412146573412,23.703669035050705],[120.68413293804974,23.704877655290247]],[[120.68413293804974,23.704877655290247],[120.68364444359841,23.70418054878958],[120.68412146573412,23.703669035050705]],[[120.68431902493239,23.703238166372472],[120.68582020831967,23.702155348996598],[120.68727310188238,23.70267133505468]],[[120.68431902493239,23.703238166372472],[120.6834834165352,23.699684085730432]],[[120.69613305326254,23.707023605913005],[120.69768971867454,23.70345882514203],[120.6969627321818,23.701300243663614],[120.69800095380856,23.69989335711191],[120.69823584855686,23.698719478400584]],[[120.7058462013321,23.710690429461287],[120.70498138073059,23.710416480145092]],[[120.67531595153707,23.729746971439674],[120.67342952693588,23.729379718378098]],[[120.7053276247897,23.708682045316166],[120.70758434019041,23.70724193629437],[120.7085318960626,23.705687746076023],[120.70876641789712,23.70498127582971],[120.70802688686425,23.704146222468527],[120.70856304321828,23.702916379851974],[120.70780682177706,23.701803479577553],[120.70810663914101,23.699699096266023],[120.70975381665588,23.698085438493482]],[[120.68915391101588,23.722750620124756],[120.6898931370162,23.72150377831589]],[[120.70728051911831,23.72347042042804],[120.70531343843207,23.72291454000686],[120.70274180862918,23.72319931808224],[120.70185768899108,23.721320320240437],[120.70091316226573,23.720810671927886]]]}},{"type":"Feature","properties":{"NAME":"雷公坑(乾溪)","FROM":""},"geometry":{"type":"MultiLineString","coordinates":[[[120.64949934815913,23.64342151033616],[120.64721174834156,23.64543599211939],[120.64689767117748,23.646805459890395],[120.645400708782,23.647936899649757]],[[120.64972354138936,23.64326743405469],[120.64954313036043,23.6433914560972]]]}},{"type":"Feature","properties":{"NAME":"雷公溪","FROM":""},"geometry":{"type":"MultiLineString","coordinates":[[[120.55494774818267,23.33567900388996],[120.5527142293597,23.337021155283498]],[[120.55348148160542,23.330693926792854],[120.55329495929537,23.33171301842168],[120.55040844573145,23.333615354653777]],[[120.54739415861047,23.328695090315186],[120.54577427896584,23.32803531229181],[120.54528886409547,23.32855492489401]],[[120.55348148160542,23.330693926792854],[120.55159858101385,23.329278259133986],[120.54744794778571,23.32871315607941]],[[120.56534468641374,23.310954873946514],[120.56436253697595,23.30996970494279]],[[120.55700034315282,23.328482384190316],[120.55375931375671,23.32787996726051],[120.55168141649517,23.326499622826223],[120.5497316606125,23.32642599177997]],[[120.54732536750774,23.324449034426642],[120.54256837704928,23.326273728238483]],[[120.54732536750774,23.324449034426642],[120.54590563527799,23.323074297735122],[120.54437616759303,23.322398304911633],[120.54312946422408,23.322669901313347],[120.54123049420943,23.321981791968852],[120.53868506511417,23.322045855557338]],[[120.56080049392347,23.326958915243424],[120.55813577088749,23.328832642664047]],[[120.56080049392347,23.326958915243424],[120.55846929739884,23.32620130230641]],[[120.56390610254913,23.32810292615864],[120.56486706199412,23.329721152611114],[120.5649410079034,23.33245340142091]],[[120.55813577088749,23.328832642664047],[120.55700034315282,23.328482384190316]],[[120.55813577088749,23.328832642664047],[120.55800429924165,23.32902353312137]],[[120.55800429924165,23.32902353312137],[120.5543807457375,23.330719993633142],[120.55348148160542,23.330693926792854]],[[120.56459263470892,23.32478146124426],[120.56365379093741,23.323391933434706],[120.56377956430354,23.322833286483654],[120.56275829411062,23.322213646974017],[120.55816704419894,23.32347641362133],[120.55480996774426,23.323248464206653],[120.54992024932727,23.324659522672597]],[[120.56605238468747,23.32503976544343],[120.56512897251113,23.325561482195475],[120.56459263470892,23.32478146124426]],[[120.56459263470892,23.32478146124426],[120.56378529730425,23.324835572005615],[120.56080049392347,23.326958915243424]],[[120.55800429924165,23.32902353312137],[120.55817556767867,23.331895107021563],[120.5563383021851,23.332376968743112],[120.55610057195294,23.33389928112391],[120.55494774818267,23.33567900388996]],[[120.54987896491778,23.324654793231144],[120.54908165394521,23.325037578910013],[120.54732536750774,23.324449034426642]],[[120.55883229717031,23.319236756635018],[120.56255089975822,23.319764538505],[120.56469900753828,23.31943762212408],[120.56796199911528,23.320365609519314]],[[120.56626632461402,23.324855369206382],[120.56605238468747,23.32503976544343]],[[120.56605238468747,23.32503976544343],[120.5657287267782,23.325897988773217],[120.56462818638998,23.326359416768117],[120.56390610254913,23.32810292615864]],[[120.56929693111574,23.31598371731242],[120.56694465638385,23.313784324914245],[120.56534468641374,23.310954873946514]],[[120.56534468641374,23.310954873946514],[120.56183118008707,23.312178623477617],[120.55935784386033,23.311606231867]],[[120.55700034315282,23.328482384190316],[120.55529856610809,23.327353628421836],[120.55612533356167,23.326906898500354]],[[120.55494774818267,23.33567900388996],[120.55419441453645,23.337100563191516],[120.55446688031424,23.33779970295867]],[[120.55266081419983,23.33702705742468],[120.5516933762508,23.337443581929293]]]}},{"type":"Feature","properties":{"NAME":"摸乳巷坑","FROM":""},"geometry":{"type":"MultiLineString","coordinates":[[[120.55166785362564,23.228354970781552],[120.55435432558907,23.23097389152352]],[[120.5617291827813,23.217783507230155],[120.56184340859929,23.219702574821202]],[[120.55166785362564,23.228354970781552],[120.55287522516635,23.228191404594728],[120.55269298731999,23.227599828148076],[120.5535643155182,23.226386755754575],[120.55478122879272,23.225722555672892]],[[120.56184340859929,23.219702574821202],[120.5624535649082,23.218575426639664]],[[120.55482819720957,23.225670177025428],[120.55553449300339,23.224561488972896],[120.55713858342244,23.224651259260817],[120.55968040347862,23.223845182367977],[120.56080816261918,23.22453037570273],[120.5608543559202,23.22397349616542],[120.56190147974917,23.22357910971069],[120.56354455173815,23.223862135700625],[120.56468447729384,23.223541706687264],[120.56695490886905,23.221733525733793],[120.57109103981227,23.22120001194979],[120.57217645330758,23.21992510405751]],[[120.56184340859929,23.219702574821202],[120.56177511087867,23.223627616093484]],[[120.55111956182,23.228454835390746],[120.55166785362564,23.228354970781552]],[[120.56245314901577,23.218574864879855],[120.56405620421211,23.217207945807495]]]}},{"type":"Feature","properties":{"NAME":"鳳梨坑","FROM":""},"geometry":{"type":"MultiLineString","coordinates":[[[120.61709835521403,23.224042221690638],[120.61629411360285,23.225090087733058]],[[120.61625718336036,23.22510916930294],[120.61428588794476,23.228293389085152]],[[120.60166552177799,23.233019445119208],[120.600561048667,23.23345449174533],[120.6005254256394,23.23403609458089]],[[120.59954427903027,23.23397731935381],[120.59790790805923,23.233529072174335]],[[120.59773798686598,23.238144652463692],[120.59788910678331,23.238665815205138]],[[120.59773798686598,23.238144652463692],[120.59712994902993,23.239865613052057]],[[120.59732835147473,23.23711157241605],[120.59656673847438,23.2382792686011]],[[120.60333803165788,23.23272967639723],[120.60436136848067,23.234496085518]],[[120.60274282349926,23.23456582066611],[120.6032753590589,23.23576860234535]],[[120.60274282349926,23.23456582066611],[120.60197741637123,23.2361514591063]],[[120.60255025615588,23.22941274306648],[120.6012945335872,23.230479097853664]],[[120.6019207646676,23.229404889869638],[120.60025776909217,23.230025072236376]],[[120.6019207646676,23.229404889869638],[120.60091108687675,23.22909917390398]],[[120.61721618031166,23.223960654371243],[120.61651190491023,23.224419592633886],[120.61600190767493,23.2238573618304]],[[120.60830360469618,23.22668688451283],[120.60786300461433,23.22764027400923],[120.60829860797976,23.228317701386384],[120.60825217210677,23.230062186696923]],[[120.59930129068772,23.234293629534985],[120.59898546585227,23.23523310817682],[120.59937471320336,23.236297405713092]],[[120.60255025615588,23.22941274306648],[120.6019207646676,23.229404889869638]],[[120.60468402342148,23.228961561622366],[120.60255025615588,23.22941274306648]],[[120.60830360469618,23.22668688451283],[120.60659790781762,23.227352663105048],[120.60468402342148,23.228961561622366]],[[120.60333803165788,23.23272967639723],[120.60274282349926,23.23456582066611]],[[120.60354266058975,23.232204789458038],[120.60333803165788,23.23272967639723]],[[120.60468402342148,23.228961561622366],[120.60354266058975,23.232204789458038]],[[120.59954427903027,23.23397731935381],[120.59722256917678,23.2363044380799],[120.59732835147473,23.23711157241605]],[[120.60166552177799,23.233019445119208],[120.60039295049414,23.233097545485077],[120.59954427903027,23.23397731935381]],[[120.60354266058975,23.232204789458038],[120.60271024245509,23.232202699878123],[120.60166552177799,23.233019445119208]],[[120.59732835147473,23.23711157241605],[120.59773798686598,23.238144652463692]],[[120.61598432641705,23.22382638688252],[120.6152290016417,23.223627508715964],[120.61355354083206,23.22434294407488],[120.61258652081858,23.224132104966124],[120.61240613567732,23.22362731971363],[120.61188162158938,23.223854661296308],[120.61149077428628,23.223174517501384],[120.61022281651006,23.22385056059827],[120.60972505899348,23.22485800836325]],[[120.60972505899348,23.22485800836325],[120.60830360469618,23.22668688451283]],[[120.61758241306266,23.22231967135093],[120.6172150379912,23.22245649241346],[120.61721887490515,23.22395550454005]],[[120.60972505899348,23.22485800836325],[120.61038836048363,23.227064988021123],[120.60964094103629,23.22771420686795],[120.60923264658096,23.229306104984442],[120.60842361595114,23.22992355262786],[120.60881765970677,23.23081580493925]]]}},{"type":"Feature","properties":{"NAME":"廟後坑","FROM":""},"geometry":{"type":"MultiLineString","coordinates":[[[120.40544576152325,23.233736247395267],[120.40407172927898,23.232329488994587],[120.4042000140822,23.231006930935948]],[[120.40422635253941,23.230945248104952],[120.40430512723655,23.230879055738836]],[[120.40361656933618,23.22004074705701],[120.40356435868982,23.21950563249705]],[[120.40299337752136,23.219291349898857],[120.40356435868982,23.21950563249705]],[[120.40309282666907,23.219542251584706],[120.40299337752136,23.219291349898857]],[[120.40299337752136,23.219291349898857],[120.40397436652721,23.21819580676012],[120.4059038448817,23.21804942204284],[120.40716504638557,23.217013569355462]],[[120.40448635921874,23.22864748426403],[120.40413004955577,23.228018694388858]],[[120.40309282666907,23.219542251584706],[120.40172011469255,23.221376636048944]],[[120.40361656933618,23.22004074705701],[120.40309282666907,23.219542251584706]],[[120.40348209787449,23.221714978179183],[120.40361656933618,23.22004074705701]],[[120.40529057310752,23.225519978747254],[120.40542267013893,23.224484534905624],[120.40311629031059,23.222950420590543],[120.40348209787449,23.221714978179183]],[[120.40348209787449,23.221714978179183],[120.40538861922298,23.22274432035179],[120.40627173985479,23.223808288805387]],[[120.40413004955577,23.228018694388858],[120.40364315575017,23.227098280391864],[120.40393644160102,23.22608371879384],[120.40529057310752,23.225519978747254]],[[120.40579564272139,23.22611541410911],[120.40529057310752,23.225519978747254]],[[120.40579564272139,23.22611541410911],[120.40619647413517,23.228001530447234]],[[120.40693552825877,23.226889265539022],[120.40579564272139,23.22611541410911]],[[120.40619647413517,23.228001530447234],[120.40661122651895,23.227937610004922],[120.40693841467265,23.228861967156604]],[[120.40448635921874,23.22864748426403],[120.40525473541216,23.2288015604235],[120.40619647413517,23.228001530447234]],[[120.40356435868982,23.21950563249705],[120.40465958976162,23.220859361854842]],[[120.4043682723861,23.229163915332148],[120.40448635921874,23.22864748426403]],[[120.40430512723655,23.230879055738836],[120.40284220007058,23.229941458737134],[120.40264671695013,23.229290713723415],[120.4043682723861,23.229163915332148]],[[120.4043682723861,23.229163915332148],[120.40502240372223,23.229963092260277],[120.40430512723655,23.230879055738836]]]}},{"type":"Feature","properties":{"NAME":"線美溪","FROM":""},"geometry":{"type":"MultiLineString","coordinates":[[[120.27132882112188,23.15599316337632],[120.27230401477182,23.153465831621446],[120.27111924775417,23.15]],[[120.26199434656286,23.150768527347235],[120.26454382764952,23.15]],[[120.27025855650221,23.158113794348687],[120.27056467122713,23.15]]]}},{"type":"Feature","properties":{"NAME":"蝦仔坑","FROM":""},"geometry":{"type":"MultiLineString","coordinates":[[[120.6576030861516,23.56286721842707],[120.65808125059577,23.562257102094684]],[[120.64510524646826,23.56834791029368],[120.64609713773727,23.5676101589314],[120.64773967256542,23.56822304373093],[120.64919159703913,23.567748091996545]],[[120.6492417056574,23.567748205190917],[120.65181742743597,23.567588483520677],[120.65343510217501,23.566929470162247],[120.65470727690747,23.56561404334579],[120.6546534921285,23.56500192751065],[120.65757424034062,23.562908068539294]]]}},{"type":"Feature","properties":{"NAME":"豬灶溪","FROM":""},"geometry":{"type":"MultiLineString","coordinates":[[[120.55391602151406,23.5843866640746],[120.55518893877095,23.583547945156653]],[[120.55523209736977,23.583512206139037],[120.55688824203412,23.58318707941267],[120.55749636537587,23.58227885137774],[120.55714286178822,23.581840235602673],[120.55770378891644,23.581747178037546]],[[120.55213592649523,23.58437083249097],[120.55281234822581,23.58393363748259],[120.55385250264946,23.58444927256535]]]}},{"type":"Feature","properties":{"NAME":"豬屠溝","FROM":""},"geometry":{"type":"MultiLineString","coordinates":[[[120.52689271185041,23.423728830130162],[120.52904066210633,23.424440863521305],[120.53027616566726,23.423800789390114],[120.53384630368267,23.423506436692996]],[[120.52640710200339,23.423744508811346],[120.52684719403861,23.42372707797014]],[[120.52559010189489,23.424111327211477],[120.5263974590913,23.423771966168584]],[[120.52364306608352,23.42438785129327],[120.52548543299659,23.42416494927278]],[[120.52352391140974,23.42448930764702],[120.52354450885919,23.424471769597034]]]}},{"type":"Feature","properties":{"NAME":"澐水溪","FROM":""},"geometry":{"type":"MultiLineString","coordinates":[[[120.50156724215944,23.433287084845574],[120.50301786950766,23.43356905565434]],[[120.49033644069851,23.42339768441621],[120.49036418539033,23.423225913366714]],[[120.50833373888813,23.419753746716566],[120.50264304086909,23.421265937543904]],[[120.5031525065511,23.40862994930432],[120.50260444987565,23.40556719811141],[120.50280218731709,23.403873445137638]],[[120.50259999841182,23.421281024736277],[120.50245924078337,23.42137500034013]],[[120.50169529463007,23.42045868917883],[120.50178232345654,23.42002345666572],[120.50362094474973,23.420054796709998]],[[120.50366699412926,23.42008826328312],[120.50528379111816,23.419529395226252],[120.50833373888813,23.419753746716566]],[[120.50301235524199,23.42195969001333],[120.50360528435087,23.42328286366924]],[[120.4977219163745,23.423757465307947],[120.50078105116016,23.420960167983687],[120.5008752096142,23.41960222535172],[120.50381649522024,23.41817725676039]],[[120.49670247733302,23.421504926912775],[120.49915086150584,23.419112749086548],[120.49811670601095,23.417952117021223],[120.49696884768821,23.418028917207728],[120.49620769733593,23.416873687967378],[120.4961976846995,23.415954083225696],[120.49482366256711,23.416531226869203],[120.49286627297042,23.416448450246754]],[[120.49281953310741,23.416424507264725],[120.49222410298844,23.416394780900376]],[[120.49218904572385,23.41638015497081],[120.49126427988993,23.41592533361741],[120.49035348051316,23.414451625416724],[120.48863971253857,23.414683705654163]],[[120.48858793626982,23.41468213764709],[120.4876320291057,23.414640192918117],[120.48736503571743,23.412397799132474],[120.48634606292472,23.411604811668187]],[[120.48634618646929,23.411573327233825],[120.48446756431426,23.40944938742212]],[[120.49655162239027,23.421597283988593],[120.49497995539467,23.420397435098014]],[[120.49494890461591,23.420376259111254],[120.49439686358131,23.419690469729932]],[[120.4885184056911,23.417848794692862],[120.48793025714626,23.416996751408373]],[[120.48465071562858,23.417561485061594],[120.48407033627942,23.416008890623292]],[[120.48404800428114,23.415948564617466],[120.4831602464668,23.414657912809663]],[[120.48465071562858,23.417561485061594],[120.48325228050398,23.417225496271502]],[[120.50316014574791,23.410965416469487],[120.50315907862681,23.4086658455165]],[[120.5030785976693,23.433517638338596],[120.50354223291542,23.433346907319013]],[[120.50317794768003,23.411160749542663],[120.50316448704109,23.41100315217281]],[[120.49529519880586,23.408653271704594],[120.49295206572428,23.407311516115005],[120.49115040110846,23.407707218001413]],[[120.49788818251626,23.410897530823224],[120.4962776865526,23.4105426296539],[120.4953310972188,23.408679885175456]],[[120.49842292770707,23.411198068070373],[120.49792785871209,23.410915597407534]],[[120.4944760332817,23.41230273639406],[120.4937839092938,23.41114435581114]],[[120.49762523567028,23.41220888363765],[120.49451702196319,23.412315875302486]],[[120.49842292770707,23.411198068070373],[120.49822045328357,23.412110987399316],[120.49766001895765,23.41222929441266]],[[120.55027624247268,23.38825338997416],[120.54890507129764,23.386301925541556]],[[120.50317794768003,23.411160749542663],[120.50230216027815,23.411652797165857],[120.50040657352653,23.410753066324602],[120.49842292770707,23.411198068070373]],[[120.49990491008292,23.418901706624546],[120.5001255737133,23.417823260159004],[120.50279388995611,23.416694768454416],[120.5028208094261,23.414355133269027],[120.50365973777548,23.413621983537002],[120.504236255946,23.411524880635508],[120.50317794768003,23.411160749542663]],[[120.4887455767135,23.418119939230102],[120.4885184056911,23.417848794692862]],[[120.49090773651946,23.418946249675905],[120.48878476605068,23.41813747102867]],[[120.49037747698463,23.4231767337303],[120.49147636814007,23.422257716945563],[120.49112476468807,23.421682462713814],[120.49162946126464,23.420554248457606],[120.49095665376714,23.418958114583486]],[[120.4885184056911,23.417848794692862],[120.48465071562858,23.417561485061594]],[[120.48982788809734,23.422655137453617],[120.48951900732386,23.4217904462813],[120.48866277525103,23.421596811944333]],[[120.49033644069851,23.42339768441621],[120.48983993172864,23.42268885268836]],[[120.49276300461396,23.426626327321404],[120.49274244087573,23.426640861084955]],[[120.49274244087573,23.426640861084955],[120.49228671424477,23.4265139738834],[120.49256923057214,23.42586546655867],[120.49095056700341,23.424556894981183],[120.49033644069851,23.42339768441621]],[[120.49440204653234,23.430742713361365],[120.49499518944279,23.428777222082026],[120.49572102072227,23.42799074135264]],[[120.49572102072227,23.42799074135264],[120.49717529314653,23.423999671318253]],[[120.49717529314653,23.423999671318253],[120.4977219163745,23.423757465307947]],[[120.49509875662542,23.430960943318883],[120.49594311302864,23.430145160733797]],[[120.49400039625432,23.433798685596674],[120.49504202619339,23.43097903942003]],[[120.49594311302864,23.430145160733797],[120.49774867440811,23.43040075738831],[120.49823781770372,23.428538225335124],[120.49901243708581,23.428384629202238],[120.50005790054499,23.42531434978206]],[[120.49397539342031,23.43382833039984],[120.49400039625432,23.433798685596674]],[[120.4938735510105,23.433940393104546],[120.49395259978367,23.433855603491025]],[[120.50007396148985,23.434479709460565],[120.49914920956415,23.433882929500378]],[[120.49526379309604,23.43382100152141],[120.4938735510105,23.433940393104546]],[[120.49914920956415,23.433882929500378],[120.49813095372323,23.43347739956056],[120.49530393168656,23.43381602950014]],[[120.5168717537932,23.393543146770504],[120.51888049955708,23.3925737681853]],[[120.52663743327577,23.38462444299713],[120.5276411630783,23.385000183967655]],[[120.5168717537932,23.393543146770504],[120.51740991601157,23.39061750651418],[120.52009402289198,23.385443568636006],[120.52075585665183,23.38577370759183],[120.5233248976209,23.38554472108833],[120.52482875923774,23.38395996729722],[120.52654940400554,23.38460126460108]],[[120.52774913931658,23.381505346135935],[120.5272045372323,23.380013965758625],[120.52769854353961,23.378454757606317]],[[120.5275178383608,23.381969211256187],[120.52775026986565,23.38154533529853]],[[120.52501517465079,23.383184152869525],[120.52534453624133,23.382553497871037],[120.5274866130053,23.38199860921249]],[[120.54890507129764,23.386301925541556],[120.5498653318763,23.386346593373098],[120.55229992553375,23.38854039666748]],[[120.50518620140129,23.39823820305752],[120.50508502691466,23.399113742238516],[120.50600931249505,23.400096093568838],[120.50517854977672,23.4020670786492],[120.50525929294442,23.403515172364823],[120.50444759319369,23.403517930043254],[120.50421435655747,23.403985714823516],[120.5042965616346,23.40718722537688]],[[120.55401755740779,23.384286861771656],[120.5548499841529,23.384424020827485],[120.55720121470661,23.386491820422805],[120.55926904223952,23.387443273888003],[120.5637719400737,23.38778329085475]],[[120.54264718248692,23.384994513924642],[120.54512007294734,23.38621799837195]],[[120.54014043049413,23.38075959642369],[120.54192698565176,23.378206388502]],[[120.5391157761092,23.382219083148332],[120.53963714465377,23.3819940845439],[120.54009250238455,23.380799939873633]],[[120.54472197664629,23.38221892938901],[120.54405350705181,23.38013028520857],[120.54492640447991,23.37813288774664],[120.54446841224514,23.37642568237416]],[[120.54469900872964,23.383018366587144],[120.54472370544035,23.382281833915208]],[[120.5461236860029,23.37656182135282],[120.54587455537938,23.375775975192067]],[[120.54837688593246,23.38066185640311],[120.54632790237414,23.377802043514933],[120.54612096546145,23.37658610372588]],[[120.54941122136766,23.3755892521723],[120.54919347395203,23.37411692121356],[120.54856103830433,23.373546550210037]],[[120.54941122136766,23.3755892521723],[120.54767551879152,23.37365132451617]],[[120.55876810682003,23.37816345530961],[120.55662218362826,23.37785455541583],[120.5553125724611,23.37689108550954],[120.55462270351207,23.375727428635575],[120.55517689312086,23.37431777502052],[120.55448435947818,23.373739151187227]],[[120.56725618444285,23.384168309962035],[120.56773857011734,23.38656075953588]],[[120.56725618444285,23.384168309962035],[120.56988545970206,23.383562607272236],[120.57045760766859,23.38259758039634]],[[120.55876810682003,23.37816345530961],[120.5593115106634,23.376965268462847],[120.56055770213455,23.377878456877944],[120.56015705284977,23.376879213937464]],[[120.5148194193953,23.419957144106917],[120.5149595871283,23.419980696866446]],[[120.51087497866187,23.422812983464368],[120.51162459176756,23.422183030308055],[120.51374137976349,23.42207480076708],[120.51478392717164,23.41996297733103]],[[120.50889540760055,23.42396294930636],[120.51084630200651,23.42284475868614]],[[120.50889540760055,23.42396294930636],[120.5082289144686,23.42310128598632]],[[120.5149595871283,23.419980696866446],[120.51608120906818,23.420012070698665]],[[120.5248738260989,23.420364540609516],[120.52769475895573,23.420709588624597],[120.53097381493622,23.42000862476211],[120.53310427465763,23.41936856675926],[120.53495264286592,23.418172626580454]],[[120.5201594346349,23.419512471230448],[120.5211708404778,23.4202148842497],[120.52208384345452,23.41987044910001],[120.5235853143856,23.42055032967813],[120.52482410900797,23.420356528944716]],[[120.51960742968299,23.419001281140144],[120.5201335836796,23.41948783599498]],[[120.51494653953209,23.41967701357002],[120.51652694292122,23.417883341570036],[120.51768793818594,23.417859174675492],[120.51804910449059,23.418769189469636],[120.51948569071,23.418997874031145]],[[120.5149595871283,23.419980696866446],[120.51494401466266,23.419718532411792]],[[120.52456046431557,23.41848877086698],[120.53028858645291,23.41764754661239],[120.53435249478198,23.417735774848847]],[[120.52268090896352,23.418521329953016],[120.524463768758,23.418523977600646]],[[120.51811570937072,23.41742443033447],[120.52140532198993,23.417343132962127],[120.52275722006708,23.417846885407506],[120.52267350522088,23.418477009206292]],[[120.5173616028858,23.417489081537173],[120.51804285533026,23.417470044265666]],[[120.50833373888813,23.419753746716566],[120.50903906326167,23.419499118905016],[120.51055408744898,23.419965619639125],[120.51275188862293,23.41856649923457],[120.51434295011062,23.418381394151627],[120.51573110906898,23.417499912737195],[120.51728008173401,23.417486552387928]],[[120.51175294743658,23.42140277993558],[120.50968664412567,23.421448254186895],[120.50833373888813,23.419753746716566]],[[120.50811932060297,23.423753336045436],[120.50889540760055,23.42396294930636]],[[120.55981960849937,23.380818785600436],[120.5597537068582,23.379812509889035],[120.55892565797517,23.37905694931348],[120.55876810682003,23.37816345530961]],[[120.559359179352,23.381629145152015],[120.55977775098668,23.380862138819488]],[[120.560744584444,23.381721228075637],[120.56412227357194,23.383030358020676],[120.566069207759,23.382997301500318],[120.56725618444285,23.384168309962035]],[[120.55143586435084,23.382869588993106],[120.55084415602593,23.381053590670017],[120.54977293249163,23.37985414658278],[120.54993549660006,23.37739616639895],[120.54941122136766,23.3755892521723]],[[120.54742134936353,23.384982626080323],[120.54890507129764,23.386301925541556]],[[120.5141440018829,23.395844451573815],[120.5168717537932,23.393543146770504]],[[120.48866277525103,23.421596811944333],[120.48718900618829,23.422638264386244],[120.48658710773603,23.422320805411346]],[[120.48656151956476,23.422298293699342],[120.48474584510802,23.421201558169063],[120.48302547752616,23.421182865652586]],[[120.48866277525103,23.421596811944333],[120.48730146099936,23.42061952235604]],[[120.48726695235422,23.42060453514992],[120.48688748832592,23.420662711009506]],[[120.50156724215944,23.433287084845574],[120.5005827220554,23.43313202687894],[120.4992144838483,23.433761178293565]],[[120.4991719090861,23.433840589820647],[120.49914920956415,23.433882929500378]],[[120.4936976087643,23.42733942535626],[120.49572102072227,23.42799074135264]],[[120.4977219163745,23.423757465307947],[120.49745226271651,23.42468250165234],[120.49787506963881,23.4257701103168]],[[120.49608847266494,23.42425850782445],[120.49717529314653,23.423999671318253]],[[120.50005790054499,23.42531434978206],[120.49862796305916,23.426070665428174]],[[120.49857179509215,23.426067643549747],[120.49611871729877,23.428238790418384],[120.49665856642746,23.428614980171837]],[[120.49669569143411,23.428636695528997],[120.49641415215197,23.429491329600708]],[[120.49640258333103,23.429511727774745],[120.49602968689325,23.4300615205235]],[[120.49600263623918,23.430087654713386],[120.49594311302864,23.430145160733797]],[[120.50005790054499,23.42531434978206],[120.50121341809478,23.422840950100966]],[[120.49400039625432,23.433798685596674],[120.49516072688421,23.43322493915014]],[[120.49519966523404,23.43320399627296],[120.49616738610628,23.431414048473492],[120.49762765975436,23.431851662757524],[120.49871377707072,23.431627815752467],[120.4988290890218,23.4308457072106],[120.49978343616864,23.430678265859918],[120.50116166179681,23.42954339307524],[120.50156212113465,23.428337509418544],[120.50336986281059,23.428087475976383],[120.50539746016192,23.428602244238196]],[[120.4938735510105,23.433940393104546],[120.49075756834489,23.434825230988803]]]}},{"type":"Feature","properties":{"NAME":"學仔溪","FROM":""},"geometry":{"type":"MultiLineString","coordinates":[[[120.58481898081976,23.40026306462756],[120.58571810508973,23.399710781423487]],[[120.58571810508973,23.399710781423487],[120.58603942591184,23.399189514654612],[120.58791293108348,23.398675039789154]],[[120.59135373822413,23.40036019577119],[120.59393723241966,23.40000564977787],[120.59920773322648,23.400500570600542],[120.60041168686567,23.401302221279224]],[[120.58571810508973,23.399710781423487],[120.58841970727023,23.400812417099452],[120.59131621175102,23.40038050331243]],[[120.58309124278145,23.40137613258208],[120.58433457589051,23.401225830536685],[120.58481796676391,23.40030021975609]]]}},{"type":"Feature","properties":{"NAME":"橫坑溪","FROM":""},"geometry":{"type":"MultiLineString","coordinates":[[[120.5385703467042,23.409592718615933],[120.53977053043239,23.41072865921694]],[[120.52670540761127,23.41206481943786],[120.52644706345683,23.411646104032467],[120.52376180815497,23.41224881101203],[120.52094277718317,23.4118384281891]],[[120.52676658298374,23.412657907954326],[120.52672349535428,23.412136271103776]],[[120.53226749559641,23.41186263668528],[120.5331261190544,23.41356082822286],[120.53588907058082,23.411960366001082],[120.53817468947601,23.411441353790917]],[[120.53228875561885,23.411773914941428],[120.53227577315508,23.41182809301706]],[[120.52952542509789,23.409869114640536],[120.53106682049197,23.40801137429269]],[[120.534715212554,23.41087759588449],[120.53512061840051,23.41084237423831]],[[120.52739737334814,23.410202773406468],[120.52767047671823,23.409122888883076],[120.52897142984956,23.40839031383466],[120.5292322175457,23.407322575647505],[120.53009722593903,23.406489851422155]],[[120.52736830385835,23.410333923855696],[120.52739005036054,23.41023581196661]],[[120.53734704756782,23.40927770757584],[120.53737226444615,23.40644995825585],[120.53782821454504,23.40564745419473]],[[120.53977053043239,23.41072865921694],[120.54125754157776,23.40878452019417]],[[120.5444213201823,23.40840964809823],[120.54575246333741,23.407876452050772]],[[120.53228875561885,23.411773914941428],[120.53469479308784,23.41085230092418]],[[120.51038718155243,23.412974219053435],[120.51068861380095,23.41166367319724],[120.51200442146094,23.410106851001498],[120.51198046005227,23.40850786205277],[120.51320324439772,23.40781516693717]],[[120.5101911553548,23.413758154856733],[120.51125153926989,23.41454606775308]],[[120.51358441259505,23.41133936634004],[120.51359928353034,23.409854593318894]],[[120.51369568732981,23.40983868465248],[120.51418984212779,23.409822543676835],[120.51501914467319,23.407898673902913]],[[120.51734452239116,23.412536456804524],[120.51768782327625,23.41298968610446],[120.51865896758247,23.412480608415155],[120.52022156327172,23.412625561762386]],[[120.52026639477907,23.412630761434603],[120.52391227804483,23.413261569672958],[120.52638193143737,23.413019555168077]],[[120.52642190240057,23.413009370338553],[120.52676658298374,23.412657907954326]],[[120.5070684249236,23.414398502568364],[120.50744601615035,23.413506507800186],[120.5064246837304,23.411674537292626]],[[120.50641223893955,23.41163141741814],[120.50619036668252,23.41050425785418],[120.50673033736444,23.40775681281394]],[[120.52736830385835,23.410333923855696],[120.52739207118638,23.410333265636005]],[[120.52744065905313,23.41033192001735],[120.52878363282004,23.409696916432107],[120.52952542509789,23.409869114640536]],[[120.52154709839641,23.41121921763005],[120.52212150414161,23.41132464166819],[120.52233180679839,23.410873554198318],[120.52145364682929,23.410086537888656]],[[120.52147568865212,23.41005322486294],[120.52261346729753,23.409423310172144],[120.5232565340712,23.410051437288285],[120.52304561424009,23.410543042351083]],[[120.50670878725111,23.407691725936886],[120.50686534831031,23.405658795829478]],[[120.52306100441947,23.410581308131786],[120.5239873447682,23.411013181410098],[120.52394792599607,23.40988290736125],[120.52496172872902,23.40997544808959],[120.52496405410008,23.409335876079716],[120.52616459640109,23.409213377884658],[120.52607441225989,23.40865850399539],[120.52656290091461,23.40841586213288],[120.526708542873,23.409734151346026],[120.52632876709971,23.410090804926572],[120.52736830385835,23.410333923855696]],[[120.52088922896583,23.41181849410004],[120.52019828198459,23.411664997558688],[120.51978720161148,23.410816712152418]],[[120.52676658298374,23.412657907954326],[120.5275334356139,23.41273102815831]],[[120.53514726193853,23.410811579810787],[120.53644864616369,23.409741245672258]],[[120.53734704756782,23.40927770757584],[120.53854945471107,23.40956262662519]],[[120.52952542509789,23.409869114640536],[120.53111474577236,23.41102589508582],[120.53227972531212,23.410939908018108],[120.53228875561885,23.411773914941428]],[[120.51125153926989,23.41454606775308],[120.51244960940883,23.414685002961832],[120.51261892933951,23.414032962193485],[120.5131603511665,23.413955417230223],[120.51546734127365,23.414886917404857],[120.51672325366911,23.41612407553921],[120.51534682013536,23.416357531607723],[120.51285350085026,23.415773471872065],[120.51125153926989,23.41454606775308]],[[120.51351731008344,23.406641709908417],[120.51361638805598,23.406050079869708],[120.51498974174372,23.405982198114888]],[[120.51329199248407,23.4077404746316],[120.51352381267665,23.40669523566489]],[[120.5364854955693,23.40972705544457],[120.53734704756782,23.40927770757584]],[[120.50948204720439,23.413488369569475],[120.51037575971408,23.413015721462475]],[[120.51652387341969,23.407173664449612],[120.51954824668708,23.405752615969657],[120.52032271406794,23.405828184285934]],[[120.51501914467319,23.407898673902913],[120.51650487714728,23.407216272580335]],[[120.51502714637324,23.406856822728898],[120.51538577726305,23.406226556366065],[120.51605538523282,23.40629834556818]],[[120.51501914467319,23.407898673902913],[120.51500575660368,23.40694054922132]],[[120.52761749297379,23.412784838001105],[120.52990562104425,23.413596951139816]],[[120.53977053043239,23.41072865921694],[120.54165977061405,23.41034654796321],[120.54255639862443,23.40938221534554],[120.54355581540791,23.40939851044944],[120.54439610373741,23.40843374719347]]]}},{"type":"Feature","properties":{"NAME":"濁水坑","FROM":""},"geometry":{"type":"MultiLineString","coordinates":[[[120.55353822114934,23.206745249010442],[120.55443247212388,23.206761286332963],[120.55473881494298,23.205584023817362],[120.55729116121039,23.205843742785998]],[[120.56048814394522,23.202798101096445],[120.56108137195605,23.201562568611426],[120.56217884537334,23.2013509616356],[120.56306255675979,23.20204863622895],[120.56474534224095,23.201066344266636]],[[120.55317479870519,23.21038047306766],[120.55306476166723,23.210009199099193]],[[120.56373440033482,23.202872237240864],[120.5646835526299,23.202289964589696],[120.5655569803258,23.202466115441137],[120.56638874248527,23.201145178201614]],[[120.56048814394522,23.202798101096445],[120.56221945844902,23.202197681197166],[120.56373440033482,23.202872237240864]],[[120.55824813419292,23.205232380237245],[120.56048814394522,23.202798101096445]],[[120.56373440033482,23.202872237240864],[120.56354354799005,23.20324200470603]],[[120.55729116121039,23.205843742785998],[120.55723763098716,23.205125860276198],[120.55824813419292,23.205232380237245]],[[120.55304607916727,23.209966107154443],[120.55334275599893,23.208683398779506],[120.55453620313241,23.208305313359233],[120.55353822114934,23.206745249010442]]]}},{"type":"Feature","properties":{"NAME":"濁水溪","FROM":""},"geometry":{"type":"MultiLineString","coordinates":[[[120.54959302260364,23.489634692643953],[120.55157439120451,23.488463445725834]],[[120.54790110872239,23.49216230915045],[120.5495423649537,23.494465047672435],[120.55176851728704,23.49464287589419]],[[120.53692503951223,23.50731239569224],[120.53819383758331,23.50765098278796],[120.53883559485159,23.508429788522893]],[[120.55176851728704,23.49464287589419],[120.55384853485742,23.494688894954468]],[[120.55176851728704,23.49464287589419],[120.55292999242182,23.49642004360468],[120.55332864154838,23.498272028292725]],[[120.55710161590744,23.49529088515437],[120.55756198916615,23.496136027238506]],[[120.55735565541138,23.494191504413976],[120.5571457939929,23.49527359283886]],[[120.55726752906676,23.493521632948955],[120.55676332755894,23.49363689002686],[120.55732027227606,23.494164217377232]],[[120.55744769693334,23.493386881516145],[120.5573083403582,23.493517146733993]],[[120.55157439120451,23.488463445725834],[120.55345932283996,23.487369852246896]],[[120.55157439120451,23.488463445725834],[120.55225256944168,23.48865383957912]],[[120.56389885324586,23.497545244005053],[120.56443815426718,23.49764668696106]],[[120.5631935898348,23.497364902907517],[120.56385060307595,23.49753663903538]],[[120.5600252279085,23.495163566074897],[120.56010733791763,23.496523934040734],[120.56314249185634,23.497355789917567]],[[120.55840489918879,23.493750084903798],[120.55933328271344,23.494154641777783],[120.55999490401324,23.49514585966604]],[[120.58589271371926,23.48690128425776],[120.58717487244992,23.488698140978713]],[[120.583893881041,23.485887326028156],[120.58468863144086,23.486648576567248],[120.58585749814691,23.486872489759072]],[[120.58369072719468,23.485701547569573],[120.58387381469211,23.485860456677496]],[[120.58312342304959,23.485054725237188],[120.58366817431568,23.48567766174932]],[[120.58256542940211,23.48405511754488],[120.58309463711328,23.48502578793042]],[[120.5597437768104,23.371951413373274],[120.55877797470536,23.36899238703944]],[[120.54609361220264,23.507852935772014],[120.54615202050573,23.508353610146333],[120.54691821698597,23.508711285334183],[120.54815924131103,23.507705697545184],[120.5496048095641,23.507149690397792],[120.55016159082237,23.50740673220719]],[[120.55017713775418,23.507454443589914],[120.5506567543707,23.507871937012943],[120.55268615059397,23.50689854980324],[120.55376741188063,23.50715781993769],[120.55713215161644,23.505523619818984],[120.55811132593716,23.505819774880198],[120.55962960959508,23.505504243807064],[120.56270322582664,23.506339374236752],[120.56381385572197,23.507156098256328],[120.56617861032731,23.507072145492966]],[[120.56905453595952,23.513624458094],[120.56816858566575,23.512713603615833],[120.56863516004803,23.51173187516415]],[[120.58439393028856,23.51352680656417],[120.58569563253981,23.51355757016869]],[[120.58436649711994,23.51304018823284],[120.5850724385433,23.512345992286914],[120.58457979292825,23.511418071927853],[120.58512964028269,23.51095806853067]],[[120.58436649711994,23.51304018823284],[120.58330622843631,23.511511170600684]],[[120.55909531361866,23.517994665911747],[120.5591961434113,23.518497270381012],[120.56027643306166,23.51853982647437]],[[120.56032260335047,23.518536727391247],[120.56100896423311,23.518535952122413],[120.56176854859937,23.519566337020702],[120.56227226329177,23.51849777081325],[120.563914251909,23.517222461745707],[120.56505512588463,23.517220847226586],[120.56581290922739,23.51556920663175],[120.56560784235442,23.514782381795655],[120.56670226312539,23.51404131020583]],[[120.56668796277717,23.513992421694493],[120.56687834025152,23.513476809744425],[120.56905453595952,23.513624458094]],[[120.54506595404784,23.506969164620646],[120.5465676623329,23.504947220937016],[120.54957926574485,23.50316968804336],[120.5525120875848,23.503121364911216],[120.55362755037102,23.501146897965913],[120.55525296121702,23.499914139275127],[120.55944758162026,23.500256962418497]],[[120.53465835291918,23.499578838071173],[120.53188551080557,23.498573914003323]],[[120.58439393028856,23.51352680656417],[120.58436649711994,23.51304018823284]],[[120.56905453595952,23.513624458094],[120.57204192652361,23.514799404879028]],[[120.57209426359617,23.514806041178385],[120.57290830921816,23.514787505831933],[120.57371859240246,23.513911684648264],[120.5741929673284,23.51462789146639],[120.57671059421463,23.515116052738936],[120.58118154540281,23.515121919316982],[120.58277040469112,23.514687471758403],[120.58439393028856,23.51352680656417]]]}},{"type":"Feature","properties":{"NAME":"濁水溪上游","FROM":""},"geometry":{"type":"MultiLineString","coordinates":[[[120.5990672313243,23.485735636666643],[120.60059698604609,23.485318650962945],[120.60281059599869,23.48369220295404],[120.60417286239307,23.48345279106589],[120.60671791297952,23.481659463645258]],[[120.60013123600142,23.486245256430387],[120.60059596227154,23.48615659229928]],[[120.60063226108686,23.48614554976839],[120.60817265754035,23.486352790554957]],[[120.5981849143726,23.487370522794745],[120.59906327930895,23.487860317726692]],[[120.5990868225714,23.487883949335504],[120.60117516893251,23.490231117553506],[120.60351621455257,23.49013176865278]],[[120.60355512360515,23.49015242029494],[120.60725743962547,23.492275650270603]],[[120.59756509621882,23.491271392397234],[120.59798497364116,23.493167550691112]],[[120.5979726259867,23.49320295546133],[120.59769895976432,23.493860470929974]],[[120.59756509621882,23.491271392397234],[120.59837398535755,23.49121245984635]],[[120.5984069906476,23.491224254069497],[120.59904122963987,23.491597284682943],[120.5994490090748,23.493771359496954],[120.6000068090911,23.494144664369063]],[[120.60004370600323,23.494153579585582],[120.60022005424103,23.494214863688672]],[[120.59189425294637,23.486124266899402],[120.59233162924747,23.488941978644238]],[[120.6086715429461,23.486482741978065],[120.61220318546421,23.484922224801767]],[[120.59567892817398,23.487089062355224],[120.59642467451357,23.487774921330708],[120.59690632860101,23.4909891858631],[120.59756509621882,23.491271392397234]],[[120.59051902192246,23.485242298537703],[120.59060272769925,23.48696762528951]],[[120.60817265754035,23.486352790554957],[120.6086715429461,23.486482741978065]],[[120.61204565186033,23.489815123521556],[120.61157169636869,23.49067823874779],[120.61233874036093,23.49090260948828],[120.61232972540603,23.49183796569501]],[[120.6086715429461,23.486482741978065],[120.60900867595478,23.487233091554696],[120.61064774368062,23.487756263734465],[120.61188638652195,23.488863817911206],[120.61204565186033,23.489815123521556]],[[120.59269951364436,23.48611623772629],[120.59363262080869,23.487154244165676],[120.5940061033996,23.489293909031517]],[[120.61204565186033,23.489815123521556],[120.6131661248137,23.490530445793976],[120.61555191242981,23.490867106779376]],[[120.61232972540603,23.49183796569501],[120.61339893762691,23.492614136144446],[120.61743812857286,23.493510516075286],[120.61802585443823,23.494096008249]],[[120.61232972540603,23.49183796569501],[120.61309521649707,23.49484205269618]],[[120.60817265754035,23.486352790554957],[120.60942929550001,23.484756242351615]],[[120.61220318546421,23.484922224801767],[120.61350377035536,23.484707762991924]],[[120.61220318546421,23.484922224801767],[120.6136350437042,23.48237419209595]],[[120.58608000647375,23.482555041111063],[120.5877860896674,23.48166299981668]],[[120.5878288517522,23.481672016026394],[120.59096120503338,23.482369684690138],[120.59263187909389,23.48162966345339],[120.59360212082728,23.481722728108878]],[[120.59574027646278,23.48704247708589],[120.5990406357496,23.485765411243644]]]}},{"type":"Feature","properties":{"NAME":"燒灰子坑","FROM":""},"geometry":{"type":"MultiLineString","coordinates":[[[120.41880246397116,23.161328654098078],[120.42017298460297,23.160527544470167]],[[120.41441172868801,23.161272823159116],[120.41428727868488,23.16020698072545],[120.41500949926991,23.15996345048624],[120.41476811454876,23.15868953348493],[120.41651305442662,23.158700089821895]],[[120.40944833890148,23.15716545456925],[120.41007150773217,23.15771839442807],[120.4099203769309,23.15830926271742]],[[120.41795794010388,23.179489365639792],[120.41788237493708,23.178956413621254],[120.41901470762019,23.17868274478757]],[[120.43769523746491,23.175435282620914],[120.43763591802927,23.175994860309533],[120.43874243513469,23.176994029715512],[120.43887536753492,23.177836442623033],[120.44221138607024,23.179822962871665]],[[120.41925741965906,23.17453040102114],[120.41853047953086,23.177710475099243],[120.41901470762019,23.17868274478757]],[[120.44704183019483,23.17792278571946],[120.44554134627482,23.177513705800042]],[[120.41592588241679,23.154734301905126],[120.41404238294025,23.154657814013426],[120.41200370739722,23.155553652575886],[120.41196337126321,23.155095291684788],[120.41106963453421,23.155087672844367],[120.41095297305013,23.154383007778087],[120.41160849403632,23.15334242322546],[120.41112633889296,23.15307664884099]],[[120.42257454158003,23.17980569528839],[120.42208726642217,23.18023286198812]],[[120.44554134627482,23.177513705800042],[120.44498056087788,23.177793987218077]],[[120.42257454158003,23.17980569528839],[120.42417248006198,23.180233313800457],[120.42517015627053,23.181126015707882],[120.42491634334692,23.181594641727177]],[[120.41901470762019,23.17868274478757],[120.41974486485849,23.179172845504038],[120.41999040745338,23.180110426471696]],[[120.44498056087788,23.177793987218077],[120.4456328281902,23.178238605524488]],[[120.42320778790214,23.176618496440206],[120.42281999983862,23.176980560042598],[120.4231640182639,23.177550564038928],[120.42263298571004,23.178257474255],[120.42257454158003,23.17980569528839]],[[120.43045557316823,23.174776658686966],[120.4299929360958,23.174601294051467],[120.42934186237758,23.175258193207338],[120.43008449726783,23.176080047970913],[120.42944667019611,23.17647968929953],[120.43012824844311,23.176646742833405],[120.42980809481912,23.17737020784876],[120.43075533333254,23.177447854892204],[120.43057350491613,23.17827559766737],[120.43222336611223,23.179068881704236],[120.43200123314332,23.18004096918381],[120.43278307033718,23.18078849311847],[120.43451483317737,23.179947934891025],[120.43513331233348,23.18161137750297],[120.43622927283326,23.181899527295165],[120.436790768519,23.18332124310861],[120.43782432672565,23.184047079424907],[120.43849548770825,23.18369046503699],[120.43938744065248,23.18408855397125]],[[120.44140121034395,23.17489934528279],[120.44554134627482,23.177513705800042]],[[120.43938744065248,23.18408855397125],[120.4423341497615,23.186516178790548],[120.44428239950774,23.18579823781521],[120.44806605411561,23.185524289744617],[120.44892171110178,23.1848386812867],[120.45035289179683,23.185601922785104]],[[120.44807632732626,23.18273204600558],[120.44717929569572,23.182830620768925],[120.4467227060418,23.183449845248195]],[[120.43150561780018,23.17533770435688],[120.4338398370825,23.176180637319174],[120.43451759755018,23.175645761159515],[120.43541388692823,23.17549531081836],[120.43665191641767,23.17602088315954],[120.43683334824794,23.17557006867799],[120.43769523746491,23.175435282620914]],[[120.43769523746491,23.175435282620914],[120.43854492183056,23.17506796332769],[120.43886671221597,23.175344438393186],[120.43922519054495,23.1745804642987],[120.43976193896535,23.17498407329693],[120.44041415381707,23.174494210159256],[120.44081178471906,23.17522013429234],[120.44140121034395,23.17489934528279]],[[120.44140121034395,23.17489934528279],[120.44233303209836,23.174442013005713]],[[120.4467227060418,23.183449845248195],[120.44451722311241,23.18400449216939],[120.44401516316914,23.183549086018335],[120.44207087235235,23.183499585265643],[120.4409569609642,23.182606409204116],[120.43938744065248,23.18408855397125]],[[120.42491634334692,23.181594641727177],[120.42548210032038,23.182115702930982]],[[120.42491634334692,23.181594641727177],[120.42444023236146,23.1818909799057]],[[120.44498056087788,23.177793987218077],[120.44450815529959,23.178365754044673],[120.44508679420682,23.179049400891927],[120.44484473135012,23.17949778987579],[120.44613436290686,23.18108222806607],[120.44607968083689,23.18268472256307],[120.4467227060418,23.183449845248195]],[[120.43042733316601,23.17370441609613],[120.4301056765852,23.17335797643088]],[[120.41406359616556,23.16262143192958],[120.41471187692014,23.163628150294443],[120.41412190934493,23.1641339645572],[120.41427765454912,23.16548430798268],[120.41345458998812,23.166113451292414],[120.41335901447859,23.167313940789228],[120.41387305545639,23.16798386250538],[120.41329079001088,23.169690504058806],[120.41407030515573,23.170194322023473],[120.41391110103778,23.17117337689474],[120.41446176226465,23.172671808350067]],[[120.41880246397116,23.161328654098078],[120.42007541434928,23.162068912424676]],[[120.41517950095233,23.16303838520503],[120.41600691048156,23.162858422352162],[120.41729775790256,23.161594327181973],[120.41880246397116,23.161328654098078]]]}},{"type":"Feature","properties":{"NAME":"獨座溪","FROM":""},"geometry":{"type":"MultiLineString","coordinates":[[[120.6483750612844,23.432171363667507],[120.64877155194654,23.430056556500215]],[[120.63465816377182,23.414512824888604],[120.63310498707197,23.413491095883124]],[[120.61043712755928,23.423582996911648],[120.61031481834196,23.421498835100564],[120.60955362442053,23.420486356657722],[120.60982112999172,23.41966649476142],[120.60930936667775,23.41869477671396]],[[120.61043712755928,23.423582996911648],[120.60863186893643,23.42355612496903],[120.60809376786516,23.424097535135118]],[[120.62693703818447,23.42993255809849],[120.62656357145529,23.42905393391015]],[[120.65173481671191,23.43122088829912],[120.65388471829223,23.432508122945226],[120.65592616074319,23.432338871942438]],[[120.65173481671191,23.43122088829912],[120.65554954331279,23.42964338756762]],[[120.62765475242864,23.430927421687475],[120.626951542399,23.429969620571825]],[[120.64350066367876,23.41872145737569],[120.64411310895512,23.4182544126743],[120.64433127290175,23.416601411370486]],[[120.63284497776874,23.40195409830508],[120.63131484832995,23.40020513523003]],[[120.6323190672414,23.42017748986154],[120.63461444480441,23.421963179794417]],[[120.64608626851805,23.434614567506156],[120.64770599529183,23.436266043288317],[120.65179372776191,23.43668178273365]],[[120.6185016763101,23.40077273158749],[120.61751312338778,23.398530484673373]],[[120.64751418798386,23.433224051841048],[120.6500438821593,23.433984799299633],[120.65111666481016,23.43494091565434],[120.65324898955856,23.435367070324006]],[[120.6422521230866,23.42776370573226],[120.64341016833701,23.42816742507912],[120.64471520319714,23.427356235187716]],[[120.63310498707197,23.413491095883124],[120.63128754182978,23.41305747242548],[120.62901982257179,23.41165242031606]],[[120.63310498707197,23.413491095883124],[120.63259885602201,23.411983918814478],[120.62918030854885,23.41030731164473]],[[120.60893671964608,23.405923753900872],[120.6072147403049,23.405255017924368],[120.60662656424105,23.404243900438196]],[[120.63987154356425,23.4265696154232],[120.64217091970302,23.427701818894175]],[[120.61109779245015,23.428442910372464],[120.60927666464414,23.42704647007794]],[[120.61130865768119,23.42852143928635],[120.61114021057715,23.428465041456985]],[[120.64434675730955,23.41653096824841],[120.64443222125549,23.416139237701177]],[[120.6092534319193,23.406194939884674],[120.609153246055,23.404618059176368],[120.60974567066272,23.40335208583695]],[[120.60930936667775,23.41869477671396],[120.60947130282554,23.4178019042222]],[[120.6159182332803,23.41387208804366],[120.61300140178882,23.413022860746704],[120.61121527507783,23.413048764919022]],[[120.64271711478158,23.41961686193141],[120.64342866140626,23.418753017226777]],[[120.64218994517522,23.420215329314885],[120.64270010220645,23.41969972330886]],[[120.64135726453266,23.424689169013373],[120.64259481846935,23.422466770911843],[120.64214121971106,23.420286783808525]],[[120.63987154356425,23.4265696154232],[120.64133967844987,23.424727981335163]],[[120.62415269565307,23.433786215078193],[120.62497425519685,23.434607328440773]],[[120.6092534319193,23.406194939884674],[120.60900773601676,23.405960279019535]],[[120.63965412264452,23.424268349869504],[120.63991954284711,23.421357198242713]],[[120.61148193838038,23.40664052250487],[120.61177735678262,23.406253095117346]],[[120.60762444893624,23.44071739680162],[120.60803618649055,23.439744217114317]],[[120.61177369698102,23.43292571024528],[120.60613044142112,23.43022761086505],[120.60594000194754,23.428298468996527],[120.6030130258427,23.425346934433808]],[[120.61230346534947,23.433278919853414],[120.61182578765812,23.43296111691536]],[[120.64580076176924,23.434151284519462],[120.64605571920522,23.43459398471974]],[[120.62497425519685,23.434607328440773],[120.62575525712928,23.436642186564]],[[120.63956512674619,23.42565396432786],[120.63966594072225,23.424311859491443]],[[120.63944756660061,23.426609746675183],[120.6395545431147,23.425689956256225]],[[120.61173957113135,23.42816237078796],[120.6118274835723,23.427980235842234]],[[120.61183127936694,23.42793633938963],[120.6112786283602,23.424775857769802],[120.61043712755928,23.423582996911648]],[[120.62463722759624,23.436844789116414],[120.62426944374388,23.43780249092762]],[[120.62497425519685,23.434607328440773],[120.62466367902414,23.436783684804915]],[[120.63422438886491,23.4401528652494],[120.63535931898689,23.441627528104025]],[[120.62930810089135,23.435780838986087],[120.63218759360987,23.43727875730283],[120.63397770233968,23.43892911019453],[120.63420059636722,23.440088930631102]],[[120.60876686661425,23.40448854361141],[120.6077835378448,23.403070973347106],[120.60682105209878,23.40267786852613],[120.60392228296796,23.399939688419167]],[[120.61148193838038,23.40664052250487],[120.61132163428678,23.405952646849112]],[[120.63242513163878,23.43137065561064],[120.63435333353448,23.431939966280346]],[[120.63435333353448,23.431939966280346],[120.63518797803479,23.433112896036715],[120.63658677694706,23.433935612863067],[120.63824311739303,23.434194024779735]],[[120.61251254217152,23.409229741357056],[120.61073426313584,23.408178120625198],[120.6092534319193,23.406194939884674]],[[120.63073677554338,23.404355131065582],[120.63302481056617,23.4040151567918],[120.63358662120518,23.40520772607158],[120.63489398324172,23.40565376081583],[120.6351242937194,23.406148665542357]],[[120.63317011223302,23.404180830199955],[120.63284497776874,23.40195409830508]],[[120.62791692411055,23.43135266991463],[120.62773252580367,23.430400210649303],[120.62842603537725,23.429313364888444],[120.62853150143887,23.428048910859296]],[[120.62802834825017,23.43154432583789],[120.62791692411055,23.43135266991463]],[[120.6483750612844,23.432171363667507],[120.65173481671191,23.43122088829912]],[[120.62620670296491,23.433358638800506],[120.62783192896839,23.435024107787957],[120.62924270857985,23.43574656898623]],[[120.63944756660061,23.426609746675183],[120.63987154356425,23.4265696154232]],[[120.61785526472354,23.418934894886746],[120.61826885198067,23.418344243343594],[120.62052628634122,23.417401463330016],[120.62271026105932,23.414520875405447]],[[120.63435333353448,23.431939966280346],[120.63560255257836,23.43081051755621],[120.63630122407596,23.428705279007186],[120.63851880456932,23.427609322489765],[120.63944756660061,23.426609746675183]],[[120.63853171223433,23.435227502091227],[120.6386186792444,23.437011930477894],[120.64066219737586,23.438254717419962],[120.64117720400787,23.439181039989883]],[[120.60930936667775,23.41869477671396],[120.60811892609065,23.416617896474843]],[[120.62592802564541,23.43311797440201],[120.62617818349722,23.433326470407355]],[[120.64120335257596,23.439208489940487],[120.64210868004464,23.43979822621256]],[[120.63824311739303,23.434194024779735],[120.63851926241337,23.43515216197272]],[[120.6185016763101,23.40077273158749],[120.61591884300135,23.399308508671833]],[[120.63455907291288,23.41513058140566],[120.642303928222,23.411932534860725],[120.64385578901162,23.410173128176112]],[[120.64385578901162,23.410173128176112],[120.64817452854108,23.408456201532935]],[[120.63458060437571,23.410423778926326],[120.63410875619033,23.409229381354503],[120.63516992747823,23.40772061495056],[120.63474075019674,23.406792790754967],[120.6351242937194,23.406148665542357]],[[120.61256375399539,23.409149321439415],[120.61237162931538,23.407544748649677]],[[120.6351242937194,23.406148665542357],[120.63820164681403,23.402412986475845],[120.64128085088097,23.40203023373674]],[[120.61237162931538,23.407544748649677],[120.61256258800127,23.407154938620884]],[[120.63073677554338,23.404355131065582],[120.6284266482294,23.40473695948069]],[[120.61237162931538,23.407544748649677],[120.61148193838038,23.40664052250487]],[[120.64751418798386,23.433224051841048],[120.6483750612844,23.432171363667507]],[[120.62592836010273,23.426819428959472],[120.62635072048354,23.427319024188485]],[[120.64385578901162,23.410173128176112],[120.64426117061775,23.4066709103869],[120.64487481783749,23.405811739129934]],[[120.63073677554338,23.404355131065582],[120.6303479401415,23.403866113887013],[120.62559629944894,23.403154948426085]],[[120.63284497776874,23.40195409830508],[120.633465858824,23.400489946685386],[120.63451546304779,23.399726359238944],[120.6346217856869,23.39887725557844],[120.63521844186621,23.398767923374297]],[[120.64580076176924,23.434151284519462],[120.64637949144219,23.434029811061023]],[[120.64641206242224,23.434012757617484],[120.64751418798386,23.433224051841048]],[[120.63824311739303,23.434194024779735],[120.6407772783371,23.43455470527964]],[[120.64085719692413,23.434579235768666],[120.64580076176924,23.434151284519462]],[[120.63560255257836,23.43081051755621],[120.63756661186132,23.43009545356601]],[[120.62791692411055,23.43135266991463],[120.62768712199988,23.430953411993045]],[[120.61490803359378,23.411148385402168],[120.61542499371811,23.40926673179451],[120.61696043336126,23.40813970516831],[120.61808487890563,23.405574092167512],[120.61893498291832,23.40210455676723],[120.6185016763101,23.40077273158749]],[[120.624496151715,23.42401361677376],[120.62562880843858,23.425233153944703],[120.62547105717735,23.426146097980233],[120.62590347861476,23.42679773190826]],[[120.64489639486986,23.40578405452619],[120.64565682414148,23.40504400677457]]]}},{"type":"Feature","properties":{"NAME":"磨力溪","FROM":""},"geometry":{"type":"MultiLineString","coordinates":[[[120.57624720641402,23.573537742150062],[120.58215052012454,23.570928855530372],[120.5833548878893,23.570897775891293]],[[120.57594463475218,23.57379306897075],[120.57621074978415,23.573551360255678]],[[120.5833548878893,23.570897775891293],[120.5853655494986,23.57034108362148],[120.58701664114172,23.568742060865574]],[[120.58548091396834,23.56812190161798],[120.58633946611795,23.567301641705114],[120.58777169370589,23.567108277905195]],[[120.58773200729723,23.56825145602771],[120.58548091396834,23.56812190161798]],[[120.5833548878893,23.570897775891293],[120.58395440332662,23.568943845950404],[120.5846282184966,23.56821148149857],[120.58548091396834,23.56812190161798]]]}},{"type":"Feature","properties":{"NAME":"蕉仔湖溪","FROM":""},"geometry":{"type":"MultiLineString","coordinates":[[[120.57872783992767,23.387312234664265],[120.57906950890477,23.383674926377086]],[[120.57791544685844,23.388378896219137],[120.5787112725345,23.387347534714905]],[[120.57315806759101,23.38455556796536],[120.57421228740886,23.383724232332455]],[[120.5723766722976,23.388129972384892],[120.57225071842812,23.386820455072602],[120.57315806759101,23.38455556796536]],[[120.57025992750769,23.390483482502898],[120.5720393153237,23.389578181065247],[120.5723766722976,23.388129972384892]],[[120.56969657203844,23.39063119290161],[120.56915011628057,23.389211810113082]],[[120.5723766722976,23.388129972384892],[120.57150123592007,23.38786148975677],[120.5709740249496,23.386650026074886],[120.56942019762188,23.385069775445466]],[[120.56531825833329,23.397133698448023],[120.56342559006474,23.393477421917915]],[[120.57218029415105,23.39147355415521],[120.57213281627011,23.39346705016233]],[[120.56915011628057,23.389211810113082],[120.56819624467981,23.38823127625048]],[[120.56915011628057,23.389211810113082],[120.56859960902013,23.387547398462466]],[[120.56450954308312,23.398912601916127],[120.56281224817269,23.396569232345986],[120.56195577483376,23.393377916815066],[120.5608679977955,23.391301456980997]],[[120.57422679798333,23.38368449783429],[120.57526268302178,23.382980313437123]],[[120.5903527445279,23.377090292540288],[120.59053879916762,23.376803247064764]],[[120.59022663114933,23.376832413108225],[120.58910144353248,23.375144631027865]],[[120.5894471766463,23.38294474950828],[120.59099447875904,23.384254383894053],[120.59402871160688,23.38392147883599]],[[120.59055384883659,23.37677152362245],[120.59167155396143,23.375559800990647]],[[120.57587365750632,23.382098488468348],[120.57613976565428,23.38175589044739]],[[120.5903527445279,23.377090292540288],[120.59024283308176,23.376862033720872]],[[120.57906950890477,23.383674926377086],[120.57954824079329,23.38270981160896]],[[120.57958559058615,23.382666004318992],[120.58017768600767,23.381760657477162]],[[120.57639781400815,23.38723806127833],[120.57626600250246,23.38678787671507]],[[120.57730813435167,23.388546116795364],[120.57640712521729,23.387278446777067]],[[120.57906950890477,23.383674926377086],[120.57843642443439,23.38283418277475]],[[120.58378960357898,23.385796352898296],[120.5841700361654,23.384368612893685],[120.58619795961452,23.383111024594545],[120.58773022934592,23.382680133548163],[120.5894471766463,23.38294474950828]],[[120.57529349208511,23.382941334334642],[120.5758394955798,23.382146466897428]],[[120.57315806759101,23.38455556796536],[120.57313367443739,23.384248933660256]],[[120.57312787549023,23.384216710373316],[120.57218499530104,23.38334429488504]],[[120.5894471766463,23.38294474950828],[120.59049411450704,23.38123653575259],[120.5903527445279,23.377090292540288]]]}},{"type":"Feature","properties":{"NAME":"頭前溪","FROM":""},"geometry":{"type":"MultiLineString","coordinates":[[[120.53919710013912,23.352766786202523],[120.54007805016158,23.35078458249059],[120.54173268105865,23.349424969522666],[120.54230324616687,23.348126191862782]],[[120.54233029822149,23.34811398828927],[120.54466237864406,23.346665265315835]],[[120.46005507404948,23.391441799955363],[120.46007885023658,23.392945395006134]],[[120.46005507404948,23.391441799955363],[120.46101494849924,23.392806407483622]],[[120.46318513330485,23.393669457744075],[120.46304281507368,23.395684918436537]],[[120.46318513330485,23.393669457744075],[120.46360297994244,23.395370781515343]],[[120.53808876915336,23.354274635775248],[120.53920996512406,23.353370855069446],[120.53920697810881,23.352797899277707]],[[120.53432672347822,23.356293857969735],[120.53675739715888,23.355719098895346],[120.53805029174076,23.35427452094362]],[[120.48584475493321,23.372562308453237],[120.48648685447371,23.37171044887605],[120.48618709990417,23.370862711197493]],[[120.4859235175237,23.372885783463175],[120.48600935945193,23.372887854086272]],[[120.48600935945193,23.372887854086272],[120.48615889170091,23.37347952844414],[120.48656526913379,23.373477186891567],[120.486460477588,23.37277439958259],[120.48600935945193,23.372887854086272]],[[120.48649011101263,23.3728175961378],[120.48735493994955,23.37224038678623],[120.4878487801272,23.37329015286051],[120.48713347720637,23.372839128409044]],[[120.50566437605809,23.378298381657164],[120.50552461274772,23.37791373307959]],[[120.50599737809758,23.378043293957987],[120.50524191791395,23.377091399043856]],[[120.50648124579264,23.378674326602244],[120.50457769705379,23.37871472260852],[120.5044512496712,23.377789360894955],[120.5035171919944,23.377442694704374]],[[120.51113567485932,23.376531668390353],[120.51298438221126,23.37459105206282]],[[120.51662590715496,23.376070678958694],[120.51807072599686,23.378609367162106],[120.51895324038331,23.37898643866296]],[[120.51898516935175,23.378957199436716],[120.52042731235748,23.37796549206278]],[[120.52045145014158,23.377924103350068],[120.52176432977858,23.376012186891288],[120.52473840619061,23.375176432146294]],[[120.51261000626877,23.356357860623817],[120.51468302629706,23.35426194453249]],[[120.53432672347822,23.356293857969735],[120.53587501341332,23.35417010091014],[120.5369890081925,23.351489757944385]],[[120.53266435540267,23.35363570302833],[120.53244799782111,23.352846732177234]],[[120.53143198949796,23.35939285938275],[120.53134408684943,23.358697296841544],[120.53284603302954,23.35549772420165]],[[120.53284616133456,23.355462049604643],[120.53235641979089,23.354314542581914],[120.53266435540267,23.35363570302833]],[[120.53005992080324,23.361728319559194],[120.53127378463361,23.36118323956398],[120.53143198949796,23.35939285938275]],[[120.53244799782111,23.352846732177234],[120.53072690838678,23.351087973432225]],[[120.53072690838678,23.351087973432225],[120.53093314091065,23.351005514754526]],[[120.40928521109254,23.412475476809387],[120.4093348469878,23.41252908022643]],[[120.41694095936204,23.40963032379135],[120.41696570563329,23.40966109092525]],[[120.48521904181436,23.373079232076364],[120.48367283986816,23.371610301059352]],[[120.4935260583608,23.377888007381394],[120.4947057080809,23.38006562440686],[120.4952399238453,23.380247681344336]],[[120.5035041358389,23.377417141565296],[120.50511011058055,23.379499546953557],[120.50649587818793,23.379271927306263]],[[120.51992673697711,23.37298811416621],[120.52014524087794,23.37200667271374],[120.5192396176375,23.37000147473472]],[[120.48521904181436,23.373079232076364],[120.4859235175237,23.372885783463175],[120.48480418305444,23.370728626643935]],[[120.5237203518375,23.36230309765545],[120.52464006948124,23.358157289797777]],[[120.53296495499266,23.35272685286269],[120.53548026372907,23.35073826305694],[120.53657770584486,23.350711790866235]],[[120.51992673697711,23.37298811416621],[120.52063771020062,23.372006151893327],[120.5226344430568,23.370779906907497]],[[120.53143198949796,23.35939285938275],[120.53226017281295,23.358751723174205],[120.53244298070955,23.35758613456244],[120.5342510562597,23.356470355896576]],[[120.53427117971955,23.35644455827483],[120.53432672347822,23.356293857969735]],[[120.41057026224928,23.41308058767147],[120.41159441200685,23.41539788803586],[120.4143485956372,23.416731356245798],[120.41568774214583,23.41563901139409],[120.41734751600964,23.41515013581159],[120.41850228489956,23.416105170624977],[120.42043264442273,23.416397576376248]],[[120.53244799782111,23.352846732177234],[120.53291711655,23.352719552872845]],[[120.53072690838678,23.351087973432225],[120.53013660294394,23.35060792053284],[120.52922477053598,23.35076218939767]],[[120.5360103811232,23.347634577982397],[120.53897176982451,23.34559044975305]],[[120.47043415548116,23.375824029557602],[120.4718408667435,23.375542102722388],[120.47160389936067,23.37525460461079],[120.47224190777001,23.374868483527894]],[[120.47480647859817,23.373351103849384],[120.47546678751142,23.372849914446345],[120.47595821200863,23.371205886466388]],[[120.46813420859982,23.37101745904394],[120.46950945259151,23.372177366915565],[120.46918143945939,23.373006991901423]],[[120.47373252425707,23.373674814724428],[120.47480647859817,23.373351103849384]],[[120.53266435540267,23.35363570302833],[120.53318216912287,23.353389802711764]],[[120.51298438221126,23.37459105206282],[120.51263321507108,23.374538542524885]],[[120.53321903415564,23.35335998060344],[120.53431987630667,23.35325762820028]],[[120.53093314091065,23.351005514754526],[120.53131137024252,23.348904949197237]],[[120.51258301212545,23.37452541523772],[120.51230696027599,23.372738696593476]],[[120.52473840619061,23.375176432146294],[120.52493165396415,23.37459334076064]],[[120.52473840619061,23.375176432146294],[120.52628476754016,23.37531328507678]],[[120.51662590715496,23.376070678958694],[120.51665488288846,23.37600642080192]],[[120.53093314091065,23.351005514754526],[120.5320362619803,23.350862445392202],[120.53272017599633,23.349790646110062],[120.53454026015578,23.34912428437825]],[[120.51667584262047,23.37596723798919],[120.51707136839379,23.37512269727071],[120.51778070546187,23.374958803179933],[120.51767775906379,23.374110784018427],[120.51807069173806,23.373861929975096]],[[120.53455749416902,23.34904607220643],[120.53597474230972,23.347626522324557]],[[120.51811165026504,23.37388254857532],[120.51894322199101,23.374059240870167],[120.51980115513645,23.373120408431912]],[[120.51982606905923,23.373078289108683],[120.51992673697711,23.37298811416621]],[[120.51298438221126,23.37459105206282],[120.51437788025872,23.375029904798055],[120.51527642450591,23.376033188405767],[120.51662590715496,23.376070678958694]],[[120.51116503242075,23.377004323684005],[120.51278859838865,23.377308580365586],[120.51357761877927,23.37836495135944]],[[120.41696570786766,23.409661088382002],[120.41788207442889,23.409773333319432]],[[120.41057026224928,23.41308058767147],[120.41324388052081,23.41331189312172]],[[120.42043264442273,23.416397576376248],[120.42072037656276,23.41580332771828]],[[120.42075989627827,23.415780821204738],[120.42281013518765,23.415550745326435],[120.42405811053392,23.416404975415457]],[[120.42043264442273,23.416397576376248],[120.42177696449605,23.418805107604733]],[[120.42180504315544,23.41884127794075],[120.42195574046441,23.41951680569298]],[[120.40933465258277,23.412529346855372],[120.41057026224928,23.41308058767147]],[[120.5226344430568,23.370779906907497],[120.5254158736127,23.371936371440245],[120.52729863150012,23.371931609339914]],[[120.5226344430568,23.370779906907497],[120.52312171866039,23.36879611934246]],[[120.48422310785827,23.377264687929245],[120.48544522152575,23.375260687872483],[120.48510888046377,23.37419069896889],[120.4858549368576,23.373372476932147],[120.48493620261908,23.373663476203788],[120.48521904181436,23.373079232076364]],[[120.47155762089288,23.36989301154317],[120.47263845935358,23.36910882001712],[120.4756943807353,23.369694769525225]],[[120.46800064603435,23.370743263466963],[120.46960260837054,23.370769036786132],[120.47089624700007,23.369827560935637],[120.47155762089288,23.36989301154317]],[[120.47155762089288,23.36989301154317],[120.47323886244469,23.369812914526488]],[[120.4665291514333,23.371553174359015],[120.46800064603435,23.370743263466963]],[[120.46800064603435,23.370743263466963],[120.46810747165739,23.37096256987197]],[[120.46324020642321,23.37458944497069],[120.46373899968957,23.374023775772294]],[[120.46379575595104,23.37399541345448],[120.4665291514333,23.371553174359015]],[[120.47480647859817,23.373351103849384],[120.47548660924095,23.373773277125675],[120.47706648004625,23.373216481522704],[120.4773057761487,23.372657439399582],[120.47914479937381,23.373214432578845]],[[120.47373252425707,23.373674814724428],[120.47456466318035,23.373621183307815],[120.47648154000895,23.374553180874518]],[[120.47224190777001,23.374868483527894],[120.473530126955,23.374477782934484],[120.47373252425707,23.373674814724428]],[[120.47043415548116,23.375824029557602],[120.47010860734231,23.37484319207397],[120.47088535091885,23.37522282226967],[120.47130426226785,23.374666653308218],[120.47224190777001,23.374868483527894]],[[120.46573436877266,23.37804965866899],[120.46586000903713,23.37629378715624],[120.46767632797109,23.375719830874537]],[[120.46845346622912,23.3776164877989],[120.46811331743272,23.37688165452582],[120.46917276556829,23.377090691828815],[120.47043415548116,23.375824029557602]],[[120.46573436877266,23.37804965866899],[120.46845346622912,23.3776164877989]],[[120.46845346622912,23.3776164877989],[120.46927604171326,23.37819268285756]],[[120.46927604171326,23.37819268285756],[120.47078657046771,23.37764473732775],[120.47299340592035,23.378092410665893]],[[120.46526996667197,23.381271715425292],[120.46459089129152,23.379183648611434]],[[120.4645808457085,23.379120081020982],[120.46466478019092,23.37803921751273],[120.46573436877266,23.37804965866899]],[[120.46927604171326,23.37819268285756],[120.47018618651883,23.378660813108322],[120.47322099562152,23.378849426840954]],[[120.48195045971663,23.379881005202417],[120.48395913811716,23.378472254522705]],[[120.4794419145864,23.3798410301124],[120.47968413371508,23.379802452792514]],[[120.47979338835373,23.37978505209937],[120.48102365117477,23.37924809359948],[120.48195045971663,23.379881005202417]],[[120.48195045971663,23.379881005202417],[120.48224944260258,23.38161346637549],[120.48112180720909,23.38154876055957]],[[120.48979699292126,23.378341544771608],[120.49060902723011,23.379030651616993],[120.49047730823622,23.379383689738052],[120.4920103173203,23.379888940965152]],[[120.4437697018942,23.38025750747991],[120.44326541298258,23.382206153245612],[120.44370883971831,23.38314232764841],[120.44276041173441,23.384211231487676],[120.44256376879773,23.387425164983227]],[[120.46526996667197,23.381271715425292],[120.46702584159915,23.381180656660323]],[[120.46512785445806,23.382456393229024],[120.46796001977206,23.38330594193732]],[[120.46803844203836,23.383299607452418],[120.46891805168107,23.382932124943785],[120.47001401399282,23.383534078938652],[120.4713863729354,23.38314819619791],[120.47169849823088,23.382544255174405],[120.47043328916921,23.38127353097876]],[[120.46512785445806,23.382456393229024],[120.46526996667197,23.381271715425292]],[[120.46113044397019,23.382532957228243],[120.46191482652364,23.38265528439053],[120.46218640625287,23.38359306520863],[120.46265416640543,23.383624024608128],[120.46428170056213,23.383266173336157],[120.46512785445806,23.382456393229024]],[[120.44256376879773,23.387425164983227],[120.44257862706796,23.387434216082443]],[[120.44262090806944,23.387459972062835],[120.44264967070856,23.387477398820046]],[[120.44269417348384,23.387504138180898],[120.442710137426,23.387513730062402]],[[120.442710137426,23.387513730062402],[120.44503756537566,23.387553643794345]],[[120.46742848798031,23.389234392741667],[120.4700229675467,23.389382922092075]],[[120.4700930082614,23.38938789751649],[120.47104281878363,23.390759189465683],[120.47085192876112,23.391241639691824],[120.47273104208563,23.391437626279828],[120.47344694850977,23.39210825231059]],[[120.46687057366026,23.389227972410087],[120.46742848798031,23.389234392741667]],[[120.46742848798031,23.389234392741667],[120.46711547844625,23.38993539615504],[120.46809838614267,23.3900832278038],[120.46830228702181,23.391406003035527]],[[120.46834017314536,23.39144626901439],[120.47012201190674,23.39369302702009],[120.47110039135205,23.39413655314189]],[[120.4602090037944,23.389620503980783],[120.46197636182686,23.391299413915256],[120.46318513330485,23.393669457744075]],[[120.46760456126056,23.39627386715306],[120.46722438215986,23.39480290562775],[120.46600673548834,23.393356211760437],[120.466423098733,23.39168625064084]],[[120.46642041612958,23.391636718501612],[120.46544618532741,23.390771738707777],[120.46599484670661,23.389787090031522]],[[120.45974092998243,23.390702507212474],[120.45988279025902,23.391036355937636]],[[120.45990759258976,23.39109472465089],[120.46005507404948,23.391441799955363]]]}},{"type":"Feature","properties":{"NAME":"頭溪","FROM":""},"geometry":{"type":"MultiLineString","coordinates":[[[120.62082950382366,23.62333200291276],[120.62093425078247,23.623292204792957]],[[120.62096942883117,23.62327883903556],[120.62336413716045,23.621458825665478],[120.62484075900028,23.621408568634557],[120.62540121700752,23.6208564829896],[120.62849800945743,23.620133651033452]]]}},{"type":"Feature","properties":{"NAME":"龍目井溪","FROM":""},"geometry":{"type":"MultiLineString","coordinates":[[[120.43727364248066,23.15],[120.43819589462764,23.150322405906415],[120.43882802380193,23.15194755391113],[120.43832899394842,23.15239513770068],[120.43911003892761,23.152621174574254],[120.43860471980521,23.152922021925875],[120.43898991134071,23.15351922721098],[120.43849679285394,23.15400747708173],[120.43884823509099,23.15498155227505],[120.43971816393002,23.155535180046336],[120.43929222165211,23.15658373971768]],[[120.43928197923245,23.156644023025855],[120.44040441080841,23.158343324278853],[120.44014300691572,23.159042259304403],[120.44072734302227,23.159944842829326],[120.44041321706875,23.160918996218534],[120.44351485966408,23.16238507836676],[120.44392903727488,23.163797309754184],[120.4445933220629,23.16410823372658]],[[120.44463187202349,23.164134508136684],[120.44776092907695,23.16771075840168],[120.448608883955,23.169709068587142],[120.44926605177147,23.17022141233352],[120.44901579399442,23.170516293415606],[120.45030529181915,23.171197778646533],[120.45046107358525,23.17259108117606],[120.45108739630292,23.172699252708565],[120.45141114710984,23.174217256706406]]]}},{"type":"Feature","properties":{"NAME":"龍蛟溪","FROM":""},"geometry":{"type":"MultiLineString","coordinates":[[[120.6091910026433,23.29034033746004],[120.6089010704237,23.289471434448004]],[[120.59421226589627,23.296977311150645],[120.59490468095044,23.29692686035576]],[[120.59230587153354,23.298737889957472],[120.5920578746948,23.29790242408134],[120.59414977036276,23.296977150945523]],[[120.5922288130674,23.299020647830854],[120.59231368204162,23.298783401869542]],[[120.59137577814886,23.300647954443193],[120.59216819955961,23.299080455961388]],[[120.6089010704237,23.289471434448004],[120.60977821466267,23.287537206988933]],[[120.60977821466267,23.287537206988933],[120.61143123899971,23.286757555853868]],[[120.61142946938604,23.29182711106198],[120.6131155437543,23.292095318156008]],[[120.61142946938604,23.29182711106198],[120.61201004978135,23.291137411108362]],[[120.6091910026433,23.29034033746004],[120.60958459659446,23.289219556245747],[120.61232014931795,23.288782372011983]],[[120.60703450605641,23.29546640901247],[120.60810743354658,23.29467117619397],[120.6098862378468,23.291926513554962],[120.61142946938604,23.29182711106198]],[[120.60977821466267,23.287537206988933],[120.61010522723767,23.286258524302173]],[[120.6089010704237,23.289471434448004],[120.60708828065364,23.287702002467405]],[[120.60700148410722,23.295425063137802],[120.60704611357649,23.29459524582157],[120.6093568613796,23.29150782637152],[120.6091910026433,23.29034033746004]],[[120.59490468095044,23.29692686035576],[120.59487527747996,23.295048558646716]],[[120.59490468095044,23.29692686035576],[120.59608549549354,23.29640939416775]]]}},{"type":"Feature","properties":{"NAME":"龜重溪","FROM":""},"geometry":{"type":"MultiLineString","coordinates":[[[120.44467638329478,23.299296863098068],[120.44516405318942,23.299645057514685]],[[120.44523167422768,23.29964624748744],[120.44595654388156,23.300554197799617],[120.44672899960959,23.300209298109475],[120.44711951150265,23.300513155331846]],[[120.45351421733169,23.300479137456424],[120.45371659674862,23.300125442061304]],[[120.35172941655932,23.301664379238034],[120.35226910100597,23.30069831511086],[120.35297886624583,23.300450677998427],[120.35657810447417,23.30100927619626],[120.35683089409983,23.30001269407656]],[[120.45283351614285,23.301953054690845],[120.45326705910132,23.30220061457922],[120.45419468524354,23.301571793946582],[120.45351421733169,23.300479137456424]],[[120.44711951150265,23.300513155331846],[120.4474289566021,23.302649666654652],[120.44816423217668,23.303101462996835],[120.44908853599219,23.30489251832133]],[[120.34659363305725,23.300485526230286],[120.3472733263103,23.300145241343024]],[[120.3472733263103,23.300145241343024],[120.349444091288,23.300549095127288]],[[120.35237213243897,23.303055075768853],[120.35172941655932,23.301664379238034]],[[120.34963616237839,23.302725656172473],[120.35237213243897,23.303055075768853]],[[120.35236511759003,23.304282876276552],[120.35237213243897,23.303055075768853]],[[120.44908853599219,23.30489251832133],[120.45021766676679,23.305056754830428],[120.45056386641234,23.303798377647837]],[[120.35394526673149,23.303573831075187],[120.35533052434063,23.30468316317184],[120.35630412367934,23.304793213520767]],[[120.3311576170636,23.304191252002425],[120.33163965294636,23.304804927472265]],[[120.35329013039676,23.306175785985918],[120.3506655344949,23.306329844413135],[120.34946970371816,23.30487819478882]],[[120.35050016325494,23.304943344787464],[120.35134344028585,23.305693871272616],[120.35329013039676,23.306175785985918]],[[120.35329013039676,23.306175785985918],[120.35482471448681,23.307533991633154]],[[120.35482471448681,23.307533991633154],[120.358842651714,23.307471365994672]],[[120.35482471448681,23.307533991633154],[120.35546193386918,23.308410066967554],[120.35530615617644,23.30945895067195]],[[120.43533395669725,23.28267952400653],[120.4352490580761,23.282234393872898]],[[120.4359125930177,23.287613566619157],[120.43422067076904,23.284894258959657],[120.43525089760708,23.283130530559582]],[[120.43525089760708,23.283130530559582],[120.43703095532507,23.284428059205073],[120.43705643334262,23.28543940201868]],[[120.42497563359501,23.283463506284996],[120.42462054224283,23.28396556812026],[120.42184734409896,23.28408856687766]],[[120.42497563359501,23.283463506284996],[120.42563779161262,23.28443427951021],[120.42563190151104,23.28633342838512]],[[120.42563020659912,23.28639135989181],[120.42457215765607,23.28723386372239]],[[120.43923711621268,23.28434788969261],[120.43862681845786,23.28514027616057],[120.43869515564384,23.286655148362552]],[[120.44076428893258,23.286308104131177],[120.43998512396358,23.28447243767832]],[[120.4632016209932,23.287853417536752],[120.46492811874747,23.287209183705276],[120.4660156021786,23.287669214266344]],[[120.46606945460505,23.287704876920387],[120.46631079826096,23.287922675732265]],[[120.45485172230654,23.2881565836442],[120.45794021849434,23.28802729480518],[120.4609215252427,23.287197787782944],[120.46275967230935,23.287761617599845]],[[120.41004368971774,23.289191107706728],[120.41127034816212,23.289365007266415],[120.41205277475052,23.288957131810253],[120.41163478882306,23.28788790815884],[120.41188285780693,23.287062702117815]],[[120.45126075281625,23.287238924357016],[120.45126786725206,23.28724542364908]],[[120.45131796524774,23.287291189936763],[120.4520742113876,23.288104048035393],[120.45374833780421,23.287401074623272],[120.45485172230654,23.2881565836442]],[[120.41448024342431,23.28944248203724],[120.4156095319878,23.288602494611858],[120.41586142195008,23.287835979490364],[120.41694995257545,23.287849054936572]],[[120.45485172230654,23.2881565836442],[120.45488364151659,23.288301161933134]],[[120.38409938930744,23.289942364381872],[120.38543456010471,23.287983902345665]],[[120.45488364151659,23.288301161933134],[120.45337419090752,23.289034064475754],[120.45570931663917,23.28960648764171]],[[120.45488364151659,23.288301161933134],[120.45570931663917,23.28960648764171]],[[120.43184226599455,23.291607802044144],[120.43386076807909,23.290001142291544],[120.4333944585222,23.289721817198128],[120.43385808630957,23.28926300827857]],[[120.44158501665493,23.249465066036525],[120.4416898113324,23.249513698398335]],[[120.43557884543613,23.293524158503224],[120.43492746237523,23.29281303127785],[120.43554322181572,23.29059409006378],[120.43485435697097,23.29076316489796],[120.43469011199161,23.28984160684697],[120.43385808630957,23.28926300827857]],[[120.4416898113324,23.249513698398335],[120.44261914258988,23.25012249762172]],[[120.40362479606874,23.266158247472124],[120.4045695904855,23.266677819044588]],[[120.43438758682655,23.25250356122131],[120.4341289167282,23.251604273813822]],[[120.40961463426508,23.289451327743866],[120.41004368971774,23.289191107706728]],[[120.43438758682655,23.25250356122131],[120.43481567479307,23.252726290183475],[120.43556407800469,23.25222785012485],[120.43637208249618,23.252864993064946],[120.4365335213984,23.252159058898158],[120.43737092518633,23.25215073896325],[120.43834703826532,23.253228213985363]],[[120.43841960490175,23.253230365338325],[120.43859814583944,23.253227250635288]],[[120.39719708105414,23.265988555898225],[120.39810339795066,23.266596908770655]],[[120.39569708677975,23.268269296528114],[120.39630768608355,23.268161027480016],[120.39624077206979,23.266860673136637],[120.39666826636936,23.2660181425052],[120.39719708105414,23.265988555898225]],[[120.43217167412764,23.252662627991736],[120.43264674569788,23.25235966942923],[120.4328622161904,23.25301276781822],[120.43329731150358,23.25237553130929],[120.43438758682655,23.25250356122131]],[[120.41004368971774,23.289191107706728],[120.41025366133073,23.289465018246304]],[[120.41025366133073,23.289465018246304],[120.4128614887103,23.29039123238948],[120.41448024342431,23.28944248203724]],[[120.41448024342431,23.28944248203724],[120.416863981087,23.290171413926934],[120.41849833431719,23.28987501163862],[120.41984367376645,23.29072419738903]],[[120.45570931663917,23.28960648764171],[120.45768886949925,23.290940624541715],[120.45782850217996,23.292670210152036],[120.46043607124894,23.294333776506072],[120.46358415012135,23.293872754705415],[120.46379113395338,23.292771883752597],[120.46613938889783,23.29300560627742],[120.46826192131856,23.290647103313205],[120.46898462718954,23.29061922773022]],[[120.42836146126022,23.25349549387546],[120.4294211087897,23.25392365056743]],[[120.42744347583623,23.2566996465058],[120.42787098360027,23.25558388192314],[120.42894794171794,23.254906086685875],[120.43009268991551,23.255223944867573],[120.4294211087897,23.25392365056743]],[[120.43196042117218,23.254763391074825],[120.43290901662745,23.25548676808629]],[[120.43297210792356,23.25551100907427],[120.43678657598393,23.256604406430043],[120.43758123198349,23.256279430670077]],[[120.43764992493603,23.256251376797103],[120.43805491754505,23.255866279514017]],[[120.41862806672398,23.255694805251125],[120.42007864386426,23.256038668566426],[120.41985230815187,23.256685649714868],[120.42029789398526,23.256951361017908],[120.42039248256506,23.25797871494248]],[[120.4045695904855,23.266677819044588],[120.40508894058438,23.26733208715355]],[[120.4045695904855,23.266677819044588],[120.40409961751705,23.268540444316393]],[[120.39292741970678,23.268125523352943],[120.39420345748553,23.268519846929237]],[[120.46905940467437,23.290606010356043],[120.47122436416048,23.29012660399231],[120.47310211767523,23.29069949178356],[120.47485867654646,23.289795648823457]],[[120.40961463426508,23.289451327743866],[120.41006739313987,23.290529718408884],[120.40961397214988,23.29060927084945],[120.40956310764378,23.291297527678555],[120.41005803546142,23.29158831439768]],[[120.41025366133073,23.289465018246304],[120.41124765281334,23.290863708856236]],[[120.43832280125032,23.29054084793949],[120.43906157015884,23.289891124606054]],[[120.39427990138657,23.268512530846433],[120.39569708677975,23.268269296528114]],[[120.43646528832917,23.29171475283777],[120.43739966990508,23.290632354590766],[120.43832280125032,23.29054084793949]],[[120.37234398962941,23.29145551315113],[120.37190782904919,23.29119420951997],[120.37185084008078,23.29022795340348]],[[120.4390352967078,23.240394281652915],[120.43873700002733,23.240140428649596],[120.43925822443173,23.238979795507777]],[[120.44628832769138,23.239690478226418],[120.44675972803763,23.23838291529933]],[[120.43315386367252,23.24591718326452],[120.43542518594577,23.2445618992137]],[[120.37179968726473,23.29194989848367],[120.37300415218797,23.29294781747162]],[[120.44170279710072,23.292340625420703],[120.44213580142055,23.292522742322806]],[[120.44261122909276,23.24889167026329],[120.44329901511196,23.250144577867633]],[[120.44170279710072,23.292340625420703],[120.44205241454476,23.292870069382897]],[[120.44171932653016,23.249410251893977],[120.44261122909276,23.24889167026329]],[[120.4416898113324,23.249513698398335],[120.4416871570113,23.249470397951246]],[[120.43099182180008,23.247466944506407],[120.43177922521782,23.246641364341418]],[[120.42846206855745,23.246229988701135],[120.42943701985811,23.246152221120184],[120.43084650184288,23.246940501246094],[120.43168439421589,23.246609425775308]],[[120.37469708587729,23.2924670276394],[120.37658633061181,23.29213145845513],[120.37676470441026,23.29324039903528],[120.37827933752372,23.29371587883938],[120.37924655221764,23.293475938647624],[120.38039041218597,23.294672219357267]],[[120.43799230968192,23.246505396211212],[120.43728798674907,23.246013096504285]],[[120.43766260465327,23.295757321412353],[120.43746894110568,23.29488305510815],[120.43823187136363,23.29354044463994],[120.43761358043089,23.292560834234063]],[[120.43747136463952,23.246006263291925],[120.43991843129658,23.245801141387336],[120.44060624858413,23.24640397093143],[120.44126080369763,23.246157967952325],[120.44191599751444,23.247103777174036],[120.44165882978568,23.24848881163078],[120.44261122909276,23.24889167026329]],[[120.43728798674907,23.246013096504285],[120.43738833552204,23.24600935723391]],[[120.44510786381304,23.245902776325007],[120.44481338811318,23.24489954821628]],[[120.44329901511196,23.250144577867633],[120.44581399966421,23.247440161625615],[120.44505421608737,23.24600619617625]],[[120.38765308289445,23.292418806406868],[120.38612846680768,23.292665643684533],[120.38494967365794,23.29390467532603]],[[120.38492703030042,23.293962075451812],[120.38451187631215,23.294593665061313],[120.38296200173203,23.294718482631552]],[[120.37300415218797,23.29294781747162],[120.37469708587729,23.2924670276394]],[[120.37300415218797,23.29294781747162],[120.37423487235769,23.29295046120952],[120.37469708587729,23.2924670276394]],[[120.44481338811318,23.24489954821628],[120.44684312562362,23.245335478364563],[120.44768233258242,23.24496594327291]],[[120.43726202730517,23.245300406893318],[120.43692952521282,23.244781654071403]],[[120.43728798674907,23.246013096504285],[120.43719922204114,23.245385860935308]],[[120.43692952521282,23.244781654071403],[120.43620955300852,23.245077059923965],[120.43542518594577,23.2445618992137]],[[120.43489100411206,23.258362800746294],[120.43346184631704,23.257818226987144]],[[120.45160951495548,23.244390356707036],[120.45185600854958,23.245131581488206]],[[120.4514809217409,23.245333444355644],[120.45160951495548,23.244390356707036]],[[120.45160951495548,23.244390356707036],[120.45166380822849,23.243900721340193]],[[120.44382646595322,23.243794584494058],[120.44481338811318,23.24489954821628]],[[120.43149654668855,23.24634240798764],[120.43134287962019,23.24535546882771],[120.4298098997333,23.243736112017903]],[[120.4386389885918,23.24381262277944],[120.43881374586091,23.24443842442592],[120.44048229833454,23.245166582052434]],[[120.43864943623895,23.243706511850828],[120.43864329487963,23.243762108555778]],[[120.45166380822849,23.243900721340193],[120.45357048950615,23.243543847203238]],[[120.4415084775275,23.24942954624416],[120.44153344817536,23.24944113446978]],[[120.44156100179526,23.292281433425917],[120.44170279710072,23.292340625420703]],[[120.43864943623895,23.243706511850828],[120.43899778677782,23.243335294945577]],[[120.43692952521282,23.244781654071403],[120.43766137013209,23.243301252840237],[120.43725304728108,23.243103435860785]],[[120.43848622388926,23.24312268520498],[120.4384814358937,23.243051331402395]],[[120.43849728703967,23.243198105630068],[120.43849552443363,23.24318608948414]],[[120.43863605111977,23.243703495811946],[120.43864943623895,23.243706511850828]],[[120.43862500180653,23.243145900264686],[120.4385731896055,23.243686933042323]],[[120.43856976523067,23.242927495056655],[120.43861320473327,23.243083618618403]],[[120.4384814358937,23.243051331402395],[120.43856976523067,23.242927495056655]],[[120.45166380822849,23.243900721340193],[120.45182386534287,23.242917112565873]],[[120.44836690877047,23.24478625767114],[120.44925114990143,23.246291858569684]],[[120.44382646595322,23.243794584494058],[120.44658218609351,23.242876448323546],[120.4476410640593,23.243439910803577],[120.44831103496539,23.244757244414064]],[[120.43803839439302,23.242806313847947],[120.4384814358937,23.243051331402395]],[[120.43725304728108,23.243103435860785],[120.43754944163734,23.24260338143209],[120.43799282152578,23.242765763066185]],[[120.44343143424717,23.243668715282123],[120.44382646595322,23.243794584494058]],[[120.44151976423586,23.242486381263816],[120.44203545299007,23.243490385026806],[120.443280393432,23.243602209995476]],[[120.45144083776691,23.242437260701507],[120.45182386534287,23.242917112565873]],[[120.45055334695556,23.242391320594553],[120.45144083776691,23.242437260701507]],[[120.43899778677782,23.243335294945577],[120.44032075753569,23.24308938040805],[120.44042162991825,23.242360653644123],[120.44151976423586,23.242486381263816]],[[120.45182386534287,23.242917112565873],[120.45258261400373,23.242935517672898],[120.4532983727191,23.242323999641236]],[[120.44151976423586,23.242486381263816],[120.442123189312,23.24155851376601]],[[120.43307037488037,23.244280422241612],[120.43237947333026,23.243239659260848],[120.43311091696198,23.241030208714836]],[[120.43542518594577,23.2445618992137],[120.43457681793687,23.243879476110553],[120.43448436459175,23.24299206987124],[120.43376849876731,23.24266675133209],[120.43436330058816,23.241700524040684],[120.43392644412832,23.24080512550427]],[[120.43311091696198,23.241030208714836],[120.43392644412832,23.24080512550427]],[[120.43910765283836,23.241303079870704],[120.4390352967078,23.240394281652915]],[[120.43856976523067,23.242927495056655],[120.43917271122612,23.241492289475964]],[[120.442123189312,23.24155851376601],[120.44295233898923,23.24022287204159]],[[120.44874407283436,23.240064642799663],[120.44977030072597,23.24155344469133]],[[120.43311091696198,23.241030208714836],[120.43228449819024,23.239839995522345]],[[120.43392644412832,23.24080512550427],[120.43374625827721,23.23976617852372]],[[120.4506071922774,23.24185767120699],[120.45144083776691,23.242437260701507]],[[120.44994469434737,23.240683950114786],[120.4506373900622,23.241260731695174],[120.45056029902645,23.241821723681202]],[[120.45017623955233,23.239800965975302],[120.44993098838158,23.240573587007855]],[[120.44769978332113,23.239772109431424],[120.44874407283436,23.240064642799663]],[[120.43910605764185,23.24338668551203],[120.43985088347833,23.24377618473445],[120.43998354687548,23.244695334569958]],[[120.43899778677782,23.243335294945577],[120.4390599814039,23.243364815523748]],[[120.44834171001969,23.24100903592507],[120.44769978332113,23.239772109431424]],[[120.45017623955233,23.239800965975302],[120.45179347058871,23.239747834324643]],[[120.44628832769138,23.239690478226418],[120.44769978332113,23.239772109431424]],[[120.44538394685144,23.239565451105904],[120.44628832769138,23.239690478226418]],[[120.44489912941194,23.240899230865654],[120.44538394685144,23.239565451105904]],[[120.44411406330357,23.24117673785324],[120.44483185024967,23.240946524534085]],[[120.442123189312,23.24155851376601],[120.442922330851,23.241234001586573],[120.44321118971257,23.24187380163192],[120.44408130713744,23.2412778458862]],[[120.45179347058871,23.239747834324643],[120.4551478276613,23.240393596823726]],[[120.4551478276613,23.240393596823726],[120.45565428658709,23.239514991998647]],[[120.44986462800445,23.239332643717184],[120.45017623955233,23.239800965975302]],[[120.44874407283436,23.240064642799663],[120.44986462800445,23.239332643717184]],[[120.44529285735081,23.239498949395553],[120.44463882217238,23.239188163469226]],[[120.44538394685144,23.239565451105904],[120.44535761217406,23.239546224958865]],[[120.43761358043089,23.292560834234063],[120.43823000872493,23.29187908249916],[120.43832280125032,23.29054084793949]],[[120.41005803546142,23.29158831439768],[120.41049360372254,23.29111142499627],[120.41099447605319,23.291734041547357]],[[120.4551478276613,23.240393596823726],[120.45630074597321,23.240891864946366],[120.45907542525133,23.23982230444783],[120.45885277146357,23.2392120893479],[120.45987725969525,23.238400675544202]],[[120.43561360435083,23.239285235077386],[120.43658740924704,23.238259391611745]],[[120.43925822443173,23.238979795507777],[120.43910663900503,23.23862262641007],[120.43658740924704,23.238259391611745]],[[120.44986462800445,23.239332643717184],[120.45042033784713,23.239088515926717],[120.45025401284445,23.238094755634485]],[[120.43658740924704,23.238259391611745],[120.43613538516787,23.23803884944273]],[[120.43925822443173,23.238979795507777],[120.43997726996355,23.23793271026057]],[[120.43447137859714,23.238925378834594],[120.43405267974454,23.237742567318744]],[[120.43725304728108,23.243103435860785],[120.43664836687033,23.243223190414792],[120.43535240105703,23.242387958306157],[120.43552578905789,23.240725015054817],[120.4351861111563,23.240299460121847],[120.43558090339798,23.239851674772073],[120.4345368318948,23.238985253866826]],[[120.44675972803763,23.23838291529933],[120.44663643763366,23.237436707561336]],[[120.42039248256506,23.25797871494248],[120.42216773717625,23.25774816849633],[120.42355400578731,23.258405523695494]],[[120.44675972803763,23.23838291529933],[120.44769035390946,23.23818749577969],[120.44793944722129,23.23738026431954]],[[120.43569780842545,23.23805457593688],[120.43545251836743,23.237223849421454],[120.43473969302826,23.237397391313113],[120.43456658504341,23.23791593267088],[120.43405267974454,23.237742567318744]],[[120.43613538516787,23.23803884944273],[120.43575806391374,23.238130308450287]],[[120.43914343711766,23.240320754417482],[120.43996210498214,23.240309496548203],[120.44138484099827,23.239260350612774],[120.44235551166078,23.237211923717165],[120.4429010726884,23.237161904648996]],[[120.4390352967078,23.240394281652915],[120.43909972589813,23.240350474736463]],[[120.43405267974454,23.237742567318744],[120.43316639510809,23.237048728300692]],[[120.43346184631704,23.257818226987144],[120.43265501682414,23.25791014750905]],[[120.43614509636697,23.237916832395733],[120.43602073840565,23.235618732797615]],[[120.43613538516787,23.23803884944273],[120.43613760991157,23.238010896519487]],[[120.43602073840565,23.235618732797615],[120.43369328242439,23.235371248345]],[[120.43602073840565,23.235618732797615],[120.4363977391737,23.235008361899606],[120.43797687764074,23.235203520798507],[120.43836548426926,23.234730870985103],[120.43739711005206,23.23275693739465]],[[120.43551278930424,23.232779652135882],[120.43641347733768,23.232439729855738],[120.43739711005206,23.23275693739465]],[[120.43761513419159,23.23187288061319],[120.43846644659472,23.232144470325228]],[[120.43739711005206,23.23275693739465],[120.43761513419159,23.23187288061319]],[[120.43762002273554,23.231484659380346],[120.43846644659472,23.232144470325228]],[[120.43761513419159,23.23187288061319],[120.43762002273554,23.231484659380346]],[[120.43762002273554,23.231484659380346],[120.4371105436652,23.231245865415442]],[[120.43846644659472,23.232144470325228],[120.43918633596924,23.230819748915692]],[[120.44171165736753,23.29346027117855],[120.44221105621126,23.293690026937544]],[[120.45092845410376,23.293747824336457],[120.45130004587396,23.293758151718272],[120.45151757729784,23.295467695986805],[120.45258925971633,23.295714593818513]],[[120.4526364722035,23.295745714955448],[120.45277681849338,23.295833259955995]],[[120.45031070495702,23.29386304405521],[120.45071749481126,23.294214348881447],[120.45092845410376,23.293747824336457]],[[120.44989316665172,23.294272411801725],[120.45031070495702,23.29386304405521]],[[120.44952562243398,23.294528457010003],[120.44989316665172,23.294272411801725]],[[120.45107532758486,23.29743904368345],[120.45045728357242,23.296691967337818],[120.45044516214976,23.295006830799263]],[[120.45041842439214,23.294943469699163],[120.44989316665172,23.294272411801725]],[[120.47405546998883,23.295537919725234],[120.47507264810525,23.29455711161491],[120.47582977360709,23.29490501206903],[120.47663929491445,23.294614251563537],[120.47845122237227,23.29493856349594],[120.47928730630932,23.296045187011064]],[[120.38039041218597,23.294672219357267],[120.38201930899983,23.294414568736112],[120.38244789283398,23.29510694070197]],[[120.45423244236531,23.295027946260635],[120.45474614572434,23.29477465278837],[120.45545119851289,23.295323370497037],[120.45674291825617,23.295271410056124],[120.4569726013377,23.296330889390862],[120.45783546183804,23.296446733239584],[120.45763615612503,23.297269970419638],[120.46034669512011,23.298082896255725],[120.46074784686893,23.29862377349575]],[[120.45277681849338,23.295833259955995],[120.45369488554259,23.2956499936257]],[[120.41898868846692,23.259192476549206],[120.41940319234656,23.25876656077668]],[[120.41944244104958,23.258719155233567],[120.42039248256506,23.25797871494248]],[[120.41108112793307,23.27238349089971],[120.41097276254146,23.271482476656956],[120.41177686333715,23.27061872580342],[120.41313601363188,23.271386708656475],[120.41335180960402,23.27065844519054],[120.41441769554169,23.269946878768746],[120.4137185109375,23.269759196148808],[120.41422119668363,23.26920805438292],[120.41344922729411,23.268512237619316],[120.41421239995603,23.268399953796294],[120.41431914637225,23.26767128258105],[120.41555864078947,23.26775487373846],[120.41482560208173,23.26676352059888],[120.41575664031348,23.266541248718987],[120.41599578869207,23.26564378038349],[120.41765753967228,23.264552924366555],[120.41722529477033,23.263237659082144],[120.41763717039458,23.26281304938371]],[[120.41769737350158,23.2627853124511],[120.41753124598347,23.261624898435876],[120.4169052590706,23.26144201938341],[120.41843043359465,23.26051315023314],[120.41827342748162,23.259614210987746]],[[120.40327348264742,23.26345200905242],[120.40299769731124,23.265455298087943],[120.4034262734874,23.26595799798592]],[[120.39719708105414,23.265988555898225],[120.3966919659435,23.264320884577717]],[[120.42774053328239,23.264673196345374],[120.42779970255785,23.26584941352358],[120.4260097608864,23.267481665492774],[120.42621736996875,23.26804220502263],[120.42495693824749,23.268546699518147]],[[120.42493076584341,23.26859951149596],[120.42396526303793,23.26872472901588],[120.42243562856831,23.270314985199885],[120.42218008689254,23.271266585834116],[120.4205232096727,23.27227850620786],[120.42110893160341,23.272772725126853],[120.42091071645274,23.27380805137399],[120.41931755824379,23.27453352410492]],[[120.39292741970678,23.268125523352943],[120.39377812653976,23.267709692953133]],[[120.39384508522302,23.267679975947402],[120.39475532049728,23.267094256550944],[120.39484865641356,23.265498839297045]],[[120.4537779730861,23.266884685983918],[120.4549969632664,23.26676699276476],[120.45488850979778,23.266076352409815]],[[120.45491679767807,23.266031144437115],[120.45583168825085,23.266117509552377],[120.4568007362031,23.267251733036936],[120.45916434998365,23.267560030842677],[120.46071541827595,23.269389205557147],[120.46153169183427,23.269423581628693],[120.46455698364787,23.27188075527842]],[[120.39569708677975,23.268269296528114],[120.39803653756803,23.268573893256626],[120.3995024174591,23.266651879767537],[120.40017057180648,23.26674018705692],[120.4017906435216,23.265816390709023],[120.4034262734874,23.26595799798592]],[[120.4034262734874,23.26595799798592],[120.40357588363842,23.266115982377304]],[[120.4515353091393,23.24161803061175],[120.45179347058871,23.239747834324643]],[[120.45157843713375,23.24181699124766],[120.45156589001631,23.241704588467336]],[[120.44299447365724,23.250163719610004],[120.44329901511196,23.250144577867633]],[[120.44267922836448,23.250133687824224],[120.44275737723663,23.25014824201051]],[[120.4294211087897,23.25392365056743],[120.43212247951598,23.25269664706132]],[[120.45551419676184,23.271953748807533],[120.4544341337943,23.271602405301213],[120.45419591562784,23.270411996994135],[120.45313048875535,23.26992751759257],[120.45241897262207,23.26756846007292]],[[120.43346184631704,23.257818226987144],[120.43230343092092,23.257200131670434],[120.43206310984641,23.256400225334456]],[[120.43907516508058,23.257000744878702],[120.44109536342201,23.257280976181296],[120.44125851201946,23.25765173384123]],[[120.40357928934131,23.272136364490233],[120.40418178214038,23.27129221086176],[120.40405218069353,23.26949955082398],[120.40595449640874,23.268994346848174]],[[120.43622415874444,23.269283572407616],[120.43792119505504,23.269513081392045]],[[120.42611926983868,23.270055276566513],[120.42528568372488,23.270034192629826],[120.42481058588913,23.270608052081894],[120.42440365768203,23.269951983660235]],[[120.42669292854488,23.270280820120682],[120.42611926983868,23.270055276566513]],[[120.42611926983868,23.270055276566513],[120.42635803728442,23.27051435535151]],[[120.40522362904116,23.271779169436705],[120.40423044233376,23.269976480596007]],[[120.40357928934131,23.272136364490233],[120.40342456488729,23.270038894854082]],[[120.42705678628536,23.271688378864404],[120.42669292854488,23.270280820120682]],[[120.42669292854488,23.270280820120682],[120.4274417939066,23.271041954771377],[120.42850426244601,23.271142860381637]],[[120.4548193336002,23.270513466873087],[120.45566770462676,23.271227432194465],[120.45551419676184,23.271953748807533]],[[120.40522362904116,23.271779169436705],[120.40662784030862,23.270552052986794]],[[120.43535408004817,23.270955330911367],[120.43724641921007,23.274264480756614]],[[120.43732606453757,23.274273184649466],[120.4376280322527,23.27463823105366]],[[120.42584731169737,23.27211511776846],[120.42380469310481,23.27184359212613]],[[120.45551419676184,23.271953748807533],[120.4595893135382,23.273994769967324],[120.46024937814038,23.274793848683583],[120.46103200078903,23.274703966002658],[120.46114296170414,23.275266412015863]],[[120.40484534853535,23.27466238472344],[120.40531056723388,23.27368453545949],[120.40428055813592,23.272166423547617]],[[120.40429930008787,23.272117237798934],[120.40522362904116,23.271779169436705]],[[120.38859878293803,23.27453254922803],[120.38794884616873,23.27311256823577],[120.38861041332541,23.27195949201404]],[[120.40381254144619,23.27497222599871],[120.401735597915,23.27427141383559],[120.40234714001438,23.27348243767635]],[[120.40240659723325,23.273439942727986],[120.40323453463255,23.27259028556794]],[[120.40333547835033,23.272441346795084],[120.40357928934131,23.272136364490233]],[[120.41763210348438,23.273103022715866],[120.41831718966141,23.27247353717752]],[[120.41723291900652,23.274361058426177],[120.41763210348438,23.273103022715866]],[[120.41763210348438,23.273103022715866],[120.41965749672393,23.273803444999448]],[[120.44936451443412,23.274085888004112],[120.45169116935757,23.27524293595749]],[[120.43655525498106,23.274580231087917],[120.43217728973532,23.274785744014203]],[[120.38859878293803,23.27453254922803],[120.38953668132467,23.275220084949257]],[[120.43217728973532,23.274785744014203],[120.43148385808072,23.27493673472695]],[[120.43249951227878,23.276096099382446],[120.43217728973532,23.274785744014203]],[[120.44912526381738,23.275917959010886],[120.44995335483941,23.27616237454301],[120.44995622142744,23.277166874289435],[120.45149805334997,23.27904352996284],[120.45316352292551,23.279015452685446],[120.45205005715205,23.27978358099668],[120.45292860205574,23.27998752943043],[120.45216889722812,23.280637248118023],[120.45331483319445,23.280708943859334],[120.45313775853248,23.28165413501973],[120.4541689371422,23.281418435552293]],[[120.42404732982219,23.27623699932315],[120.42462301057908,23.276629596937404]],[[120.42047493947317,23.278375024757906],[120.42013878708605,23.278005862906067],[120.42054789287077,23.276912623208002]],[[120.43612714548459,23.29194829515729],[120.43761358043089,23.292560834234063]],[[120.44723110809345,23.2770309456741],[120.44525039200089,23.27809168435908]],[[120.42047493947317,23.278375024757906],[120.42057240683344,23.277398012859564]],[[120.45031070495702,23.29386304405521],[120.44977216558752,23.293211055677855],[120.45008154624149,23.291914189170964],[120.45094486624448,23.29251990804356],[120.45092845410376,23.293747824336457]],[[120.42682442344126,23.277712051672918],[120.42699775907364,23.278026071594525]],[[120.42706974439747,23.278036848277516],[120.42781389031093,23.278056491357333]],[[120.42790246596715,23.278092733398385],[120.427793434638,23.27864104186228],[120.42842086883321,23.279078968440654],[120.42785256886171,23.27948546702749],[120.42785964506605,23.280392906033942]],[[120.44389107439359,23.277996607568213],[120.44391380763018,23.277989969338712]],[[120.44397753965104,23.27797135921574],[120.44525039200089,23.27809168435908]],[[120.44814288205605,23.278058941044048],[120.44877381883708,23.278550976204475]],[[120.41005803546142,23.29158831439768],[120.41033900519136,23.292329736848227],[120.41156125238257,23.292178584986093],[120.41161059260082,23.293099713502944],[120.41252607744971,23.29302414774553],[120.4125182034753,23.293965377393917],[120.41483085791013,23.295129738146795],[120.41497000920546,23.295960920700953],[120.41679904275709,23.29603997667739]],[[120.45423244236531,23.295027946260635],[120.4552377566308,23.293464858883063],[120.4544360267577,23.291947422190017],[120.45348653176761,23.291273703536483]],[[120.44525039200089,23.27809168435908],[120.44452631548914,23.278583478025862]],[[120.41991275156484,23.28312212404854],[120.4192996826589,23.281715875101813],[120.41979857602784,23.28099992138265],[120.4198786929379,23.279476602835143],[120.42071498281493,23.27885443572641],[120.42047493947317,23.278375024757906]],[[120.44833534009892,23.278479467928054],[120.44881174594187,23.278894215245117]],[[120.44705589963287,23.28011602752328],[120.4471309616323,23.282292307010586]],[[120.39961327268897,23.279989715089297],[120.40000667033179,23.280896331530414],[120.40139207524322,23.28064880881148],[120.40201567185017,23.282359850381656],[120.40230049253574,23.281850815125797],[120.40294416168732,23.28184197470104],[120.40347135493003,23.282595611377573],[120.40380660317253,23.280980752625794],[120.40533074615199,23.281466314472354]],[[120.40539503069826,23.281432878829126],[120.4060264927237,23.28126001235806]],[[120.43385808630957,23.28926300827857],[120.43273295578307,23.287687899173296],[120.43154555981094,23.287579778476978],[120.43121141658841,23.286781413114443]],[[120.4311586692246,23.2866162345509],[120.43083791154706,23.285730786226868],[120.43184067833742,23.284935343457185],[120.43143341088134,23.284504996423816],[120.43007037679111,23.284949258640708],[120.42994594611739,23.28463053721324],[120.43041654530171,23.28319212050984],[120.43117989373077,23.283129419058596],[120.43122464565845,23.281930983878492],[120.43029167993045,23.281194010033172],[120.42933877063382,23.28140048618303],[120.42867575176786,23.28014079959718],[120.42785964506605,23.280392906033942]],[[120.42785964506605,23.280392906033942],[120.42846081530952,23.280661444707288],[120.42829602260707,23.28120484214937],[120.42676447697299,23.281768089320316],[120.42671675805497,23.282393168638126],[120.42597314648846,23.282787727189145],[120.42495043823585,23.2828539624619],[120.42497563359501,23.283463506284996]],[[120.40598735615411,23.280553370042934],[120.40642800593157,23.280485061170967],[120.40667734586366,23.28118346796127]],[[120.40545632697467,23.280483649161297],[120.40598735615411,23.280553370042934]],[[120.4060264927237,23.28126001235806],[120.40598735615411,23.280553370042934]],[[120.43937461642349,23.281623861504233],[120.44017406661612,23.28073959240898]],[[120.45814465316141,23.283163496586784],[120.45693615985907,23.282004780729892]],[[120.4537483316947,23.295710519351488],[120.45418354548995,23.295993264152216]],[[120.45422889857839,23.295948126907092],[120.45423244236531,23.295027946260635]],[[120.46820925175996,23.297732717371034],[120.46907942751236,23.295376732963707],[120.47061960314903,23.295226165834304],[120.4726261800333,23.296140360675594],[120.47405546998883,23.295537919725234]],[[120.47405546998883,23.295537919725234],[120.47569557203084,23.296389904682286]],[[120.45546021412835,23.295754550391415],[120.45663866140472,23.296842146943675]],[[120.45689022931901,23.281966972042913],[120.45641539537031,23.28114629205049],[120.4553208325076,23.281851305921297],[120.45439088029458,23.281445434949145]],[[120.45429771176828,23.281430549658253],[120.4541689371422,23.281418435552293]],[[120.45107532758486,23.29743904368345],[120.45233288282729,23.296809131294584],[120.4527547100908,23.295982153448566]],[[120.45276402186886,23.29591944145192],[120.45277681849338,23.295833259955995]],[[120.4541689371422,23.281418435552293],[120.45416694077973,23.2815151514686]],[[120.45417386485637,23.281582047464884],[120.45581870855241,23.283586630311458]],[[120.3634017928116,23.297425661389727],[120.36346618929626,23.29675332025539],[120.36517507573265,23.29627494404574],[120.36584261847653,23.295557633628505]],[[120.44341453334224,23.29871903660236],[120.4433973930755,23.29870368417695]],[[120.4060264927237,23.28126001235806],[120.40719980009763,23.28190999260457],[120.40722373673113,23.28280689246101]],[[120.44332091920838,23.298635186961416],[120.44324986365307,23.29612030160077],[120.44164560766032,23.2962748819626]],[[120.47276617792986,23.297910593888176],[120.4739039952944,23.298104023528154],[120.47548129737068,23.29731922028774],[120.47569557203084,23.296389904682286]],[[120.47569557203084,23.296389904682286],[120.47718753470929,23.29739036784087]],[[120.46820925175996,23.297732717371034],[120.47070747186392,23.297221957277003],[120.4713400111987,23.296553652318597],[120.47276617792986,23.297910593888176]],[[120.4607670568733,23.29866898595157],[120.46202054027849,23.29929404437625],[120.4639952384453,23.297670995803788],[120.46433481729763,23.296861769871402],[120.46614842251475,23.29689954468962]],[[120.45663866140472,23.296842146943675],[120.45558873782326,23.29754053806357],[120.45586074842029,23.2983789475374],[120.45506313325883,23.29919107475932],[120.4550156901579,23.30014801707971],[120.45651122359496,23.30136313238092],[120.457959625357,23.300758658901447],[120.4589399919792,23.301019371284546]],[[120.40729223197054,23.282832312200526],[120.40792631811176,23.283255753459024],[120.40688624633441,23.28398992782933],[120.40786672294794,23.284533093499746],[120.40760114660924,23.285274704046433],[120.40818421592843,23.28545747860178],[120.40840558054269,23.286525965027252],[120.40943227874276,23.28741690875221],[120.4089468980046,23.287997437279753],[120.40961463426508,23.289451327743866]],[[120.45139125553352,23.282264306518954],[120.45249575010139,23.282534157846737]],[[120.45255538678501,23.282552701410165],[120.45442086383177,23.283340265761122]],[[120.43525089760708,23.283130530559582],[120.4353414901068,23.28278093134991]],[[120.45663866140472,23.296842146943675],[120.45725875841676,23.297726905023183],[120.46074784686893,23.29862377349575]],[[120.45051586448724,23.29785017382035],[120.45107532758486,23.29743904368345]],[[120.46442936756611,23.300309050733933],[120.46552632698275,23.299825200800328],[120.46627488707531,23.30003090761352],[120.46820925175996,23.297732717371034]],[[120.45051586448724,23.29785017382035],[120.45190756806412,23.297929533171537],[120.45280422199123,23.30000939753333],[120.45351421733169,23.300479137456424]],[[120.4714941053777,23.298904070981916],[120.4726918709771,23.29882231455616],[120.47173858560949,23.297992923537617],[120.47276617792986,23.297910593888176]],[[120.45035605434623,23.299246890995274],[120.45051586448724,23.29785017382035]],[[120.3443510964549,23.299528368499256],[120.34549137046696,23.298713744174936],[120.34605960096025,23.299208110841658],[120.34775207709956,23.29810007293699],[120.3482621639815,23.29849713915573]],[[120.46074784686893,23.29862377349575],[120.4607670568733,23.29866898595157]],[[120.4607670568733,23.29866898595157],[120.46110032572173,23.299516629001896],[120.46309271429014,23.301051667620765],[120.46417285797055,23.30108695984292],[120.46442936756611,23.300309050733933]],[[120.44492757106755,23.29907202084278],[120.44528781030718,23.299380156598488]],[[120.44534102663737,23.29941569436545],[120.44675583017562,23.299726327355927],[120.44711951150265,23.300513155331846]],[[120.46442936756611,23.300309050733933],[120.46416585869645,23.299687381943805],[120.46554541849068,23.29927447308728]]]}},{"type":"Feature","properties":{"NAME":"龜頭坑","FROM":""},"geometry":{"type":"MultiLineString","coordinates":[[[120.58475695295874,23.20757852131682],[120.5854643904567,23.208388672743496],[120.58526500660345,23.20963211390049]],[[120.58428786778792,23.208220754271878],[120.58475695295874,23.20757852131682]],[[120.58833373134222,23.205465578977144],[120.58822382925274,23.208158892595865]],[[120.58320489775251,23.207861191460896],[120.58357374399851,23.206575239191878],[120.58539573744592,23.205324698782842]],[[120.59283155687014,23.200244142983628],[120.59296198998734,23.200167722102993]],[[120.58526500660345,23.20963211390049],[120.58539192854515,23.210704765434347]],[[120.58539573744592,23.205324698782842],[120.58761652828616,23.204021043571398]],[[120.58797094760308,23.203351482687857],[120.58761652828616,23.204021043571398]],[[120.58428786778792,23.208220754271878],[120.58526500660345,23.20963211390049]],[[120.59346417012142,23.197209477635994],[120.59414395097733,23.195174974074323],[120.59373947560628,23.192936723451133]],[[120.58381086398403,23.209036811976112],[120.58428786778792,23.208220754271878]],[[120.5869135352039,23.194727396032214],[120.58733649454076,23.194184430630397],[120.58944848379171,23.193984467082696]],[[120.58929912047857,23.202260030138998],[120.58673937165922,23.20144745699354],[120.58664201674765,23.198921075170727],[120.58716217475754,23.1976334192027],[120.5887155424898,23.196788644824437],[120.58944848379171,23.193984467082696]],[[120.58309115795957,23.194478114096647],[120.58102724300238,23.193865411586618]],[[120.57872616998068,23.197475831433387],[120.58005403895262,23.196156471542245],[120.58268783682031,23.195836078504183],[120.58309115795957,23.194478114096647]],[[120.58598135287271,23.19577019876446],[120.5869135352039,23.194727396032214]],[[120.5869135352039,23.194727396032214],[120.58536345817724,23.19522227097915],[120.58309115795957,23.194478114096647]],[[120.59085405401403,23.201607110009025],[120.59141981525897,23.201089339674876]],[[120.59141981525897,23.201089339674876],[120.59087316719823,23.20318064565825]],[[120.58598135287271,23.19577019876446],[120.58722805636893,23.196030794278073]],[[120.59305675984628,23.199592311471207],[120.59346417012142,23.197209477635994]],[[120.59374128153111,23.198822013859093],[120.59346417012142,23.197209477635994]],[[120.59085405401403,23.201607110009025],[120.5903925137022,23.202371216163414]],[[120.5895638513066,23.2022381394894],[120.59085405401403,23.201607110009025]],[[120.59305675984628,23.199592311471207],[120.59374128153111,23.198822013859093]],[[120.59296198998734,23.200167722102993],[120.59377102250905,23.19965057780854],[120.59374128153111,23.198822013859093]],[[120.58335161168647,23.200266957731184],[120.58553585556697,23.198945281455817]],[[120.59634558532736,23.190186924487104],[120.59767901974912,23.189190223122154],[120.59751356139483,23.190478856350833],[120.5982158035557,23.191151124338194]],[[120.5959950458113,23.190524662513877],[120.59634558532736,23.190186924487104]],[[120.5959950458113,23.190524662513877],[120.59634558532736,23.190186924487104]],[[120.59549761317777,23.19137674321947],[120.5959950458113,23.190524662513877]],[[120.59373947560628,23.192936723451133],[120.59452605118157,23.19147585220725],[120.59549761317777,23.19137674321947]],[[120.59458681595532,23.202652888624694],[120.59478479450418,23.200951230478832],[120.59431518640304,23.199247884355977],[120.59502606955373,23.197129946213654],[120.59457631841192,23.194248232622474],[120.59549761317777,23.19137674321947]],[[120.58944848379171,23.193984467082696],[120.59054871121549,23.192777270502397],[120.59153785444207,23.1925766408365],[120.592894497313,23.19344927640774],[120.59373947560628,23.192936723451133]],[[120.5853111331287,23.199342007436133],[120.58553585556697,23.198945281455817]],[[120.59296198998734,23.200167722102993],[120.59305675984628,23.199592311471207]],[[120.59141981525897,23.201089339674876],[120.59175521314624,23.20053711208252],[120.59283155687014,23.200244142983628]],[[120.59283155687014,23.200244142983628],[120.59338280701078,23.202816864148357],[120.59458681595532,23.202652888624694]],[[120.58553585556697,23.198945281455817],[120.58648569401444,23.197410428199536],[120.58598135287271,23.19577019876446]],[[120.58761652828616,23.204021043571398],[120.58760787386232,23.204149699254124]],[[120.59087316719823,23.20318064565825],[120.59034172555252,23.203989721445456]],[[120.58760787386232,23.204149699254124],[120.58758910049292,23.207459554160224]],[[120.59818853777466,23.206181755509743],[120.59804133319953,23.205278239033422],[120.59497215307684,23.203541076701477],[120.59458681595532,23.202652888624694]],[[120.58915347760076,23.206296344266082],[120.59026799773768,23.205689608891102],[120.59005616282099,23.205199103616042],[120.59087316719823,23.20318064565825]],[[120.58929912047857,23.202260030138998],[120.5895638513066,23.2022381394894]],[[120.58833373134222,23.205465578977144],[120.5895638513066,23.2022381394894]],[[120.58320489775251,23.207861191460896],[120.58094105790049,23.2090947416564]],[[120.58797094760308,23.203351482687857],[120.58929912047857,23.202260030138998]],[[120.58315841194533,23.213532081485585],[120.58371189259587,23.21267567797478],[120.58381086398403,23.209036811976112]],[[120.58760787386232,23.204149699254124],[120.58833373134222,23.205465578977144]],[[120.58381086398403,23.209036811976112],[120.58320489775251,23.207861191460896]],[[120.58475695295874,23.20757852131682],[120.58539573744592,23.205324698782842]]]}},{"type":"Feature","properties":{"NAME":"礁雙溪","FROM":""},"geometry":{"type":"LineString","coordinates":[[120.57148103909564,23.170955407875002],[120.57256266157981,23.17012075386669],[120.57384764267309,23.166363107833668],[120.57387661695249,23.162267985439208],[120.57449114790033,23.160059477169085],[120.57384821124505,23.159107334230544],[120.57353197553253,23.157081464050986],[120.5750407351559,23.15590929747794]]}},{"type":"Feature","properties":{"NAME":"糞箕湖幹線","FROM":""},"geometry":{"type":"MultiLineString","coordinates":[[[120.44990934699354,23.341376903781914],[120.45100579630636,23.34251849942931]],[[120.45227791543779,23.342775803930937],[120.4526210136054,23.34414047875144]],[[120.44898078284939,23.34021557753397],[120.44990934699354,23.341376903781914]],[[120.4496874248587,23.34534689166446],[120.44982163057003,23.345338335859132]],[[120.4478707350247,23.345970283100318],[120.4496874248587,23.34534689166446]],[[120.4354336270864,23.32540476866513],[120.43540943653721,23.325406051327672]],[[120.43546889880308,23.322392972892825],[120.43635631947342,23.323373351969455]],[[120.43388825053162,23.322278620708115],[120.434866982507,23.321726865697425],[120.43539340889622,23.322388924147123]],[[120.43393673874164,23.324698673126534],[120.43388825053162,23.322278620708115]],[[120.43388825053162,23.322278620708115],[120.43182766900834,23.32035687084123]],[[120.43540943653721,23.325406051327672],[120.43392974184115,23.3254070688959]],[[120.4478707350247,23.345970283100318],[120.44563514111753,23.342700395447878]],[[120.45227791543779,23.342775803930937],[120.456830352739,23.34293394398382]],[[120.43560783804638,23.342508702079773],[120.43813596588231,23.342067701317127]],[[120.44800457691795,23.338729015055886],[120.44498071842638,23.33709890048315]],[[120.4510047119248,23.3385206427904],[120.44898078284939,23.34021557753397]],[[120.4385503386101,23.34199436956733],[120.43891670151882,23.341929206251002]],[[120.4446757510614,23.3370500251824],[120.4446383422722,23.33671926589384]],[[120.44469778892045,23.340560551300786],[120.44501846692302,23.338619083963803],[120.44468320405358,23.337106204661936]],[[120.44563514111753,23.342700395447878],[120.44540643488578,23.34233162539306]],[[120.45225958262178,23.34129262707103],[120.4538542794094,23.340894145292733]],[[120.43393404887428,23.325310404347242],[120.43393673874164,23.324698673126534]],[[120.44990934699354,23.341376903781914],[120.45086361936633,23.341163558181723]],[[120.45820350045001,23.351419810764995],[120.45684982840821,23.351192715198128]],[[120.44540643488578,23.34233162539306],[120.4447083803944,23.340624802478057]],[[120.44273958149283,23.341260177543152],[120.4447083803944,23.340624802478057]],[[120.44225272910427,23.34134291867494],[120.44264822910723,23.341277287651415]],[[120.45086361936633,23.341163558181723],[120.45225958262178,23.34129262707103]],[[120.43393247878069,23.325345642636837],[120.43393404887428,23.325310404347242]],[[120.47424754078125,23.341628436417988],[120.47719365659036,23.34070313340325],[120.47965671656857,23.341381853360645]],[[120.4446383422722,23.33671926589384],[120.44373726392175,23.335758920339437],[120.44383438210392,23.334991755325266],[120.44328317779163,23.33480824344601]],[[120.47163159500552,23.34804357195438],[120.47182379122987,23.34674169500993],[120.4729355612391,23.345898922143395],[120.47314765494959,23.343569986733876],[120.47397716935946,23.342723996612015],[120.47417596728131,23.34167378109002]],[[120.46457582583658,23.350675436732573],[120.46404751281985,23.350988325265877]],[[120.45225958262178,23.34129262707103],[120.45468782596751,23.34205962410856],[120.45593922693396,23.341319052451716]],[[120.4447083803944,23.340624802478057],[120.44470635528675,23.340612517549463]],[[120.45100579630636,23.34251849942931],[120.45227791543779,23.342775803930937]],[[120.46911174923707,23.352626611719238],[120.46889162724877,23.35331437606028],[120.47070076667116,23.353862306498],[120.4716212247748,23.353669029831106]],[[120.46102691947681,23.350716189173355],[120.46189081009565,23.350321878028517]],[[120.45100579630636,23.34251849942931],[120.45087343403786,23.344256231730967],[120.45158963658503,23.34541906175465]],[[120.44684822884314,23.340140301366155],[120.44678608310238,23.339699887680055],[120.44800457691795,23.338729015055886]],[[120.45834176558793,23.35124003104983],[120.45934843436702,23.35057046481845],[120.46093030945165,23.350731824834007]],[[120.45822465495317,23.351404082049278],[120.45822734224443,23.35140031764175]],[[120.44800457691795,23.338729015055886],[120.44971046219061,23.33916620824685]],[[120.44320582354615,23.334785070319892],[120.44193292634691,23.334461252961763],[120.44169012957262,23.333470301325313]],[[120.44166878114952,23.333367241725384],[120.4414846517684,23.33049343723668],[120.44078753058328,23.329874681986176],[120.44063718606412,23.328569386403757],[120.43992223537263,23.328443466216733]],[[120.43984375102855,23.32842740559013],[120.43918764024195,23.327653762673506]],[[120.45419131991066,23.350747585003305],[120.45487961154616,23.35176716312278],[120.45613245626396,23.351358433961096],[120.45717622286897,23.352122823520023],[120.45820350045001,23.351419810764995]],[[120.4547103338748,23.349974058064078],[120.45421372566747,23.350584003746913]],[[120.43556883461783,23.325397599447435],[120.43550332402198,23.32540107308314]],[[120.45480996126784,23.349866174164422],[120.45477481964463,23.349904228137326]],[[120.43813323465243,23.32533688674053],[120.43556883461783,23.325397599447435]],[[120.45086361936633,23.341163558181723],[120.45230287827387,23.339978971612194]],[[120.45681757747641,23.35101291362955],[120.45656229912194,23.350052888938475],[120.45480996126784,23.349866174164422]],[[120.4496874248587,23.34534689166446],[120.45140703204399,23.34664644937626]],[[120.46628178368182,23.35000286430815],[120.46753407639287,23.350309637849648],[120.4686035589426,23.34958187897899],[120.46984176981867,23.34948224900862],[120.47051799332651,23.349778009633077],[120.47044872951805,23.350274407303356]],[[120.46416259110721,23.351364077426258],[120.4640443818815,23.35167245488271]],[[120.46403317920648,23.351060017805494],[120.46411132657256,23.351327227005196]],[[120.44493675420696,23.337041952783988],[120.4446383422722,23.33671926589384]],[[120.44684822884314,23.340140301366155],[120.44898078284939,23.34021557753397]],[[120.46247916321713,23.349028145298213],[120.46336948341518,23.349060557326013],[120.46370112611729,23.349829220689493],[120.46463232510773,23.349992696522172],[120.46463188994045,23.350523554335652]],[[120.47202245791374,23.348580696647474],[120.47163159500552,23.34804357195438]],[[120.47151111710173,23.351210323897586],[120.4721989701734,23.350716019253596],[120.47211993198626,23.34859784003167]],[[120.4391470329707,23.327555612355827],[120.43813323465243,23.32533688674053]],[[120.47163159500552,23.34804357195438],[120.47133620621875,23.34943088329296]],[[120.44540643488578,23.34233162539306],[120.44650496878653,23.341369365188488],[120.44684822884314,23.340140301366155]],[[120.44563514111753,23.342700395447878],[120.44882405665348,23.344729825654216]],[[120.43891670151882,23.341929206251002],[120.44225272910427,23.34134291867494]],[[120.46849648672348,23.345989967717156],[120.46524742781551,23.348504910084877]],[[120.4547319777573,23.34983889602076],[120.45236406636695,23.349444489974168],[120.45049202582145,23.3485123594747],[120.4478707350247,23.345970283100318]],[[120.45480996126784,23.349866174164422],[120.45479002053305,23.34985919902498]]]}},{"type":"Feature","properties":{"NAME":"鍾連溪","FROM":""},"geometry":{"type":"MultiLineString","coordinates":[[[120.63234903809926,23.339981389672015],[120.6322658067365,23.338578898773918]],[[120.6432403411873,23.350345784490013],[120.6430904156455,23.350522390745983]],[[120.6430904156455,23.350522390745983],[120.64078064980173,23.35255922394064],[120.64131902005698,23.353350556513053],[120.64058013692667,23.356347109544362]],[[120.63187755065444,23.34065683961072],[120.63446731654147,23.34005358609186]],[[120.64058013692667,23.356347109544362],[120.64143725152013,23.35679842766271]],[[120.63234903809926,23.339981389672015],[120.6344476834293,23.338744566675796],[120.63874027473693,23.337315318905038],[120.63961162939876,23.336314966270173],[120.64128297551892,23.335605993640296],[120.64241562919064,23.33419085322176]],[[120.63074282911627,23.341602338385652],[120.63177852651371,23.343415294154493]],[[120.6432403411873,23.350345784490013],[120.64569480295486,23.350229842427854],[120.64820201645139,23.350990832082825],[120.64899547593555,23.350660436459815]],[[120.63426515705993,23.3422936966906],[120.63522354260552,23.344236530168747],[120.63883739786404,23.344556572479533],[120.6423707817765,23.348253388216886],[120.64250974176757,23.34951058545449],[120.6432403411873,23.350345784490013]],[[120.64058013692667,23.356347109544362],[120.64148488215693,23.358762003459773],[120.64217691386405,23.359078805505984]],[[120.65092307734822,23.35307894851924],[120.65225876063329,23.353513409230352],[120.65257350297317,23.354209095901627]],[[120.64899547593555,23.350660436459815],[120.6503302357334,23.351427765646214],[120.65092307734822,23.35307894851924]],[[120.65257350297317,23.354209095901627],[120.65373591149151,23.357566966986678]],[[120.65247897797177,23.34715043901332],[120.65515826228143,23.344991874082893],[120.65795013636072,23.344297679245066]],[[120.65247897797177,23.34715043901332],[120.65253547129632,23.346538885284215]],[[120.64217691386405,23.359078805505984],[120.64281208083233,23.36026253500341],[120.64379925070878,23.36078449018798]],[[120.6430904156455,23.350522390745983],[120.64310874793077,23.354165698645144],[120.64394351232951,23.35571625263924]],[[120.64217691386405,23.359078805505984],[120.64563492877602,23.359287624987505]],[[120.65257350297317,23.354209095901627],[120.6565709448952,23.353901647890996],[120.65807770522592,23.352820103433125]],[[120.65092307734822,23.35307894851924],[120.65059532672484,23.35573384136475],[120.65115427015427,23.35671360399446]],[[120.62322090581934,23.341763851688373],[120.6236995830147,23.341237680948538]],[[120.64899547593555,23.350660436459815],[120.64950899191612,23.350139178356272],[120.65119705730983,23.350264900232244],[120.65129551575832,23.348888201832654],[120.65213125896884,23.348238177644692],[120.65247897797177,23.34715043901332]],[[120.63143468921902,23.34111166835283],[120.63187755065444,23.34065683961072]],[[120.62214090338047,23.34233430624083],[120.62313195490187,23.34187549003308]],[[120.62428920829055,23.341636347516012],[120.62416797010741,23.342928110720866],[120.62518053094065,23.344779591810852],[120.62525605292471,23.346293794047273],[120.62698431009267,23.34766527657459]],[[120.62440363271435,23.3413083399027],[120.62429614206438,23.341593957606772]],[[120.62808941257494,23.341886963025487],[120.62857996637435,23.343997460327255],[120.63022361317854,23.34544914047142],[120.63100022213212,23.347540565114958],[120.63220722880669,23.348224493961713]],[[120.63187755065444,23.34065683961072],[120.63234903809926,23.339981389672015]]]}},{"type":"Feature","properties":{"NAME":"檍仔林坑","FROM":""},"geometry":{"type":"MultiLineString","coordinates":[[[120.53724725021418,23.225057554048412],[120.53983688900684,23.223444190554048],[120.5396204157414,23.223055284430227],[120.54036548848762,23.222506615742606],[120.54015505665754,23.22157593023856],[120.54059499752005,23.220975640159335]],[[120.55019263291479,23.21916273777123],[120.55199358066437,23.219402588368673],[120.55346616591,23.21861886273858],[120.55405467998891,23.218846863248388]],[[120.5384819861196,23.214760306573524],[120.53963847551174,23.214495003875708],[120.54022060322929,23.215250676939235],[120.54076156730163,23.21497994433765]],[[120.54086280973867,23.21494648997924],[120.54229421389418,23.215296830628255],[120.54285831207616,23.21616289198146],[120.54492911025778,23.21602597268115],[120.54570808818562,23.216858714206747],[120.54634778090016,23.216621238082176],[120.55019263291479,23.21916273777123]],[[120.53838860781974,23.214317572008532],[120.5383873966317,23.214349495242786]],[[120.54046192604733,23.220443562967088],[120.54241521711346,23.220078469860496],[120.54309080278924,23.220843230360817],[120.5434428082876,23.220221070670487],[120.5440716638427,23.220516152905674],[120.54405710789706,23.220053333717228],[120.54501934248597,23.220423761726973],[120.54524783618842,23.21972227084676],[120.54626029306844,23.220003099647585]],[[120.5463494678984,23.219980186060692],[120.54812682816642,23.219258496649715],[120.55019263291479,23.21916273777123]],[[120.53838453983977,23.214424791519495],[120.5384819861196,23.214760306573524]],[[120.5540536517783,23.21884681932911],[120.55555026216467,23.220395883882993],[120.55564612827571,23.221080397340483]],[[120.53566206564227,23.227093693719414],[120.53554195542169,23.226355152495277]],[[120.5385064152183,23.21725714233859],[120.53889810997819,23.21889719853248],[120.53972556723352,23.219091471857563],[120.54046192604733,23.220443562967088]],[[120.5385064152183,23.21725714233859],[120.53931094722081,23.21818954440866]],[[120.5384819861196,23.214760306573524],[120.53799248853962,23.214919172242404],[120.53767475716349,23.216658764028246],[120.53826719743769,23.21670111256505],[120.5385064152183,23.21725714233859]],[[120.54059908292346,23.220928144858853],[120.54046192604733,23.220443562967088]],[[120.52834099445678,23.225640950829813],[120.5295030866905,23.226052970876317],[120.53009034503475,23.225470016788694],[120.53147480115926,23.226372552985985],[120.53554195542169,23.226355152495277]],[[120.53724725021418,23.225057554048412],[120.53699648550288,23.22663027582993],[120.53749620398847,23.22777625468692]],[[120.53554195542169,23.226355152495277],[120.53557732197798,23.225043670337055],[120.53724725021418,23.225057554048412]]]}},{"type":"Feature","properties":{"NAME":"甕仔坑","FROM":""},"geometry":{"type":"MultiLineString","coordinates":[[[120.55869280504004,23.280600170741945],[120.55814191698637,23.28165236718907],[120.55841723176158,23.282793390772415]],[[120.55805637963732,23.280613936058117],[120.55569457478751,23.278513641896268],[120.55506693776519,23.278385965142633],[120.554071169756,23.27916132476844]],[[120.55805637963732,23.280613936058117],[120.55634938373214,23.28186443262938],[120.55454571582143,23.28230256153595],[120.55367505589503,23.283784850956213],[120.55094202892231,23.28607521759728]],[[120.55978895124501,23.278562402788964],[120.55900637671598,23.279238856847563],[120.55869280504004,23.280600170741945]],[[120.55805637963732,23.280613936058117],[120.55869280504004,23.280600170741945]],[[120.55094202892231,23.28607521759728],[120.55003847944036,23.286263042982107],[120.54716367762036,23.28860265450325]],[[120.55094202892231,23.28607521759728],[120.54989943652807,23.287303892735142],[120.5501837771749,23.288748098790254]]]}},{"type":"Feature","properties":{"NAME":"舊生毛樹溪(大溪)","FROM":""},"geometry":{"type":"MultiLineString","coordinates":[[[120.64494161646668,23.568153154999415],[120.64490371451588,23.56763090625396],[120.64590218430862,23.56669054998727]],[[120.64698802927715,23.565563994076513],[120.6485579358263,23.565054073378903]],[[120.64587609810833,23.566640009031083],[120.6458541752401,23.56597421924032],[120.64690599980108,23.565568123648394]]]}},{"type":"Feature","properties":{"NAME":"舊虎尾溪","FROM":""},"geometry":{"type":"MultiLineString","coordinates":[[[120.34219046534245,23.684174295206194],[120.34022341078318,23.68338063372645]],[[120.19527405442373,23.66794167396587],[120.1952191131389,23.667821895417838]],[[120.34246694844518,23.68500390475889],[120.34219046534245,23.684174295206194]],[[120.39376706444794,23.684439302105794],[120.39565519456619,23.685084295121847]],[[120.39565519456619,23.685084295121847],[120.39571661284508,23.685088890112052]],[[120.39333986200842,23.68434088818454],[120.39368687947554,23.684412475434147]],[[120.34246694844518,23.68500390475889],[120.34316669743724,23.68575590219548]],[[120.20282561541494,23.66329337862117],[120.20259323262206,23.662462416599304]],[[120.29742321351864,23.677338133560283],[120.2974182149518,23.67745158393676]],[[120.18711028308991,23.673975228046036],[120.18753190884502,23.674376276415334]],[[120.20257343518196,23.662422558460314],[120.20250621067635,23.66228721542812]],[[120.29741582394902,23.677505851429792],[120.29737581605815,23.67841421315651]],[[120.18755559297672,23.674441168807856],[120.18773021371364,23.67474749150633]],[[120.1923770967406,23.671121874405515],[120.19249628210545,23.669789497853962],[120.1952967349555,23.66799112022145]],[[120.20307178141553,23.663924446041086],[120.20282561541494,23.66329337862117]],[[120.39695711256445,23.687628558838913],[120.39752324831649,23.68869726192094]],[[120.18778938321833,23.674711607064292],[120.18779918286964,23.674705663877923]],[[120.39569780567254,23.68516642924964],[120.39695711256445,23.687628558838913]],[[120.29737581605815,23.67841421315651],[120.29737281973071,23.67844037577468]],[[120.29736509119417,23.67850785788633],[120.29703181601775,23.67972520898812]],[[120.39565519456619,23.685084295121847],[120.39565995070139,23.68509346280084]],[[120.19800458717596,23.665642512803377],[120.19860734159958,23.66621221977299],[120.19742202214881,23.667248780004158]],[[120.1973885319782,23.667277651780733],[120.19606170651687,23.668316529125363]]]}},{"type":"Feature","properties":{"NAME":"雙溝","FROM":""},"geometry":{"type":"MultiLineString","coordinates":[[[120.39915631419319,23.175723245552827],[120.40130898303721,23.175414985451965]],[[120.40247701140267,23.17414843909322],[120.40508752961146,23.17738762580538]],[[120.39949922734928,23.176785285921248],[120.40089108958779,23.176453988116286]],[[120.39949922734928,23.176785285921248],[120.39960342392295,23.178099246859688]],[[120.39915631419319,23.175723245552827],[120.39949922734928,23.176785285921248]],[[120.39694095682509,23.171607500264052],[120.39997200477417,23.171683802913517],[120.40123179712774,23.17239251370204],[120.4016412629879,23.17359473076438],[120.40247701140267,23.17414843909322]],[[120.39694095682509,23.171607500264052],[120.39660531677752,23.172861205498513],[120.39832607111366,23.174214825322252],[120.39847546794083,23.175136229739387],[120.39915631419319,23.175723245552827]],[[120.38663322259907,23.164948255502082],[120.38665479721159,23.16472263461753]],[[120.39473586297302,23.16513766879066],[120.3918962126447,23.1643488127751],[120.3915973980007,23.163713513347624],[120.39037374062168,23.16383550920285],[120.38916626355923,23.16480844795705]],[[120.38665479721159,23.16472263461753],[120.38558552896994,23.164718758770775],[120.38540018481582,23.165374867234753]],[[120.39082854935958,23.16797201506619],[120.39111847307653,23.165993649530805],[120.38916626355923,23.16480844795705]],[[120.38663322259907,23.164948255502082],[120.38665479721159,23.16472263461753]],[[120.39389936771376,23.16937565453674],[120.3930077016514,23.168273280121518],[120.39238015102298,23.168848812895984],[120.39211103208528,23.168333246698772],[120.39082854935958,23.16797201506619]],[[120.38916626355923,23.16480844795705],[120.38663322259907,23.164948255502082]],[[120.39046345268834,23.169196236219907],[120.39068717871902,23.16905259899071]],[[120.39068717871902,23.16905259899071],[120.39082854935958,23.16797201506619]],[[120.3900723172334,23.16987416948859],[120.39046345268834,23.169196236219907]],[[120.39253825916082,23.17079943351669],[120.39389936771376,23.16937565453674]],[[120.39068717871902,23.16905259899071],[120.39046345268834,23.169196236219907]],[[120.39741113569377,23.177443588322678],[120.39691862793335,23.176288480871925],[120.3956845539768,23.17577845777278],[120.39387266869423,23.17376318320089],[120.39313763369206,23.173855314463772],[120.39325497365975,23.173293751114027],[120.39196317992692,23.171702409382927],[120.39253825916082,23.17079943351669]],[[120.39253825916082,23.17079943351669],[120.39345365969946,23.17134893668916]],[[120.39694095682509,23.171607500264052],[120.39605444800218,23.17093849265913],[120.39648718828944,23.17063083089619],[120.39608116570852,23.17004931587057],[120.39389936771376,23.16937565453674]],[[120.40247701140267,23.17414843909322],[120.40389808723094,23.17472228964436]]]}},{"type":"Feature","properties":{"NAME":"雙溪子坑","FROM":""},"geometry":{"type":"MultiLineString","coordinates":[[[120.42072783941208,23.184810147704432],[120.41983494916259,23.184147928720986],[120.41976068208281,23.183168066284583],[120.41921831347005,23.183089420500306]],[[120.42357315831121,23.183680223955054],[120.42312013678203,23.182938294370302]],[[120.41921831347005,23.183089420500306],[120.41947733313515,23.18272467185908]],[[120.42065243697877,23.182554988302133],[120.42108860208997,23.18302374514496]],[[120.41947733313515,23.18272467185908],[120.42065243697877,23.182554988302133]],[[120.42065243697877,23.182554988302133],[120.42099443990598,23.182091210926327]],[[120.41947733313515,23.18272467185908],[120.41900878798167,23.181619284833094]],[[120.41921831347005,23.183089420500306],[120.41784012061959,23.181211157809066]],[[120.4138219271761,23.188598057123503],[120.41346183569584,23.185105047128918]],[[120.42089528696903,23.187363512122623],[120.42449335408273,23.18736017365114],[120.4261648225572,23.185260005201382]],[[120.4095421817373,23.194112598698332],[120.40987617929345,23.193994175168225]],[[120.40802033784396,23.191218096576225],[120.40759241761384,23.190722263886855]],[[120.42033732821419,23.19450754690147],[120.4181579612562,23.191843356156618],[120.41792680558159,23.190729782069553],[120.41670815983201,23.189797794083713]],[[120.41769511121377,23.189595887673406],[120.41872212148665,23.190658107514086]],[[120.41670815983201,23.189797794083713],[120.41769511121377,23.189595887673406]],[[120.41112277089542,23.191965030366116],[120.41231810990841,23.18910732398252],[120.4138219271761,23.188598057123503]],[[120.4138219271761,23.188598057123503],[120.41541014587686,23.188691723492713],[120.41670815983201,23.189797794083713]],[[120.41769511121377,23.189595887673406],[120.41853559257655,23.188955574049217],[120.41925776919481,23.18932825994929],[120.41958455897465,23.188433321089857],[120.42112387772346,23.18810010183927]],[[120.42112387772346,23.18810010183927],[120.42183212724623,23.188089014305486],[120.42272827833419,23.188994903365806]],[[120.42112387772346,23.18810010183927],[120.42089528696903,23.187363512122623]],[[120.40944695309045,23.194356018464944],[120.4095421817373,23.194112598698332]],[[120.42089528696903,23.187363512122623],[120.42052197808276,23.187034937650502],[120.42096654301561,23.185596473640228],[120.42072783941208,23.184810147704432]],[[120.42072783941208,23.184810147704432],[120.42288302523458,23.184973430911832],[120.42357315831121,23.183680223955054]],[[120.42357315831121,23.183680223955054],[120.42558467830864,23.18366447480277],[120.4265921010864,23.18312163620655]]]}},{"type":"Feature","properties":{"NAME":"雞柔排溪","FROM":""},"geometry":{"type":"MultiLineString","coordinates":[[[120.61045690233472,23.371128761336653],[120.61256203171172,23.37196870916003],[120.61398435672788,23.373122257861592],[120.6149413711732,23.37286111113514]],[[120.60531427492178,23.370988652024327],[120.60671238734777,23.37082632749909]],[[120.60677145562701,23.37082359900997],[120.61039006645333,23.371120375222215]]]}},{"type":"Feature","properties":{"NAME":"鯉魚尾坑","FROM":""},"geometry":{"type":"MultiLineString","coordinates":[[[120.64615356708354,23.726697588071314],[120.64660912344245,23.72509493447348],[120.64599501031161,23.723838739731164],[120.64732025875051,23.72213004117272]],[[120.65016837571714,23.729032196529648],[120.64615356708354,23.726697588071314]],[[120.65016837571714,23.729032196529648],[120.64888118067479,23.73056604366521],[120.64775621796447,23.730801452913536]],[[120.64615356708354,23.726697588071314],[120.64299012034974,23.727063848534655]],[[120.65194906843098,23.728029471087265],[120.65016837571714,23.729032196529648]],[[120.64859014874683,23.73074535052797],[120.64836692496391,23.733797929975083]]]}},{"type":"Feature","properties":{"NAME":"鯉魚頭坑","FROM":""},"geometry":{"type":"MultiLineString","coordinates":[[[120.65485201295074,23.683048626921764],[120.65452913105023,23.68260551902417],[120.65495053735418,23.681876959584585],[120.65391530002026,23.68091786344722]],[[120.65388097971824,23.680847020246354],[120.65235893425576,23.679683088460013],[120.64993557348828,23.67974986970065]]]}},{"type":"Feature","properties":{"NAME":"騰崎仔腳溪","FROM":""},"geometry":{"type":"MultiLineString","coordinates":[[[120.54590375256132,23.584834168548163],[120.54591285024,23.58483262505609]],[[120.55091167315219,23.581426828938238],[120.55098724635161,23.578243359653825]],[[120.55098724635161,23.578243359653825],[120.5503151911712,23.577488216697986]],[[120.55098724635161,23.578243359653825],[120.55177137393882,23.575425450782145]],[[120.54594032263901,23.584827964145813],[120.54832171458075,23.583668399483404],[120.55091167315219,23.581426828938238]],[[120.55506361120112,23.579999635181498],[120.55502808428005,23.578334718993414],[120.55389015505914,23.57689460334651]],[[120.55091167315219,23.581426828938238],[120.55415769881557,23.581713148869625],[120.55506031942065,23.581065142544965],[120.55510939168603,23.580069767232448]]]}},{"type":"Feature","properties":{"NAME":"鹽水溪","FROM":""},"geometry":{"type":"MultiLineString","coordinates":[[[120.52311683673722,23.154692552333795],[120.52263646549517,23.154693515330944],[120.52130534711556,23.153028292497762],[120.52012076380748,23.150157653730233],[120.51866652409569,23.150399449112605],[120.51843469638182,23.15]],[[120.53889512006052,23.15],[120.54133291625509,23.152234076717892]]]}},{"type":"Feature","properties":{"NAME":"灣丘溪","FROM":""},"geometry":{"type":"MultiLineString","coordinates":[[[120.51967077165712,23.190286122836067],[120.52012783768689,23.19097369893133]],[[120.51911599073911,23.190097139724386],[120.51967077165712,23.190286122836067]],[[120.51911599073911,23.190097139724386],[120.51861544031748,23.191034760853583]],[[120.51967077165712,23.190286122836067],[120.52172352455698,23.189637485425262],[120.5233585036202,23.191023837528057]],[[120.51833328993123,23.188618492483887],[120.51857836398413,23.18984950906283],[120.51911599073911,23.190097139724386]],[[120.51741701381411,23.189356235320197],[120.51833328993123,23.188618492483887]],[[120.51838537597406,23.188401932953674],[120.51833328993123,23.188618492483887]],[[120.52126521579956,23.180831045152278],[120.52116948775351,23.180965020978352]],[[120.53929166979978,23.177109698865443],[120.53758492343242,23.177897265885008],[120.53720999414925,23.177160233934426],[120.53504505447604,23.176944144164505],[120.53334912746101,23.177496915521782],[120.53193957856352,23.1770549521728]],[[120.54621442176357,23.18527596117957],[120.54706480659536,23.185842748706794]],[[120.52009239648932,23.200880214919557],[120.52047628105568,23.198383738340766]],[[120.52047628105568,23.198383738340766],[120.52176421775127,23.198793917728196],[120.52128933052198,23.19914693532212],[120.52136260371996,23.200287212378512]],[[120.51853594193838,23.20224968447358],[120.5196152716341,23.201347603076517]],[[120.5196152716341,23.201347603076517],[120.52027925539566,23.20142408415599],[120.52053007527402,23.202090828103763],[120.52205884747038,23.20205247954583],[120.52255770805915,23.202464847073824]],[[120.51841988754376,23.186061073945048],[120.51766183238574,23.18786929607069],[120.51838537597406,23.188401932953674]],[[120.51838537597406,23.188401932953674],[120.5201767617367,23.188560708527323],[120.52088454316187,23.189215159229857]],[[120.52154337717265,23.18744056195045],[120.51960142873405,23.18594719789455],[120.51841988754376,23.186061073945048]],[[120.48985062564066,23.16818468256985],[120.49044824383405,23.167836643883184],[120.49193559422574,23.168073816043822],[120.49319214301337,23.169016828219668]],[[120.50859747653814,23.17034165231491],[120.50886874786305,23.16957943068742],[120.5096322120253,23.1692521336119],[120.51106847403967,23.16979148216818],[120.51152991300873,23.16942940610238]],[[120.55102014380297,23.169714002007193],[120.5502953515963,23.170852028612487],[120.5489098228291,23.171584060660376]],[[120.51820899744494,23.202797308255374],[120.51853594193838,23.20224968447358]],[[120.54881104648048,23.171697370339558],[120.54663354968861,23.173860190386943],[120.54503413944813,23.17472960334844],[120.54405740967108,23.174489852501882],[120.54387378840546,23.176785770386708],[120.54283365748418,23.17724814721107],[120.5417508164571,23.179760179892913]],[[120.50854191184024,23.170673339208626],[120.50859747653814,23.17034165231491]],[[120.51157050920033,23.171359705351783],[120.5099620493136,23.17120136226736],[120.50859747653814,23.17034165231491]],[[120.50532798781327,23.172702143974618],[120.50619116123795,23.17260543144661],[120.5073270850255,23.17090670710078],[120.50854191184024,23.170673339208626]],[[120.51056116444344,23.171735937766663],[120.50929660338191,23.171759222057897],[120.50854191184024,23.170673339208626]],[[120.5005880314757,23.173940596216546],[120.49892301761305,23.173987326707145]],[[120.49886952597252,23.173995501103327],[120.49708351294844,23.173900483093817]],[[120.49703156527734,23.173893002538232],[120.49531282541345,23.173188441367653],[120.4950190043707,23.17232291928708],[120.49409561728663,23.17219364926608],[120.49363740855006,23.171537561426035]],[[120.53193957856352,23.1770549521728],[120.5318521180562,23.17659642903956],[120.53279811314432,23.176407247612733],[120.53327757036945,23.175607218212612],[120.53558317046352,23.174110385027795],[120.53602672322755,23.171727779080445]],[[120.5012726669444,23.17231503904439],[120.50204474269606,23.17189750081097],[120.50434339703335,23.17213477485655],[120.50454839651876,23.172607217605318],[120.50532798781327,23.172702143974618]],[[120.50532798781327,23.172702143974618],[120.50658016326085,23.17345543101662],[120.50979401782364,23.172598258394366]],[[120.49976760497081,23.173339849384252],[120.50112797992428,23.173409481211177],[120.50448623490972,23.17592602745869]],[[120.5045112598054,23.175971008123753],[120.50495186325419,23.17650939839756],[120.50537721264237,23.176377499865133],[120.50521873597599,23.176824780148856]],[[120.50518633731663,23.17686919236097],[120.50464429673588,23.176932871175143]],[[120.50464429673588,23.176932871175143],[120.5015772703193,23.17566954138387]],[[120.50151616549002,23.17565111273742],[120.50101783747031,23.17549191235887]],[[120.50092744790763,23.175487667470463],[120.49840322438165,23.175288383434705],[120.4980072394668,23.174677644860875],[120.49372336424173,23.17510271947553]],[[120.49369470172162,23.17516849535718],[120.49305108703119,23.175163513388206],[120.49308183480399,23.17574152171893],[120.49219218365985,23.176002885717786],[120.49116615917714,23.175333718738596]],[[120.53193957856352,23.1770549521728],[120.531381512155,23.177279109936094],[120.53103779697624,23.176914659747545],[120.5309431269583,23.177354602166357],[120.52875511527905,23.177664272963128],[120.52738693005861,23.17906443446936],[120.52480294048408,23.180515229828817],[120.52420338568932,23.180375754189715],[120.52443401970324,23.179649513927288],[120.52318771836379,23.1789211731979],[120.52251032967239,23.179413565729924],[120.52287699658791,23.180098677435936],[120.52131074001251,23.180782737078584]],[[120.51902713257506,23.196338644804854],[120.51913925793359,23.197282611903546],[120.52047628105568,23.198383738340766]],[[120.5196152716341,23.201347603076517],[120.52007272369272,23.200932213767693]],[[120.50464429673588,23.176932871175143],[120.50704082826466,23.17831722164539],[120.50794480978897,23.17931777012396],[120.50809435678056,23.180993279946108],[120.5094584581109,23.181758178765673]],[[120.54989176734374,23.180308266442054],[120.550553416385,23.179440787121937],[120.55330431521259,23.178358165262473]],[[120.55338590521309,23.178340681683842],[120.55427456506057,23.178103099383375]],[[120.51445735861049,23.178396183103875],[120.51563868820894,23.179344923748545]],[[120.56204089934548,23.179352673202487],[120.56049939111729,23.17981349120312],[120.55871613623081,23.17947669864704]],[[120.55864944277683,23.179500274391927],[120.55760955405822,23.179852899691337],[120.55712500853323,23.179449712483898],[120.55546832324217,23.17951849199579]],[[120.55540234142369,23.179466747323026],[120.55376810855768,23.179185388029172],[120.55306064708041,23.17961409160631]],[[120.55300464678405,23.179654126364067],[120.55061108045858,23.18068280069053],[120.54989176734374,23.180308266442054]],[[120.53051698479702,23.18324068442818],[120.53213503293674,23.18270808358755],[120.53275029715911,23.18146149131036],[120.53586487416933,23.17942971616004],[120.53689870772818,23.179378498982775]],[[120.5417508164571,23.179760179892913],[120.54256512179707,23.179930285895487]],[[120.54259999322944,23.179988495210583],[120.54340714907117,23.179947460938322],[120.5436273181763,23.18048308123214],[120.54537427267206,23.180943741240817],[120.54989176734374,23.180308266442054]],[[120.53577889812229,23.18487233405197],[120.53665916477439,23.18305513155642]],[[120.53666333779528,23.182995051413563],[120.53893547083614,23.18220398216219],[120.53997378679682,23.180242888511426],[120.5417508164571,23.179760179892913]],[[120.5184583615797,23.180654477527575],[120.51842486906358,23.180477540699435]],[[120.51847008765513,23.18045587140702],[120.52116948775351,23.180965020978352]],[[120.52116948775351,23.180965020978352],[120.52113720828127,23.181028135903162]],[[120.5161717523406,23.18341759155593],[120.51739368318898,23.181910997643136],[120.51712135056377,23.181223903879463]],[[120.52524535915394,23.184146484020168],[120.52460064931569,23.18376761919318],[120.5247468657807,23.18269803946912],[120.52420329622964,23.181829594157577]],[[120.52182887927741,23.183438934556463],[120.5230618999698,23.183158119946125],[120.52417379261252,23.184389418436137],[120.52524535915394,23.184146484020168]],[[120.52645036917372,23.184456988425335],[120.52682147941046,23.183812459699304],[120.5264954563145,23.18342324981442]],[[120.5161717523406,23.18341759155593],[120.51611647126583,23.183407469057013]],[[120.51605920974218,23.18340596038666],[120.51415241707976,23.1843347258376]],[[120.51841988754376,23.186061073945048],[120.51792592157503,23.184549338023974],[120.51710824655008,23.183996071193608],[120.51678010995302,23.18441272785651],[120.5167103062618,23.18359982189529],[120.5161717523406,23.18341759155593]],[[120.53577889812229,23.18487233405197],[120.5396912264931,23.184007653550886],[120.54144387701733,23.1845489042093]],[[120.54151798986261,23.184567126762083],[120.54277480915749,23.18530064318654],[120.54573705488568,23.184746362365022],[120.54621442176357,23.18527596117957]],[[120.52645036917372,23.184456988425335],[120.52524535915394,23.184146484020168]],[[120.52630463090681,23.184578461556306],[120.52645036917372,23.184456988425335]],[[120.52621388917309,23.184968719949275],[120.52630463090681,23.184578461556306]],[[120.53524955265046,23.18497464717238],[120.53577889812229,23.18487233405197]],[[120.54621442176357,23.18527596117957],[120.54778451417043,23.184925973656956]],[[120.52012783768689,23.19097369893133],[120.52177984819548,23.192263029821863]],[[120.52012783768689,23.19097369893133],[120.52077949336406,23.194490461153972],[120.51979880298119,23.194963880306585],[120.51902713257506,23.196338644804854]]]}},{"type":"Feature","properties":{"NAME":"灣坑","FROM":""},"geometry":{"type":"LineString","coordinates":[[120.54162373566331,23.586745406047463],[120.54247890598324,23.586321065752912],[120.54363061002665,23.586510149254423],[120.54376574478063,23.585852194504557],[120.54493015698311,23.585716334584852],[120.54590375256132,23.584834168548163]]}},{"type":"Feature","properties":{"NAME":"灣潭溪","FROM":""},"geometry":{"type":"MultiLineString","coordinates":[[[120.58927026737973,23.42472059601233],[120.59108713023166,23.423535798975458],[120.59256477446294,23.420893209528447],[120.59370992624652,23.419782047686535]],[[120.58930226627469,23.425119085451467],[120.59096174996827,23.42511046698714],[120.59277805128258,23.425815806670787],[120.59445610797036,23.425425057151873]],[[120.59370992624652,23.419782047686535],[120.59734326009963,23.419827308581926],[120.5985785217786,23.41908169356248],[120.59927784654285,23.419304715602433]],[[120.59370992624652,23.419782047686535],[120.59344985661058,23.418785085523414],[120.59429341983038,23.41737405064601]],[[120.54854962646134,23.43060074552406],[120.5486468414436,23.43238498039269]],[[120.55834897758999,23.428143787610487],[120.56029234482692,23.427972623266932],[120.56126919034641,23.427227067685383],[120.56265176473333,23.427850001314585],[120.56378415300624,23.427414880313485],[120.56769807024078,23.42853882762841]],[[120.55694875432997,23.42822041964383],[120.55831499700932,23.428131538722614]],[[120.55519975118087,23.427986923561388],[120.55691845671403,23.428257410100144]],[[120.54795716566755,23.43069325318374],[120.54932992927452,23.429554175424062],[120.54867681462984,23.42904280492115],[120.54890000128066,23.428443825466772],[120.55197407311456,23.428109987647538],[120.55334219928548,23.427476899324283],[120.5551488373772,23.427971440700563]],[[120.57201077563599,23.427173575456717],[120.57233185999948,23.421957594096103]],[[120.58668203431728,23.42530058166796],[120.58693586467989,23.424077905760278],[120.58767821408487,23.424012744024857],[120.58725592666225,23.42365074061896],[120.5873494482831,23.42259636481464]],[[120.5719291912597,23.427592685126587],[120.57197362540349,23.427509692337082]],[[120.5719798854706,23.427469369790174],[120.5720075983042,23.42722705041922]],[[120.58734183139389,23.422562168310563],[120.58756645507435,23.421381450933303],[120.58863784801136,23.420173871772466],[120.58892444084371,23.41862006267018]]]}},{"type":"Feature","properties":{"NAME":"灣橋排水溝","FROM":""},"geometry":{"type":"MultiLineString","coordinates":[[[120.50387439304555,23.49346898862414],[120.50285709665445,23.492831098201815],[120.50302539035522,23.492206476299113]],[[120.50102070908322,23.48839449822461],[120.5012753411845,23.487884099135602]],[[120.50298415561905,23.492121721269864],[120.50106680307454,23.489026098617366]],[[120.50392276571421,23.49336278747414],[120.50458929103515,23.492157764465755],[120.5061316249505,23.49159910568896],[120.50608156518898,23.490752256702166]],[[120.5050417630999,23.481298937170322],[120.50564579992822,23.4815917593316]],[[120.50258700121911,23.48305677357449],[120.50255098135214,23.48193410146908],[120.5017913056059,23.481263262162322],[120.5034192112423,23.480892719727592],[120.50500233864909,23.48129581705066]],[[120.50326280622615,23.48361791208442],[120.5029433221899,23.483163559560232]],[[120.50329882320203,23.48377048602181],[120.50327497321119,23.4836475389105]],[[120.50335829342235,23.484374190472927],[120.50333971274364,23.48398127185713]],[[120.50295814556776,23.485385743098607],[120.50381723555938,23.485215692353798],[120.50348653151053,23.484707666945372]],[[120.50198218765078,23.486187290199773],[120.50277307960383,23.48629034137172],[120.50236682636867,23.485874871835065],[120.50262441041099,23.485420076869183]],[[120.50181427944759,23.4869158070494],[120.50182817186803,23.486589899297726]],[[120.50106702394027,23.48902682035022],[120.50102075800814,23.488394324300533]],[[120.50326481913112,23.49567033070693],[120.50439298117928,23.49468592489056],[120.50387439304555,23.49346898862414]],[[120.49983966201748,23.49823697610134],[120.50085692385889,23.497536373211172],[120.50322555699461,23.497021155446387],[120.50325531781426,23.49571581409322]],[[120.50603680086004,23.490659402794634],[120.5074565075242,23.489584755125435],[120.50684911126989,23.48841442417117],[120.50772788967743,23.486552247406223]],[[120.50387439304555,23.49346898862414],[120.5039022499372,23.49340782944878]],[[120.50163826186498,23.487514191569126],[120.50186846813385,23.487064182254336]],[[120.50128123227445,23.487873035338446],[120.50133708566425,23.487782464967253]],[[120.50186840933056,23.487063681419873],[120.50181496426852,23.48691731381117]],[[120.5012753499249,23.487884082720612],[120.50128089594529,23.487873666983457]],[[120.5013372707334,23.48778230126921],[120.50163805983959,23.48751450541294]],[[120.50348647796089,23.484707607533167],[120.50335824632835,23.48437435243591]],[[120.50182800415753,23.486590408209686],[120.50198248239515,23.486186910695704]],[[120.50262475282354,23.48541987627351],[120.5029584570951,23.485385814274416]],[[120.50294334018278,23.48316357533918],[120.50258659767564,23.483056654398478]],[[120.5033397642643,23.4839815374461],[120.50329876778885,23.483770200366102]],[[120.50327523611612,23.483648894191063],[120.50326285563366,23.4836180032066]]]}},{"type":"Feature","properties":{"NAME":"觀石溪","FROM":""},"geometry":{"type":"MultiLineString","coordinates":[[[120.58728962662805,23.371421723694194],[120.58802526317925,23.372705721350535]],[[120.58728962662805,23.371421723694194],[120.58846572368265,23.370490050778784]],[[120.57747560338157,23.370698166095185],[120.57988965083334,23.3705842505186],[120.5817789974565,23.371526022405565],[120.58404538531224,23.371889773012928],[120.58712772658188,23.37142720230368]],[[120.58719015007372,23.371427485225322],[120.58728962662805,23.371421723694194]],[[120.57723817785659,23.367227063962705],[120.58076508109234,23.363111900235687],[120.58289081001034,23.363784660872465]],[[120.57723817785659,23.367227063962705],[120.57696667612042,23.36583089544289],[120.57591967721017,23.36542761139083]],[[120.57174794390134,23.374455467799613],[120.57233556103705,23.373353511721483]],[[120.57160923922729,23.374713875142287],[120.57161046391225,23.374513489417406]],[[120.57421689241782,23.374969024921743],[120.57538923927312,23.373934695276162]],[[120.57552430065867,23.377249872097767],[120.57647765240225,23.379404745579155]],[[120.57160022857025,23.374447608813696],[120.57129417609164,23.37350716251157]],[[120.57160923922729,23.374713875142287],[120.57172281191203,23.374516695119734]],[[120.56817408329732,23.377367733419817],[120.5675271816456,23.375878841272872]],[[120.56713559895358,23.378046391711013],[120.56905045306512,23.380360140943157]],[[120.5725680591827,23.37828996253719],[120.5729246109894,23.379140580526105]],[[120.57113246156635,23.376193939604466],[120.57252742669174,23.37704392340962],[120.5725489879479,23.37823443649029]],[[120.57654987486454,23.37654442627356],[120.58223840466508,23.37582239514207]],[[120.57536191389237,23.37643085953415],[120.57648335664048,23.376521625614057]],[[120.56751930171583,23.375816683169464],[120.56791172838925,23.37471234994205]],[[120.57536191389237,23.37643085953415],[120.57551780721212,23.377195402867706]],[[120.57544799028219,23.373905357161693],[120.57562788546812,23.373794852304226]],[[120.57386345885249,23.37526787662429],[120.57536191389237,23.37643085953415]],[[120.57178475126624,23.375748293797912],[120.57160923922729,23.374713875142287]],[[120.57747560338157,23.370698166095185],[120.57723817785659,23.367227063962705]],[[120.57746240576122,23.370893282050144],[120.57747560338157,23.370698166095185]]]}}]}